image_path,class_id,class_name,gt_bbox,area,area_bin,brightness,contrast,local_std,is_dark,is_low_contrast,tile_position,touches_tile_border,original_status,transform_name,recovered,recovered_iou,recovered_conf,predicted_class_after_transform,before_iou,before_conf,iou_gain,conf_gain,notes
E:\TJGY\MinPaper\MyAutoAugument\outputs\datasets\tiled\tiled_1024_ov20_full_safe_no_ok_position\images\val\105acebc-2025-05-09-18-24-19ps5_tile_0000.jpg,7,碰伤,"[912.9993896484375, 569.9989013671875, 931.0013427734375, 578.998779296875]",162.01538062095642,tiny,33.98765432098765,11.577429966155993,11.577429966155993,True,True,edge,False,FN,clahe_clip2,False,0.33743980526924133,0.8883265256881714,7,0.3009812533855438,0.9500972628593445,0.03645855188369751,-0.061770737171173096,clahe clip_limit=2.0 tile=8
E:\TJGY\MinPaper\MyAutoAugument\outputs\datasets\tiled\tiled_1024_ov20_full_safe_no_ok_position\images\val\13d91ebd-2025-04-13-11-32-17ps5_tile_0010.jpg,7,碰伤,"[525.0022583007812, 711.0015869140625, 550.0011596679688, 735.0010986328125]",599.9614263176918,tiny,31.981666666666666,9.476884010873803,9.476884010873803,True,True,center,False,FN,clahe_clip2,False,,,,0.0,0.837761402130127,0.0,-0.837761402130127,clahe clip_limit=2.0 tile=8
E:\TJGY\MinPaper\MyAutoAugument\outputs\datasets\tiled\tiled_1024_ov20_full_safe_no_ok_position\images\val\182e7d02-2025-04-22-16-40-10ps5_NGyuan_tile_0001.jpg,7,碰伤,"[494.002197265625, 576.0, 531.0013427734375, 586.0003662109375]",370.0050045698881,tiny,40.229729729729726,15.822279277922496,15.822279277922496,True,True,center,False,FN,clahe_clip2,False,0.09018060564994812,0.7752948999404907,7,0.0,0.8648220896720886,0.09018060564994812,-0.0895271897315979,clahe clip_limit=2.0 tile=8
E:\TJGY\MinPaper\MyAutoAugument\outputs\datasets\tiled\tiled_1024_ov20_full_safe_no_ok_position\images\val\182e7d02-2025-04-22-16-40-10ps5_NGyuan_tile_0007.jpg,12,锡膏,"[311.99896240234375, 112.99890899658203, 425.9998779296875, 240.99993896484375]",14592.2346048248,medium,80.68414199561404,25.61158079643109,25.61158079643109,False,False,edge,False,FN,clahe_clip2,False,,,,,,0.0,0.0,clahe clip_limit=2.0 tile=8
E:\TJGY\MinPaper\MyAutoAugument\outputs\datasets\tiled\tiled_1024_ov20_full_safe_no_ok_position\images\val\2025-05-10-15-39-23ps5_tile_0007.jpg,4,油污,"[15.00006103515625, 628.000244140625, 304.99993896484375, 725.000732421875]",28130.129760682583,medium,54.22619978670458,15.326970402266443,15.326970402266443,True,True,edge,False,FN,clahe_clip2,False,0.0,0.914146900177002,4,0.1353103369474411,0.5343640446662903,-0.1353103369474411,0.37978285551071167,clahe clip_limit=2.0 tile=8
E:\TJGY\MinPaper\MyAutoAugument\outputs\datasets\tiled\tiled_1024_ov20_full_safe_no_ok_position\images\val\2025-05-10-15-39-23ps5_tile_0012.jpg,4,油污,"[15.00006103515625, 569.0004272460938, 304.99993896484375, 666.0009155273438]",28130.129760682583,medium,54.22321365090651,15.3365902471285,15.3365902471285,True,True,edge,False,FN,clahe_clip2,False,0.17081740498542786,0.4314355254173279,4,0.14986126124858856,0.9171929359436035,0.020956143736839294,-0.48575741052627563,clahe clip_limit=2.0 tile=8
E:\TJGY\MinPaper\MyAutoAugument\outputs\datasets\tiled\tiled_1024_ov20_full_safe_no_ok_position\images\val\2025-05-10-15-40-40ps5_tile_0005.jpg,4,油污,"[359.9989929199219, 440.0005187988281, 402.0003967285156, 532.0007934570312]",3864.140686420724,small,34.52329192546584,26.149523784041858,26.149523784041858,True,False,center,False,FN,clahe_clip2,False,,,,,,0.0,0.0,clahe clip_limit=2.0 tile=8
E:\TJGY\MinPaper\MyAutoAugument\outputs\datasets\tiled\tiled_1024_ov20_full_safe_no_ok_position\images\val\2025-05-10-15-40-40ps5_tile_0006.jpg,4,油污,"[66.00038146972656, 801.9993286132812, 299.999755859375, 866.9998168945312]",15210.073592834175,medium,28.58500986193294,14.81777230950077,14.81777230950077,True,True,corner,False,FN,clahe_clip2,False,,,,,,0.0,0.0,clahe clip_limit=2.0 tile=8
E:\TJGY\MinPaper\MyAutoAugument\outputs\datasets\tiled\tiled_1024_ov20_full_safe_no_ok_position\images\val\2025-05-10-15-40-40ps5_tile_0007.jpg,6,漏背锡,"[551.99951171875, 300.00128173828125, 830.99853515625, 412.000244140625]",31247.601136267185,medium,87.3754160266257,51.00135128257115,51.00135128257115,False,False,center,False,FN,clahe_clip2,False,,,,,,0.0,0.0,clahe clip_limit=2.0 tile=8
E:\TJGY\MinPaper\MyAutoAugument\outputs\datasets\tiled\tiled_1024_ov20_full_safe_no_ok_position\images\val\2025-05-10-15-40-40ps5_tile_0010.jpg,4,油污,"[359.9989929199219, 380.99969482421875, 402.0003967285156, 472.99993896484375]",3864.1394046396017,small,34.53933747412008,26.137962230065977,26.137962230065977,True,False,center,False,FN,clahe_clip2,False,,,,,,0.0,0.0,clahe clip_limit=2.0 tile=8
E:\TJGY\MinPaper\MyAutoAugument\outputs\datasets\tiled\tiled_1024_ov20_full_safe_no_ok_position\images\val\2025-05-10-15-40-40ps5_tile_0010.jpg,4,油污,"[357.00018310546875, 160.0, 403.999755859375, 267.9992370605469]",5075.917999593541,small,44.630220646178095,27.09347754794195,27.09347754794195,True,False,center,False,FN,clahe_clip2,False,,,,,,0.0,0.0,clahe clip_limit=2.0 tile=8
E:\TJGY\MinPaper\MyAutoAugument\outputs\datasets\tiled\tiled_1024_ov20_full_safe_no_ok_position\images\val\2025-05-10-15-40-40ps5_tile_0012.jpg,6,漏背锡,"[551.99951171875, 241.00146484375, 830.99853515625, 353.00042724609375]",31247.601136267185,medium,87.37426395289299,51.00970071261489,51.00970071261489,False,False,center,False,FN,clahe_clip2,False,,,,,,0.0,0.0,clahe clip_limit=2.0 tile=8
E:\TJGY\MinPaper\MyAutoAugument\outputs\datasets\tiled\tiled_1024_ov20_full_safe_no_ok_position\images\val\2025-05-16-16-13-18ps5_tile_0006.jpg,3,开裂,"[632.9978637695312, 607.0006103515625, 825.9993286132812, 713.0009765625]",20458.22595268488,medium,54.9853358099521,35.48760494371061,35.48760494371061,True,False,center,False,FN,clahe_clip2,False,,,8,,,0.0,0.0,clahe clip_limit=2.0 tile=8
E:\TJGY\MinPaper\MyAutoAugument\outputs\datasets\tiled\tiled_1024_ov20_full_safe_no_ok_position\images\val\2025-05-16-16-13-18ps5_tile_0006.jpg,7,碰伤,"[877.9985961914062, 616.00048828125, 898.9998168945312, 624.0]",167.99951112270355,tiny,36.892857142857146,13.2718982181497,13.2718982181497,True,True,edge,False,FN,clahe_clip2,False,,,8,,,0.0,0.0,clahe clip_limit=2.0 tile=8
E:\TJGY\MinPaper\MyAutoAugument\outputs\datasets\tiled\tiled_1024_ov20_full_safe_no_ok_position\images\val\2025-05-16-16-13-18ps5_tile_0007.jpg,7,碰伤,"[234.0009002685547, 616.0005493164062, 269.00018310546875, 626.0009155273438]",350.00564548932016,tiny,35.331428571428575,10.488572596022816,10.488572596022816,True,True,center,False,FN,clahe_clip2,False,,,,,,0.0,0.0,clahe clip_limit=2.0 tile=8
E:\TJGY\MinPaper\MyAutoAugument\outputs\datasets\tiled\tiled_1024_ov20_full_safe_no_ok_position\images\val\2025-05-16-16-13-18ps5_tile_0011.jpg,3,开裂,"[632.9978637695312, 548.0007934570312, 825.9993286132812, 654.0011596679688]",20458.22595268488,medium,54.97976341773389,35.4759722846913,35.4759722846913,True,False,center,False,FN,clahe_clip2,False,,,8,,,0.0,0.0,clahe clip_limit=2.0 tile=8
E:\TJGY\MinPaper\MyAutoAugument\outputs\datasets\tiled\tiled_1024_ov20_full_safe_no_ok_position\images\val\2025-05-16-16-13-18ps5_tile_0012.jpg,7,碰伤,"[234.0009002685547, 557.000732421875, 269.00018310546875, 567.0010986328125]",350.00564548932016,tiny,35.25714285714286,10.521658905441146,10.521658905441146,True,True,center,False,FN,clahe_clip2,False,0.0,0.6382220387458801,7,0.0,0.7078184485435486,0.0,-0.06959640979766846,clahe clip_limit=2.0 tile=8
E:\TJGY\MinPaper\MyAutoAugument\outputs\datasets\tiled\tiled_1024_ov20_full_safe_no_ok_position\images\val\2025-05-16-16-19-14ps5_tile_0008.jpg,9,轮廓划伤,"[520.9989624023438, 608.0, 567.9984741210938, 710.0006103515625]",4793.978881537914,small,38.24238631622862,9.342376873848142,9.342376873848142,True,True,center,False,FN,clahe_clip2,False,,,1,0.0,0.9271972179412842,0.0,-0.9271972179412842,clahe clip_limit=2.0 tile=8
E:\TJGY\MinPaper\MyAutoAugument\outputs\datasets\tiled\tiled_1024_ov20_full_safe_no_ok_position\images\val\2025-05-16-16-19-14ps5_tile_0009.jpg,9,轮廓划伤,"[405.99859619140625, 608.0, 452.9981689453125, 710.0006103515625]",4793.985107161105,small,38.23091364205256,9.312466003703815,9.312466003703815,True,True,center,False,FN,clahe_clip2,False,,,1,0.0,0.6587848663330078,0.0,-0.6587848663330078,clahe clip_limit=2.0 tile=8
E:\TJGY\MinPaper\MyAutoAugument\outputs\datasets\tiled\tiled_1024_ov20_full_safe_no_ok_position\images\val\2025-05-16-16-19-14ps5_tile_0013.jpg,9,轮廓划伤,"[520.9989624023438, 549.0001831054688, 567.9984741210938, 651.0007934570312]",4793.978881537914,small,38.23967459324155,9.34134155542688,9.34134155542688,True,True,center,False,FN,clahe_clip2,False,,,1,0.0,0.7647011280059814,0.0,-0.7647011280059814,clahe clip_limit=2.0 tile=8
E:\TJGY\MinPaper\MyAutoAugument\outputs\datasets\tiled\tiled_1024_ov20_full_safe_no_ok_position\images\val\2025-05-16-16-19-14ps5_tile_0014.jpg,9,轮廓划伤,"[405.99859619140625, 549.0001831054688, 452.9981689453125, 651.0007934570312]",4793.985107161105,small,38.253650396328744,9.366384219178354,9.366384219178354,True,True,center,False,FN,clahe_clip2,False,,,1,0.0,0.770592987537384,0.0,-0.770592987537384,clahe clip_limit=2.0 tile=8
E:\TJGY\MinPaper\MyAutoAugument\outputs\datasets\tiled\tiled_1024_ov20_full_safe_no_ok_position\images\val\2025-05-16-16-24-29ps5_tile_0003.jpg,8,脏污,"[76.99866485595703, 511.0010681152344, 273.9978332519531, 560.00048828125]",9652.845024591079,small,42.01906143167927,14.004625823723606,14.004625823723606,True,True,edge,False,FN,clahe_clip2,False,,,,,,0.0,0.0,clahe clip_limit=2.0 tile=8
E:\TJGY\MinPaper\MyAutoAugument\outputs\datasets\tiled\tiled_1024_ov20_full_safe_no_ok_position\images\val\2025-05-16-16-24-46ps5_tile_0000.jpg,8,脏污,"[506.998291015625, 682.9998168945312, 540.9981689453125, 719.9989624023438]",1257.9664307683706,small,64.9785373608903,29.119271484492103,29.119271484492103,False,False,center,False,FN,clahe_clip2,False,0.007407827768474817,0.5377429127693176,8,0.00951562449336052,0.5130482316017151,-0.002107796724885702,0.02469468116760254,clahe clip_limit=2.0 tile=8
E:\TJGY\MinPaper\MyAutoAugument\outputs\datasets\tiled\tiled_1024_ov20_full_safe_no_ok_position\images\val\2025-05-16-17-11-45ps5_tile_0000.jpg,7,碰伤,"[498.998779296875, 856.9999389648438, 522.998291015625, 880.0010375976562]",552.0151361823082,tiny,56.77355072463768,27.305792964522016,27.305792964522016,True,False,edge,False,FN,clahe_clip2,False,,,,,,0.0,0.0,clahe clip_limit=2.0 tile=8
E:\TJGY\MinPaper\MyAutoAugument\outputs\datasets\tiled\tiled_1024_ov20_full_safe_no_ok_position\images\val\2025-05-16-17-11-45ps5_tile_0005.jpg,7,碰伤,"[498.998779296875, 38.000640869140625, 522.998291015625, 61.00172424316406]",552.0147699788213,tiny,56.75,27.3048245192857,27.3048245192857,True,False,edge,False,FN,clahe_clip2,False,,,8,0.0,0.8368571400642395,0.0,-0.8368571400642395,clahe clip_limit=2.0 tile=8
E:\TJGY\MinPaper\MyAutoAugument\outputs\datasets\tiled\tiled_1024_ov20_full_safe_no_ok_position\images\val\2025-05-16-17-11-45ps5_tile_0006.jpg,4,油污,"[90.00088500976562, 603.0003051757812, 226.00140380859375, 634.9993286132812]",4351.8837885558605,small,35.973805147058826,14.415089668580242,14.415089668580242,True,True,edge,False,FN,clahe_clip2,True,0.5744924545288086,0.6120966076850891,4,0.0,0.9706906676292419,0.5744924545288086,-0.35859405994415283,clahe clip_limit=2.0 tile=8
E:\TJGY\MinPaper\MyAutoAugument\outputs\datasets\tiled\tiled_1024_ov20_full_safe_no_ok_position\images\val\2025-05-16-17-11-45ps5_tile_0007.jpg,4,油污,"[63.00160217285156, 655.0005493164062, 455.0010986328125, 732.0012817382812]",30184.24833642319,medium,36.6937781606149,14.713793279782761,14.713793279782761,True,True,center,False,FN,clahe_clip2,False,,,6,,,0.0,0.0,clahe clip_limit=2.0 tile=8
E:\TJGY\MinPaper\MyAutoAugument\outputs\datasets\tiled\tiled_1024_ov20_full_safe_no_ok_position\images\val\2025-05-16-17-11-45ps5_tile_0011.jpg,4,油污,"[90.00088500976562, 544.00048828125, 226.00140380859375, 575.99951171875]",4351.8837885558605,small,35.9967830882353,14.42663325257906,14.42663325257906,True,True,edge,False,FN,clahe_clip2,False,,,7,0.0,0.4782649278640747,0.0,-0.4782649278640747,clahe clip_limit=2.0 tile=8
E:\TJGY\MinPaper\MyAutoAugument\outputs\datasets\tiled\tiled_1024_ov20_full_safe_no_ok_position\images\val\2025-05-16-17-11-45ps5_tile_0011.jpg,7,碰伤,"[514.9993286132812, 555.0008544921875, 544.0010375976562, 570.0003662109375]",435.01147377491,tiny,47.777011494252875,10.270297549656902,10.270297549656902,True,True,center,False,FN,clahe_clip2,False,0.0,0.44161540269851685,7,0.0,0.8992533087730408,0.0,-0.4576379060745239,clahe clip_limit=2.0 tile=8
E:\TJGY\MinPaper\MyAutoAugument\outputs\datasets\tiled\tiled_1024_ov20_full_safe_no_ok_position\images\val\2025-05-16-17-11-45ps5_tile_0012.jpg,4,油污,"[63.00160217285156, 596.000732421875, 455.0010986328125, 673.00146484375]",30184.24833642319,medium,36.6912602703419,14.718103705245113,14.718103705245113,True,True,center,False,FN,clahe_clip2,False,,,8,,,0.0,0.0,clahe clip_limit=2.0 tile=8
E:\TJGY\MinPaper\MyAutoAugument\outputs\datasets\tiled\tiled_1024_ov20_full_safe_no_ok_position\images\val\2025-05-19-17-19-55ps5_NGyuan_tile_0003.jpg,9,轮廓划伤,"[356.9981384277344, 562.0003662109375, 386.9992980957031, 649.9998779296875]",2640.087401777506,small,30.10909090909091,8.369963022124741,8.369963022124741,True,True,center,False,FN,clahe_clip2,False,,,7,0.0,0.9622868895530701,0.0,-0.9622868895530701,clahe clip_limit=2.0 tile=8
E:\TJGY\MinPaper\MyAutoAugument\outputs\datasets\tiled\tiled_1024_ov20_full_safe_no_ok_position\images\val\2025-05-19-17-19-55ps5_NGyuan_tile_0003.jpg,7,碰伤,"[495.0010681152344, 654.0001220703125, 527.0020751953125, 715.999267578125]",1984.0350943543017,small,20.97328629032258,8.269392657632261,8.269392657632261,True,True,center,False,FN,clahe_clip2,False,0.0,0.3258891999721527,7,,,0.0,0.3258891999721527,clahe clip_limit=2.0 tile=8
E:\TJGY\MinPaper\MyAutoAugument\outputs\datasets\tiled\tiled_1024_ov20_full_safe_no_ok_position\images\val\2025-05-19-17-19-55ps5_NGyuan_tile_0004.jpg,9,轮廓划伤,"[292.0018005371094, 645.9990844726562, 317.0017395019531, 696.9994506835938]",1275.006042458117,small,29.054901960784314,10.289463747254985,10.289463747254985,True,True,center,False,FN,clahe_clip2,False,,,7,,,0.0,0.0,clahe clip_limit=2.0 tile=8
E:\TJGY\MinPaper\MyAutoAugument\outputs\datasets\tiled\tiled_1024_ov20_full_safe_no_ok_position\images\val\2025-05-19-17-19-55ps5_NGyuan_tile_0004.jpg,9,轮廓划伤,"[241.99783325195312, 562.0003662109375, 271.9989929199219, 649.9998779296875]",2640.087401777506,small,30.121969696969696,8.38199562549089,8.38199562549089,True,True,center,False,FN,clahe_clip2,False,,,7,,,0.0,0.0,clahe clip_limit=2.0 tile=8
E:\TJGY\MinPaper\MyAutoAugument\outputs\datasets\tiled\tiled_1024_ov20_full_safe_no_ok_position\images\val\2025-05-19-17-19-55ps5_NGyuan_tile_0007.jpg,9,轮廓划伤,"[956.9996948242188, 613.9996337890625, 984.9978637695312, 679.0010986328125]",1819.9219943881035,small,48.77582417582418,12.206612697693961,12.206612697693961,True,True,edge,False,FN,clahe_clip2,False,,,12,,,0.0,0.0,clahe clip_limit=2.0 tile=8
E:\TJGY\MinPaper\MyAutoAugument\outputs\datasets\tiled\tiled_1024_ov20_full_safe_no_ok_position\images\val\2025-05-19-17-19-55ps5_NGyuan_tile_0008.jpg,9,轮廓划伤,"[137.99935913085938, 613.9996337890625, 165.99755859375, 679.0010986328125]",1819.923978075385,small,48.792307692307695,12.231321087833361,12.231321087833361,True,True,edge,False,FN,clahe_clip2,False,,,1,,,0.0,0.0,clahe clip_limit=2.0 tile=8
E:\TJGY\MinPaper\MyAutoAugument\outputs\datasets\tiled\tiled_1024_ov20_full_safe_no_ok_position\images\val\2025-05-19-17-19-55ps5_NGyuan_tile_0009.jpg,9,轮廓划伤,"[23.000064849853516, 613.9996337890625, 50.99827194213867, 679.0010986328125]",1819.9244739972055,small,48.74230769230769,12.227561694967093,12.227561694967093,True,True,edge,False,FN,clahe_clip2,False,,,,,,0.0,0.0,clahe clip_limit=2.0 tile=8
E:\TJGY\MinPaper\MyAutoAugument\outputs\datasets\tiled\tiled_1024_ov20_full_safe_no_ok_position\images\val\2025-05-19-17-19-55ps5_NGyuan_tile_0012.jpg,9,轮廓划伤,"[956.9996948242188, 554.9998168945312, 984.9978637695312, 620.0012817382812]",1819.9219943881035,small,48.77967032967033,12.216918727241366,12.216918727241366,True,True,edge,False,FN,clahe_clip2,False,,,12,,,0.0,0.0,clahe clip_limit=2.0 tile=8
E:\TJGY\MinPaper\MyAutoAugument\outputs\datasets\tiled\tiled_1024_ov20_full_safe_no_ok_position\images\val\2025-05-19-17-19-55ps5_NGyuan_tile_0014.jpg,9,轮廓划伤,"[23.000064849853516, 554.9998168945312, 50.99827194213867, 620.0012817382812]",1819.9244739972055,small,48.76978021978022,12.244454629850441,12.244454629850441,True,True,edge,False,FN,clahe_clip2,False,,,,,,0.0,0.0,clahe clip_limit=2.0 tile=8
E:\TJGY\MinPaper\MyAutoAugument\outputs\datasets\tiled\tiled_1024_ov20_full_safe_no_ok_position\images\val\2025-05-25-09-48-32ps5_NGyuan_tile_0002.jpg,7,碰伤,"[986.998779296875, 777.0004272460938, 1023.9979248046875, 804.9996948242188]",1035.9489752352238,tiny,44.560810810810814,13.456176866691457,13.456176866691457,True,True,edge,True,FN,clahe_clip2,False,,,,,,0.0,0.0,clahe clip_limit=2.0 tile=8
E:\TJGY\MinPaper\MyAutoAugument\outputs\datasets\tiled\tiled_1024_ov20_full_safe_no_ok_position\images\val\2025-05-25-09-48-32ps5_NGyuan_tile_0012.jpg,6,漏背锡,"[379.99920654296875, 354.99981689453125, 444.00128173828125, 413.9996337890625]",3776.110717393458,small,95.13241525423729,63.08038109358812,63.08038109358812,False,False,center,False,FN,clahe_clip2,False,0.0,0.7995481491088867,6,0.0,0.7506036162376404,0.0,0.04894453287124634,clahe clip_limit=2.0 tile=8
E:\TJGY\MinPaper\MyAutoAugument\outputs\datasets\tiled\tiled_1024_ov20_full_safe_no_ok_position\images\val\2025-05-26-06-14-31ps5_NGyuan_tile_0012.jpg,12,锡膏,"[282.9997863769531, 2.0003814697265625, 432.9994201660156, 178.00038146972656]",26399.935546875,medium,126.07378787878788,42.335938356921595,42.335938356921595,False,False,edge,False,FN,clahe_clip2,False,,,8,,,0.0,0.0,clahe clip_limit=2.0 tile=8
E:\TJGY\MinPaper\MyAutoAugument\outputs\datasets\tiled\tiled_1024_ov20_full_safe_no_ok_position\images\val\2025-05-26-06-26-47ps5_NGyuan_tile_0002.jpg,7,碰伤,"[829.001708984375, 832.9989013671875, 845.000732421875, 854.99951171875]",351.98828065395355,tiny,47.50568181818182,17.70705340942459,17.70705340942459,True,True,corner,False,FN,clahe_clip2,False,,,,0.11938972771167755,0.4774206876754761,-0.11938972771167755,-0.4774206876754761,clahe clip_limit=2.0 tile=8
E:\TJGY\MinPaper\MyAutoAugument\outputs\datasets\tiled\tiled_1024_ov20_full_safe_no_ok_position\images\val\2025-05-26-06-26-47ps5_NGyuan_tile_0003.jpg,7,碰伤,"[10.001408576965332, 832.9989013671875, 26.000385284423828, 854.99951171875]",351.9872525645187,tiny,47.51988636363637,17.69645097921654,17.69645097921654,True,True,corner,False,FN,clahe_clip2,False,,,,0.1084621399641037,0.29860982298851013,-0.1084621399641037,-0.29860982298851013,clahe clip_limit=2.0 tile=8
E:\TJGY\MinPaper\MyAutoAugument\outputs\datasets\tiled\tiled_1024_ov20_full_safe_no_ok_position\images\val\2025-05-26-06-26-47ps5_NGyuan_tile_0007.jpg,7,碰伤,"[829.001708984375, 13.998592376708984, 845.000732421875, 35.99923324584961]",351.98876890540123,tiny,47.5625,17.655689351517054,17.655689351517054,True,True,corner,False,FN,clahe_clip2,False,,,1,0.0,0.808347761631012,0.0,-0.808347761631012,clahe clip_limit=2.0 tile=8
E:\TJGY\MinPaper\MyAutoAugument\outputs\datasets\tiled\tiled_1024_ov20_full_safe_no_ok_position\images\val\2025-05-26-06-26-47ps5_NGyuan_tile_0008.jpg,7,碰伤,"[12.001280784606934, 65.0009536743164, 28.000255584716797, 93.00019073486328]",447.9590881539916,tiny,42.59375,17.59439227449839,17.59439227449839,True,True,corner,False,FN,clahe_clip2,False,,,,,,0.0,0.0,clahe clip_limit=2.0 tile=8
E:\TJGY\MinPaper\MyAutoAugument\outputs\datasets\tiled\tiled_1024_ov20_full_safe_no_ok_position\images\val\2025-05-26-06-26-47ps5_NGyuan_tile_0008.jpg,7,碰伤,"[10.001408576965332, 13.998592376708984, 26.000385284423828, 35.99923324584961]",351.9877408145403,tiny,47.49147727272727,17.715072424336388,17.715072424336388,True,True,corner,False,FN,clahe_clip2,False,,,,,,0.0,0.0,clahe clip_limit=2.0 tile=8
E:\TJGY\MinPaper\MyAutoAugument\outputs\datasets\tiled\tiled_1024_ov20_full_safe_no_ok_position\images\val\2025-05-26-06-26-47ps5_NGyuan_tile_0013.jpg,7,碰伤,"[12.001280784606934, 6.001152992248535, 28.000255584716797, 34.00038528442383]",447.95901186493484,tiny,42.60267857142857,17.57834991352709,17.57834991352709,True,True,corner,False,FN,clahe_clip2,False,,,,,,0.0,0.0,clahe clip_limit=2.0 tile=8
E:\TJGY\MinPaper\MyAutoAugument\outputs\datasets\tiled\tiled_1024_ov20_full_safe_no_ok_position\images\val\2025-05-27-23-28-53ps5_NGyuan_tile_0004.jpg,7,碰伤,"[10.999809265136719, 484.99969482421875, 38.998016357421875, 495.99847412109375]",307.94610051624477,tiny,30.376623376623378,15.92640457304751,15.92640457304751,True,True,edge,False,FN,clahe_clip2,False,,,,,,0.0,0.0,clahe clip_limit=2.0 tile=8
E:\TJGY\MinPaper\MyAutoAugument\outputs\datasets\tiled\tiled_1024_ov20_full_safe_no_ok_position\images\val\2025-05-27-23-28-53ps5_NGyuan_tile_0007.jpg,8,脏污,"[483.0003356933594, 140.00025939941406, 576.9994506835938, 275.00030517578125]",12689.884826619644,medium,71.34160756501183,37.9463373440113,37.9463373440113,False,False,center,False,FN,clahe_clip2,False,,,,,,0.0,0.0,clahe clip_limit=2.0 tile=8
E:\TJGY\MinPaper\MyAutoAugument\outputs\datasets\tiled\tiled_1024_ov20_full_safe_no_ok_position\images\val\2025-05-27-23-28-53ps5_NGyuan_tile_0012.jpg,8,脏污,"[483.0003356933594, 80.99942016601562, 576.9994506835938, 215.99948120117188]",12689.886260932311,medium,71.33664302600472,37.935428798887585,37.935428798887585,False,False,edge,False,FN,clahe_clip2,False,,,,,,0.0,0.0,clahe clip_limit=2.0 tile=8
E:\TJGY\MinPaper\MyAutoAugument\outputs\datasets\tiled\tiled_1024_ov20_full_safe_no_ok_position\images\val\2025-06-05-10-27-17ps5_NGyuan_tile_0012.jpg,8,脏污,"[315.9997253417969, 621.0001831054688, 515.9981689453125, 694.9995727539062]",14799.762757297605,medium,71.54310810810811,26.766541358300476,26.766541358300476,False,False,center,False,FN,clahe_clip2,False,,,1,,,0.0,0.0,clahe clip_limit=2.0 tile=8
E:\TJGY\MinPaper\MyAutoAugument\outputs\datasets\tiled\tiled_1024_ov20_full_safe_no_ok_position\images\val\2025-06-05-16-10-10ps5_NGyuan_tile_0000.jpg,5,浅划伤,"[682.9993286132812, 681.0009155273438, 724.0012817382812, 743.0000610351562]",2542.0860579013824,small,48.75177025963808,23.1536479006427,23.1536479006427,True,False,center,False,FN,clahe_clip2,False,,,,,,0.0,0.0,clahe clip_limit=2.0 tile=8
E:\TJGY\MinPaper\MyAutoAugument\outputs\datasets\tiled\tiled_1024_ov20_full_safe_no_ok_position\images\val\2025-06-05-16-10-10ps5_NGyuan_tile_0007.jpg,12,锡膏,"[315.0023498535156, 396.9991760253906, 366.0006408691406, 461.9996032714844]",3314.9107048362494,small,136.19939668174962,49.85802830098024,49.85802830098024,False,False,center,False,FN,clahe_clip2,False,0.0,0.41977429389953613,12,0.0,0.7593369483947754,0.0,-0.33956265449523926,clahe clip_limit=2.0 tile=8
E:\TJGY\MinPaper\MyAutoAugument\outputs\datasets\tiled\tiled_1024_ov20_full_safe_no_ok_position\images\val\2025-06-05-16-10-10ps5_NGyuan_tile_0012.jpg,12,锡膏,"[315.0023498535156, 337.9993591308594, 366.0006408691406, 402.9997863769531]",3314.9107048362494,small,136.1867269984917,49.83113994876743,49.83113994876743,False,False,center,False,FN,clahe_clip2,False,,,1,,,0.0,0.0,clahe clip_limit=2.0 tile=8
E:\TJGY\MinPaper\MyAutoAugument\outputs\datasets\tiled\tiled_1024_ov20_full_safe_no_ok_position\images\val\2025-06-06-01-33-39ps5_NGyuan_tile_0002.jpg,7,碰伤,"[816.9998779296875, 579.0008544921875, 859.0013427734375, 620.000732421875]",1722.054931461811,small,39.79094076655052,14.073490922084895,14.073490922084895,True,True,edge,False,FN,clahe_clip2,False,,,4,0.0,0.5680842399597168,0.0,-0.5680842399597168,clahe clip_limit=2.0 tile=8
E:\TJGY\MinPaper\MyAutoAugument\outputs\datasets\tiled\tiled_1024_ov20_full_safe_no_ok_position\images\val\2025-06-06-01-33-39ps5_NGyuan_tile_0003.jpg,7,碰伤,"[0.0, 579.0008544921875, 40.00153732299805, 620.000732421875]",1640.0581472427584,small,39.94634146341463,14.091756759408304,14.091756759408304,True,True,edge,True,FN,clahe_clip2,False,0.0,0.6316380500793457,7,0.0,0.8766747713088989,0.0,-0.24503672122955322,clahe clip_limit=2.0 tile=8
E:\TJGY\MinPaper\MyAutoAugument\outputs\datasets\tiled\tiled_1024_ov20_full_safe_no_ok_position\images\val\2025-06-06-02-05-24ps5_NGyuan_tile_0002.jpg,4,油污,"[645.9990844726562, 631.0000610351562, 688.0005493164062, 698.9998168945312]",2856.089355111122,small,24.981442577030812,10.342625088307651,10.342625088307651,True,True,center,False,FN,clahe_clip2,False,,,7,,,0.0,0.0,clahe clip_limit=2.0 tile=8
E:\TJGY\MinPaper\MyAutoAugument\outputs\datasets\tiled\tiled_1024_ov20_full_safe_no_ok_position\images\val\2025-06-06-14-52-09ps5_NGyuan_tile_0007.jpg,6,漏背锡,"[223.00006103515625, 270.0001220703125, 468.9986572265625, 337.9998779296875]",16727.8444827646,medium,91.79441654710665,57.06993327056747,57.06993327056747,False,False,center,False,FN,clahe_clip2,False,0.0,0.8569610118865967,6,0.0,0.9697856307029724,0.0,-0.11282461881637573,clahe clip_limit=2.0 tile=8
E:\TJGY\MinPaper\MyAutoAugument\outputs\datasets\tiled\tiled_1024_ov20_full_safe_no_ok_position\images\val\2025-06-06-14-52-09ps5_NGyuan_tile_0012.jpg,6,漏背锡,"[223.00006103515625, 211.00033569335938, 468.9986572265625, 279.00006103515625]",16727.836975483224,medium,91.79632950741272,57.0763629572775,57.0763629572775,False,False,center,False,FN,clahe_clip2,False,0.0,0.8664754629135132,6,0.0,0.9665181040763855,0.0,-0.10004264116287231,clahe clip_limit=2.0 tile=8
E:\TJGY\MinPaper\MyAutoAugument\outputs\datasets\tiled\tiled_1024_ov20_full_safe_no_ok_position\images\val\2025-06-07-10-52-02ps5_NGyuan_tile_0007.jpg,12,锡膏,"[405.000732421875, 214.0011444091797, 530.0014038085938, 398.0006103515625]",23000.056777595542,medium,124.37534782608695,27.617660246438557,27.617660246438557,False,False,center,False,FN,clahe_clip2,False,,,6,,,0.0,0.0,clahe clip_limit=2.0 tile=8
E:\TJGY\MinPaper\MyAutoAugument\outputs\datasets\tiled\tiled_1024_ov20_full_safe_no_ok_position\images\val\2025-06-07-10-52-02ps5_NGyuan_tile_0007.jpg,7,碰伤,"[491.0008239746094, 661.0001831054688, 518.9990234375, 671.0005493164062]",279.99224787577987,tiny,44.128571428571426,14.02617087403954,14.02617087403954,True,True,center,False,FN,clahe_clip2,False,,,6,,,0.0,0.0,clahe clip_limit=2.0 tile=8
E:\TJGY\MinPaper\MyAutoAugument\outputs\datasets\tiled\tiled_1024_ov20_full_safe_no_ok_position\images\val\2025-06-07-10-52-02ps5_NGyuan_tile_0012.jpg,12,锡膏,"[405.000732421875, 155.0013427734375, 530.0014038085938, 339.0008239746094]",23000.05868495442,medium,124.38108695652174,27.613535411985193,27.613535411985193,False,False,center,False,FN,clahe_clip2,False,,,6,,,0.0,0.0,clahe clip_limit=2.0 tile=8
E:\TJGY\MinPaper\MyAutoAugument\outputs\datasets\tiled\tiled_1024_ov20_full_safe_no_ok_position\images\val\2025-06-07-10-52-02ps5_NGyuan_tile_0012.jpg,7,碰伤,"[491.0008239746094, 601.9993896484375, 518.9990234375, 611.999755859375]",279.99224787577987,tiny,44.15714285714286,14.149341947632067,14.149341947632067,True,True,center,False,FN,clahe_clip2,False,,,6,,,0.0,0.0,clahe clip_limit=2.0 tile=8
E:\TJGY\MinPaper\MyAutoAugument\outputs\datasets\tiled\tiled_1024_ov20_full_safe_no_ok_position\images\val\2025-06-07-14-43-50ps5_NGyuan_tile_0007.jpg,8,脏污,"[868.9996948242188, 696.00048828125, 923.0003051757812, 792.00048828125]",5184.05859375,small,55.714506172839506,18.48999494396198,18.48999494396198,True,True,edge,False,FN,clahe_clip2,False,,,1,,,0.0,0.0,clahe clip_limit=2.0 tile=8
E:\TJGY\MinPaper\MyAutoAugument\outputs\datasets\tiled\tiled_1024_ov20_full_safe_no_ok_position\images\val\2025-06-07-14-43-50ps5_NGyuan_tile_0007.jpg,8,脏污,"[481.0009460449219, 664.9999389648438, 644.9996337890625, 700.0003051757812]",5740.014129158109,small,62.34198606271777,23.746416129226407,23.746416129226407,False,False,center,False,FN,clahe_clip2,False,,,1,,,0.0,0.0,clahe clip_limit=2.0 tile=8
E:\TJGY\MinPaper\MyAutoAugument\outputs\datasets\tiled\tiled_1024_ov20_full_safe_no_ok_position\images\val\2025-06-07-14-43-50ps5_NGyuan_tile_0012.jpg,8,脏污,"[481.0009460449219, 605.9990844726562, 644.9996337890625, 640.9994506835938]",5740.014129158109,small,62.34128919860627,23.7636240565938,23.7636240565938,False,False,center,False,FN,clahe_clip2,False,0.0,0.27655142545700073,8,0.0,0.4562271237373352,0.0,-0.17967569828033447,clahe clip_limit=2.0 tile=8
E:\TJGY\MinPaper\MyAutoAugument\outputs\datasets\tiled\tiled_1024_ov20_full_safe_no_ok_position\images\val\2025-06-07-15-42-24ps5_NGyuan_tile_0002.jpg,8,脏污,"[183.00006103515625, 464.0, 275.999755859375, 541.000732421875]",7161.044616475701,small,69.0078201368524,36.994660186155414,36.994660186155414,False,False,center,False,FN,clahe_clip2,False,0.0,0.26962700486183167,8,,,0.0,0.26962700486183167,clahe clip_limit=2.0 tile=8
E:\TJGY\MinPaper\MyAutoAugument\outputs\datasets\tiled\tiled_1024_ov20_full_safe_no_ok_position\images\val\2025-06-07-15-42-24ps5_NGyuan_tile_0007.jpg,8,脏污,"[163.0013427734375, 529.0004272460938, 293.9996032714844, 589.0006713867188]",7859.927611880004,small,73.14211195928753,33.43959702171577,33.43959702171577,False,False,center,False,FN,clahe_clip2,False,0.0,0.27106931805610657,8,,,0.0,0.27106931805610657,clahe clip_limit=2.0 tile=8
E:\TJGY\MinPaper\MyAutoAugument\outputs\datasets\tiled\tiled_1024_ov20_full_safe_no_ok_position\images\val\2025-06-07-15-42-24ps5_NGyuan_tile_0012.jpg,8,脏污,"[163.0013427734375, 470.0006408691406, 293.9996032714844, 530.0009155273438]",7859.931609629653,small,73.14427480916031,33.442560974377976,33.442560974377976,False,False,center,False,FN,clahe_clip2,False,,,1,0.0,0.49067533016204834,0.0,-0.49067533016204834,clahe clip_limit=2.0 tile=8
E:\TJGY\MinPaper\MyAutoAugument\outputs\datasets\tiled\tiled_1024_ov20_full_safe_no_ok_position\images\val\2025-06-07-16-21-50ps5_NGyuan_tile_0007.jpg,8,脏污,"[150.99903869628906, 744.0005493164062, 569.997314453125, 780.9996948242188]",15502.57817224972,medium,53.16080758562859,24.52833672514371,24.52833672514371,True,False,center,False,FN,clahe_clip2,True,0.6739407181739807,0.6104357838630676,8,,,0.6739407181739807,0.6104357838630676,clahe clip_limit=2.0 tile=8
E:\TJGY\MinPaper\MyAutoAugument\outputs\datasets\tiled\tiled_1024_ov20_full_safe_no_ok_position\images\val\2025-06-07-16-21-50ps5_NGyuan_tile_0012.jpg,8,脏污,"[150.99903869628906, 684.9996948242188, 569.997314453125, 721.9988403320312]",15502.57817224972,medium,53.15261562278269,24.522838338374772,24.522838338374772,True,False,center,False,FN,clahe_clip2,False,0.316188246011734,0.3020283877849579,8,,,0.316188246011734,0.3020283877849579,clahe clip_limit=2.0 tile=8
E:\TJGY\MinPaper\MyAutoAugument\outputs\datasets\tiled\tiled_1024_ov20_full_safe_no_ok_position\images\val\2025-06-11-19-13-20ps5_NGyuan_tile_0007.jpg,12,锡膏,"[520.9984130859375, 422.9995422363281, 563.999267578125, 485.9991149902344]",2709.035461060703,small,106.23661867847915,31.704531348378858,31.704531348378858,False,False,center,False,FN,clahe_clip2,False,,,5,,,0.0,0.0,clahe clip_limit=2.0 tile=8
E:\TJGY\MinPaper\MyAutoAugument\outputs\datasets\tiled\tiled_1024_ov20_full_safe_no_ok_position\images\val\2025-06-11-19-13-20ps5_NGyuan_tile_0007.jpg,5,浅划伤,"[532.0012817382812, 837.0006713867188, 539.0023803710938, 861.0001831054688]",168.0229486823082,tiny,83.0952380952381,39.93972215596513,39.93972215596513,False,False,edge,False,FN,clahe_clip2,False,0.0,0.2842898666858673,5,0.0,0.5088472962379456,0.0,-0.22455742955207825,clahe clip_limit=2.0 tile=8
E:\TJGY\MinPaper\MyAutoAugument\outputs\datasets\tiled\tiled_1024_ov20_full_safe_no_ok_position\images\val\2025-06-11-19-13-20ps5_NGyuan_tile_0012.jpg,12,锡膏,"[520.9984130859375, 363.9997253417969, 563.999267578125, 426.9992980957031]",2709.035461060703,small,106.20708748615725,31.71080344255586,31.71080344255586,False,False,center,False,FN,clahe_clip2,False,,,5,,,0.0,0.0,clahe clip_limit=2.0 tile=8
E:\TJGY\MinPaper\MyAutoAugument\outputs\datasets\tiled\tiled_1024_ov20_full_safe_no_ok_position\images\val\2025-06-14-16-53-39ps5_tile_0005.jpg,9,轮廓划伤,"[906.0018920898438, 573.000244140625, 930.0014038085938, 678.0001220703125]",2519.9458008408546,small,53.296031746031744,20.445661241887965,20.445661241887965,True,False,edge,False,FN,clahe_clip2,False,,,,,,0.0,0.0,clahe clip_limit=2.0 tile=8
E:\TJGY\MinPaper\MyAutoAugument\outputs\datasets\tiled\tiled_1024_ov20_full_safe_no_ok_position\images\val\2025-06-14-16-53-39ps5_tile_0006.jpg,9,轮廓划伤,"[87.00160217285156, 573.000244140625, 111.00108337402344, 678.0001220703125]",2519.942596498877,small,53.294444444444444,20.435161906666547,20.435161906666547,True,False,edge,False,FN,clahe_clip2,False,,,,,,0.0,0.0,clahe clip_limit=2.0 tile=8
E:\TJGY\MinPaper\MyAutoAugument\outputs\datasets\tiled\tiled_1024_ov20_full_safe_no_ok_position\images\val\2025-06-14-16-53-39ps5_tile_0007.jpg,12,锡膏,"[611.9992065429688, 262.0001220703125, 701.0001831054688, 328.99945068359375]",5963.00567561388,small,101.16149589132986,37.46798170128969,37.46798170128969,False,False,center,False,FN,clahe_clip2,False,,,6,,,0.0,0.0,clahe clip_limit=2.0 tile=8
E:\TJGY\MinPaper\MyAutoAugument\outputs\datasets\tiled\tiled_1024_ov20_full_safe_no_ok_position\images\val\2025-06-14-16-53-39ps5_tile_0012.jpg,12,锡膏,"[611.9992065429688, 203.0003204345703, 701.0001831054688, 269.9996337890625]",5963.004317566752,small,101.14522891162167,37.44445544128088,37.44445544128088,False,False,center,False,FN,clahe_clip2,False,,,6,,,0.0,0.0,clahe clip_limit=2.0 tile=8
E:\TJGY\MinPaper\MyAutoAugument\outputs\datasets\tiled\tiled_1024_ov20_full_safe_no_ok_position\images\val\2025-06-18-06-39-05ps5_NGyuan_tile_0007.jpg,8,脏污,"[646.9990234375, 797.0001831054688, 813.9970703125, 840.0010375976562]",7181.058714151382,small,55.6344520261802,24.735676710958952,24.735676710958952,True,False,center,False,FN,clahe_clip2,False,,,6,,,0.0,0.0,clahe clip_limit=2.0 tile=8
E:\TJGY\MinPaper\MyAutoAugument\outputs\datasets\tiled\tiled_1024_ov20_full_safe_no_ok_position\images\val\2025-06-18-06-39-05ps5_NGyuan_tile_0007.jpg,8,脏污,"[742.9995727539062, 691.0003662109375, 796.0007934570312, 720.0]",1537.0159907639027,small,52.819128171763175,23.727055041545608,23.727055041545608,True,False,center,False,FN,clahe_clip2,False,,,6,,,0.0,0.0,clahe clip_limit=2.0 tile=8
E:\TJGY\MinPaper\MyAutoAugument\outputs\datasets\tiled\tiled_1024_ov20_full_safe_no_ok_position\images\val\2025-06-18-06-39-05ps5_NGyuan_tile_0012.jpg,8,脏污,"[646.9990234375, 737.9993286132812, 813.9970703125, 781.0001831054688]",7181.058714151382,small,55.635705333519006,24.722098374748796,24.722098374748796,True,False,center,False,FN,clahe_clip2,False,,,6,,,0.0,0.0,clahe clip_limit=2.0 tile=8
E:\TJGY\MinPaper\MyAutoAugument\outputs\datasets\tiled\tiled_1024_ov20_full_safe_no_ok_position\images\val\2025-06-18-06-39-05ps5_NGyuan_tile_0012.jpg,8,脏污,"[742.9995727539062, 632.0005493164062, 796.0007934570312, 661.0001831054688]",1537.0159907639027,small,52.82173064411191,23.741110094534566,23.741110094534566,True,False,center,False,FN,clahe_clip2,False,,,6,,,0.0,0.0,clahe clip_limit=2.0 tile=8
E:\TJGY\MinPaper\MyAutoAugument\outputs\datasets\tiled\tiled_1024_ov20_full_safe_no_ok_position\images\val\2025-06-28-00-58-48ps5_NGyuan_tile_0006.jpg,7,碰伤,"[860.0012817382812, 736.0010375976562, 887.9994506835938, 751.0005493164062]",419.9588631987572,tiny,58.654761904761905,26.507723064913893,26.507723064913893,True,False,edge,False,FN,clahe_clip2,False,0.0,0.5138292908668518,7,0.0,0.6023921370506287,0.0,-0.08856284618377686,clahe clip_limit=2.0 tile=8
E:\TJGY\MinPaper\MyAutoAugument\outputs\datasets\tiled\tiled_1024_ov20_full_safe_no_ok_position\images\val\2025-06-28-00-58-48ps5_NGyuan_tile_0007.jpg,7,碰伤,"[41.00096130371094, 736.0010375976562, 68.9991683959961, 751.0005493164062]",419.95943538472056,tiny,58.62619047619047,26.560995028727742,26.560995028727742,True,False,edge,False,FN,clahe_clip2,False,,,1,,,0.0,0.0,clahe clip_limit=2.0 tile=8
E:\TJGY\MinPaper\MyAutoAugument\outputs\datasets\tiled\tiled_1024_ov20_full_safe_no_ok_position\images\val\2025-06-28-00-58-48ps5_NGyuan_tile_0011.jpg,7,碰伤,"[860.0012817382812, 677.001220703125, 887.9994506835938, 692.000732421875]",419.9588631987572,tiny,58.63095238095238,26.613181375072283,26.613181375072283,True,False,edge,False,FN,clahe_clip2,True,0.7831462621688843,0.4711550176143646,7,,,0.7831462621688843,0.4711550176143646,clahe clip_limit=2.0 tile=8
E:\TJGY\MinPaper\MyAutoAugument\outputs\datasets\tiled\tiled_1024_ov20_full_safe_no_ok_position\images\val\2025-06-28-00-58-48ps5_NGyuan_tile_0012.jpg,7,碰伤,"[41.00096130371094, 677.001220703125, 68.9991683959961, 692.000732421875]",419.95943538472056,tiny,58.62380952380953,26.58994447892455,26.58994447892455,True,False,edge,False,FN,clahe_clip2,False,,,1,,,0.0,0.0,clahe clip_limit=2.0 tile=8
E:\TJGY\MinPaper\MyAutoAugument\outputs\datasets\tiled\tiled_1024_ov20_full_safe_no_ok_position\images\val\2025-06-28-07-30-46ps5_NGyuan_tile_0011.jpg,7,碰伤,"[370.9992980957031, 788.000732421875, 395.9992370605469, 801.00146484375]",325.01751704514027,tiny,57.65538461538461,8.878219342763774,8.878219342763774,True,True,center,False,FN,clahe_clip2,False,,,,,,0.0,0.0,clahe clip_limit=2.0 tile=8
E:\TJGY\MinPaper\MyAutoAugument\outputs\datasets\tiled\tiled_1024_ov20_full_safe_no_ok_position\images\val\2025-06-29-08-27-16ps5_NGyuan_tile_0000.jpg,7,碰伤,"[871.0021362304688, 658.0004272460938, 918.0016479492188, 671.0000610351562]",610.9764406085014,tiny,55.761047463175125,12.578598256206332,12.578598256206332,True,True,edge,False,FN,clahe_clip2,False,0.0,0.9486087560653687,7,0.0,0.9341381192207336,0.0,0.01447063684463501,clahe clip_limit=2.0 tile=8
E:\TJGY\MinPaper\MyAutoAugument\outputs\datasets\tiled\tiled_1024_ov20_full_safe_no_ok_position\images\val\2025-06-29-08-27-16ps5_NGyuan_tile_0001.jpg,7,碰伤,"[52.001792907714844, 658.0004272460938, 99.00135040283203, 671.0000610351562]",610.9770356845111,tiny,55.741407528641574,12.561673869036001,12.561673869036001,True,True,edge,False,FN,clahe_clip2,False,,,9,,,0.0,0.0,clahe clip_limit=2.0 tile=8
E:\TJGY\MinPaper\MyAutoAugument\outputs\datasets\tiled\tiled_1024_ov20_full_safe_no_ok_position\images\val\2025-06-29-08-27-16ps5_NGyuan_tile_0007.jpg,6,漏背锡,"[618.999267578125, 306.0003967285156, 836.000244140625, 432.0005187988281]",27342.14953625202,medium,104.82481164508815,65.53607339766639,65.53607339766639,False,False,center,False,FN,clahe_clip2,False,,,12,,,0.0,0.0,clahe clip_limit=2.0 tile=8
E:\TJGY\MinPaper\MyAutoAugument\outputs\datasets\tiled\tiled_1024_ov20_full_safe_no_ok_position\images\val\2025-06-29-08-27-16ps5_NGyuan_tile_0012.jpg,6,漏背锡,"[618.999267578125, 247.00057983398438, 836.000244140625, 373.0007019042969]",27342.14953625202,medium,104.82283666154633,65.53497091198456,65.53497091198456,False,False,center,False,FN,clahe_clip2,False,,,12,,,0.0,0.0,clahe clip_limit=2.0 tile=8
E:\TJGY\MinPaper\MyAutoAugument\outputs\datasets\tiled\tiled_1024_ov20_full_safe_no_ok_position\images\val\2025-07-13-20-08-46ps5_NGyuan_tile_0007.jpg,7,碰伤,"[928.0010375976562, 9.999872207641602, 975.0005493164062, 28.000768661499023]",846.0333438310772,tiny,54.854609929078016,14.40297763660568,14.40297763660568,True,True,corner,False,FN,clahe_clip2,False,,,11,,,0.0,0.0,clahe clip_limit=2.0 tile=8
E:\TJGY\MinPaper\MyAutoAugument\outputs\datasets\tiled\tiled_1024_ov20_full_safe_no_ok_position\images\val\2025-07-13-20-08-46ps5_NGyuan_tile_0007.jpg,11,锡尖,"[421.001220703125, 619.9987182617188, 494.99957275390625, 666.9993286132812]",3477.9677113965154,small,123.09488211615871,65.90531720864378,65.90531720864378,False,False,center,False,FN,clahe_clip2,False,0.0,0.9865259528160095,11,0.0,0.9944475889205933,0.0,-0.00792163610458374,clahe clip_limit=2.0 tile=8
E:\TJGY\MinPaper\MyAutoAugument\outputs\datasets\tiled\tiled_1024_ov20_full_safe_no_ok_position\images\val\2025-07-13-20-08-46ps5_NGyuan_tile_0008.jpg,7,碰伤,"[109.0017318725586, 9.999872207641602, 156.00128173828125, 28.000768661499023]",846.034030510782,tiny,54.892434988179666,14.35571448989137,14.35571448989137,True,True,corner,False,FN,clahe_clip2,False,,,1,,,0.0,0.0,clahe clip_limit=2.0 tile=8
E:\TJGY\MinPaper\MyAutoAugument\outputs\datasets\tiled\tiled_1024_ov20_full_safe_no_ok_position\images\val\2025-07-13-20-08-46ps5_NGyuan_tile_0008.jpg,1,OK3,"[3.9976959228515625, 835.999755859375, 160.99942016601562, 889.9993896484375]",8478.035613382235,small,36.99728709601321,7.181065191702025,7.181065191702025,True,True,corner,False,FN,clahe_clip2,True,0.9156361818313599,0.5185179710388184,1,,,0.9156361818313599,0.5185179710388184,clahe clip_limit=2.0 tile=8
E:\TJGY\MinPaper\MyAutoAugument\outputs\datasets\tiled\tiled_1024_ov20_full_safe_no_ok_position\images\val\2025-07-13-20-08-46ps5_NGyuan_tile_0012.jpg,11,锡尖,"[421.001220703125, 560.9989013671875, 494.99957275390625, 607.99951171875]",3477.9677113965154,small,123.08539390454284,65.88729036054909,65.88729036054909,False,False,center,False,FN,clahe_clip2,False,0.0,0.9980242252349854,11,0.0,0.9976463913917542,0.0,0.00037783384323120117,clahe clip_limit=2.0 tile=8
E:\TJGY\MinPaper\MyAutoAugument\outputs\datasets\tiled\tiled_1024_ov20_full_safe_no_ok_position\images\val\2025-07-13-20-08-46ps5_NGyuan_tile_0013.jpg,1,OK3,"[3.9976959228515625, 776.9999389648438, 160.99942016601562, 830.9995727539062]",8478.035613382235,small,37.001179523472516,7.193464342911849,7.193464342911849,True,True,edge,False,FN,clahe_clip2,False,,,,,,0.0,0.0,clahe clip_limit=2.0 tile=8
E:\TJGY\MinPaper\MyAutoAugument\outputs\datasets\tiled\tiled_1024_ov20_full_safe_no_ok_position\images\val\2025-07-14-19-29-20ps5_tile_0007.jpg,7,碰伤,"[916.0017700195312, -0.0005116462707519531, 937.0020141601562, 11.999744415283203]",252.00830704264808,tiny,30.4484126984127,7.5693432870978965,7.5693432870978965,True,True,corner,True,FN,clahe_clip2,False,,,11,,,0.0,0.0,clahe clip_limit=2.0 tile=8
E:\TJGY\MinPaper\MyAutoAugument\outputs\datasets\tiled\tiled_1024_ov20_full_safe_no_ok_position\images\val\2025-07-14-19-29-20ps5_tile_0008.jpg,7,碰伤,"[97.00147247314453, -0.0005116462707519531, 118.00167083740234, 11.999744415283203]",252.00775771452027,tiny,30.48015873015873,7.472409779402671,7.472409779402671,True,True,corner,True,FN,clahe_clip2,False,,,,,,0.0,0.0,clahe clip_limit=2.0 tile=8
E:\TJGY\MinPaper\MyAutoAugument\outputs\datasets\tiled\tiled_1024_ov20_full_safe_no_ok_position\images\val\2025-07-21-20-56-48ps5_NGyuan_tile_0000.jpg,7,碰伤,"[873.9989013671875, 906.0003662109375, 905.9998779296875, 920.00048828125]",448.0175782442093,tiny,74.57589285714286,14.53255425351571,14.53255425351571,False,True,corner,False,FN,clahe_clip2,False,,,,,,0.0,0.0,clahe clip_limit=2.0 tile=8
E:\TJGY\MinPaper\MyAutoAugument\outputs\datasets\tiled\tiled_1024_ov20_full_safe_no_ok_position\images\val\2025-07-21-20-56-48ps5_NGyuan_tile_0001.jpg,7,碰伤,"[54.99852752685547, 906.0003662109375, 86.99954986572266, 920.00048828125]",448.01821911893785,tiny,74.62946428571429,14.538318447621059,14.538318447621059,False,True,corner,False,FN,clahe_clip2,False,,,,,,0.0,0.0,clahe clip_limit=2.0 tile=8
E:\TJGY\MinPaper\MyAutoAugument\outputs\datasets\tiled\tiled_1024_ov20_full_safe_no_ok_position\images\val\2025-07-21-20-56-48ps5_NGyuan_tile_0005.jpg,7,碰伤,"[873.9989013671875, 87.00006866455078, 905.9998779296875, 101.00019073486328]",448.0175782442093,tiny,74.60714285714286,14.57989512433936,14.57989512433936,False,True,corner,False,FN,clahe_clip2,False,,,,,,0.0,0.0,clahe clip_limit=2.0 tile=8
E:\TJGY\MinPaper\MyAutoAugument\outputs\datasets\tiled\tiled_1024_ov20_full_safe_no_ok_position\images\val\2025-07-21-20-56-48ps5_NGyuan_tile_0006.jpg,7,碰伤,"[54.99852752685547, 87.00006866455078, 86.99954986572266, 101.00019073486328]",448.01821911893785,tiny,74.55357142857143,14.568397356285017,14.568397356285017,False,True,corner,False,FN,clahe_clip2,False,,,,,,0.0,0.0,clahe clip_limit=2.0 tile=8
E:\TJGY\MinPaper\MyAutoAugument\outputs\datasets\tiled\tiled_1024_ov20_full_safe_no_ok_position\images\val\2025-07-21-20-56-48ps5_NGyuan_tile_0010.jpg,7,碰伤,"[873.9989013671875, 28.000255584716797, 905.9998779296875, 42.00038528442383]",448.01782239228487,tiny,74.62276785714286,14.539604761639193,14.539604761639193,False,True,corner,False,FN,clahe_clip2,False,,,,,,0.0,0.0,clahe clip_limit=2.0 tile=8
E:\TJGY\MinPaper\MyAutoAugument\outputs\datasets\tiled\tiled_1024_ov20_full_safe_no_ok_position\images\val\2025-07-21-20-56-48ps5_NGyuan_tile_0011.jpg,7,碰伤,"[54.99852752685547, 28.000255584716797, 86.99954986572266, 42.00038528442383]",448.0184632673627,tiny,74.55357142857143,14.558128121010444,14.558128121010444,False,True,corner,False,FN,clahe_clip2,False,,,,,,0.0,0.0,clahe clip_limit=2.0 tile=8
E:\TJGY\MinPaper\MyAutoAugument\outputs\datasets\tiled\tiled_1024_ov20_full_safe_no_ok_position\images\val\2025-08-01-18-25-43ps5_NGyuan_tile_0005.jpg,7,碰伤,"[543.9989624023438, 789.001708984375, 570.9977416992188, 800.00048828125]",296.9536147713661,tiny,67.12121212121212,12.43429009826994,12.43429009826994,False,True,center,False,FN,clahe_clip2,False,,,,,,0.0,0.0,clahe clip_limit=2.0 tile=8
E:\TJGY\MinPaper\MyAutoAugument\outputs\datasets\tiled\tiled_1024_ov20_full_safe_no_ok_position\images\val\2025-08-01-18-25-43ps5_NGyuan_tile_0010.jpg,7,碰伤,"[543.9989624023438, 730.0018920898438, 570.9977416992188, 741.0006713867188]",296.9536147713661,tiny,67.14141414141415,12.336753635219289,12.336753635219289,False,True,center,False,FN,clahe_clip2,False,,,,,,0.0,0.0,clahe clip_limit=2.0 tile=8
E:\TJGY\MinPaper\MyAutoAugument\outputs\datasets\tiled\tiled_1024_ov20_full_safe_no_ok_position\images\val\2025-08-01-19-07-33ps5_tile_0001.jpg,7,碰伤,"[683.999755859375, 750.0001220703125, 761.00146484375, 764.9996337890625]",1154.98803627491,small,77.10822510822511,13.52277129892412,13.52277129892412,False,True,center,False,FN,clahe_clip2,False,0.479331910610199,0.49590885639190674,7,0.5555399060249329,0.6593897342681885,-0.07620799541473389,-0.16348087787628174,clahe clip_limit=2.0 tile=8
E:\TJGY\MinPaper\MyAutoAugument\outputs\datasets\tiled\tiled_1024_ov20_full_safe_no_ok_position\images\val\2025-08-01-19-07-33ps5_tile_0007.jpg,12,锡膏,"[602.0009155273438, 437.001220703125, 640.9999389648438, 562.0009155273438]",4874.8660281300545,small,132.29107692307693,25.70673247882104,25.70673247882104,False,False,center,False,FN,clahe_clip2,False,,,7,,,0.0,0.0,clahe clip_limit=2.0 tile=8
E:\TJGY\MinPaper\MyAutoAugument\outputs\datasets\tiled\tiled_1024_ov20_full_safe_no_ok_position\images\val\2025-08-01-19-15-54ps5_NGyuan_tile_0001.jpg,9,轮廓划伤,"[265.0019836425781, 812.000244140625, 301.0017395019531, 862.0001220703125]",1799.9833984673023,small,92.58722222222222,13.851881262347467,13.851881262347467,False,True,edge,False,FN,clahe_clip2,False,,,7,,,0.0,0.0,clahe clip_limit=2.0 tile=8
E:\TJGY\MinPaper\MyAutoAugument\outputs\datasets\tiled\tiled_1024_ov20_full_safe_no_ok_position\images\val\2025-08-01-19-15-54ps5_NGyuan_tile_0001.jpg,7,碰伤,"[678.99853515625, 792.9989013671875, 731.0003662109375, 860.9986572265625]",3536.111815959215,small,97.78082579185521,11.439135858198433,11.439135858198433,False,True,edge,False,FN,clahe_clip2,True,0.966392457485199,0.7675289511680603,7,0.0,0.8984742164611816,0.966392457485199,-0.13094526529312134,clahe clip_limit=2.0 tile=8
E:\TJGY\MinPaper\MyAutoAugument\outputs\datasets\tiled\tiled_1024_ov20_full_safe_no_ok_position\images\val\2025-08-01-19-15-54ps5_NGyuan_tile_0007.jpg,9,轮廓划伤,"[883.9992065429688, 939.0003051757812, 937.0004272460938, 1011.0007934570312]",3816.1137701272964,small,75.7541928721174,8.36023069434036,8.36023069434036,False,True,corner,False,FN,clahe_clip2,False,,,1,,,0.0,0.0,clahe clip_limit=2.0 tile=8
E:\TJGY\MinPaper\MyAutoAugument\outputs\datasets\tiled\tiled_1024_ov20_full_safe_no_ok_position\images\val\2025-08-01-19-15-54ps5_NGyuan_tile_0008.jpg,9,轮廓划伤,"[64.99890899658203, 939.0003051757812, 118.00012969970703, 1011.0007934570312]",3816.1137701272964,small,75.75104821802935,8.342785454022351,8.342785454022351,False,True,corner,False,FN,clahe_clip2,False,,,,,,0.0,0.0,clahe clip_limit=2.0 tile=8
E:\TJGY\MinPaper\MyAutoAugument\outputs\datasets\tiled\tiled_1024_ov20_full_safe_no_ok_position\images\val\2025-08-01-19-15-54ps5_NGyuan_tile_0010.jpg,9,轮廓划伤,"[320.0010070800781, 846.0001220703125, 367.0005798339844, 917.000244140625]",3336.975402779877,small,73.16332034761763,7.190210572874346,7.190210572874346,False,True,edge,False,FN,clahe_clip2,False,,,7,,,0.0,0.0,clahe clip_limit=2.0 tile=8
E:\TJGY\MinPaper\MyAutoAugument\outputs\datasets\tiled\tiled_1024_ov20_full_safe_no_ok_position\images\val\2025-08-04-12-33-32ps5_NGyuan_tile_0007.jpg,12,锡膏,"[372.0007629394531, 490.9992980957031, 429.0007019042969, 573.0001831054688]",4674.045440619811,small,181.8913136499786,36.092790329431004,36.092790329431004,False,False,center,False,FN,clahe_clip2,False,0.0,0.9735248684883118,12,0.0,0.9773492217063904,0.0,-0.0038243532180786133,clahe clip_limit=2.0 tile=8
E:\TJGY\MinPaper\MyAutoAugument\outputs\datasets\tiled\tiled_1024_ov20_full_safe_no_ok_position\images\val\2025-08-04-12-33-32ps5_NGyuan_tile_0012.jpg,12,锡膏,"[372.0007629394531, 431.9994812011719, 429.0007019042969, 514.0003662109375]",4674.045440619811,small,181.89602053915277,36.09129258574198,36.09129258574198,False,False,center,False,FN,clahe_clip2,False,0.0,0.984835684299469,12,0.0,0.984855592250824,0.0,-1.990795135498047e-05,clahe clip_limit=2.0 tile=8
E:\TJGY\MinPaper\MyAutoAugument\outputs\datasets\tiled\tiled_1024_ov20_full_safe_no_ok_position\images\val\2025-08-11-12-08-10ps5_NGyuan_tile_0002.jpg,7,碰伤,"[579.0007934570312, 712.9994506835938, 612.0012817382812, 721.9993286132812]",297.00036615133286,tiny,61.54545454545455,12.719405938158081,12.719405938158081,False,True,center,False,FN,clahe_clip2,False,,,,,,0.0,0.0,clahe clip_limit=2.0 tile=8
E:\TJGY\MinPaper\MyAutoAugument\outputs\datasets\tiled\tiled_1024_ov20_full_safe_no_ok_position\images\val\2025-08-11-19-47-12ps5_tile_0002.jpg,10,锡丝残留,"[450.9997863769531, 899.0007934570312, 515.0007934570312, 1014.0011596679688]",7360.139252077788,small,90.81888586956522,29.39094057510151,29.39094057510151,False,False,edge,False,FN,clahe_clip2,False,,,,,,0.0,0.0,clahe clip_limit=2.0 tile=8
E:\TJGY\MinPaper\MyAutoAugument\outputs\datasets\tiled\tiled_1024_ov20_full_safe_no_ok_position\images\val\2025-08-11-19-47-12ps5_tile_0012.jpg,10,锡丝残留,"[450.9997863769531, 21.000701904296875, 515.0007934570312, 136.0010223388672]",7360.136322344188,small,90.81589673913044,29.391555325766586,29.391555325766586,False,False,edge,False,FN,clahe_clip2,False,,,1,,,0.0,0.0,clahe clip_limit=2.0 tile=8
E:\TJGY\MinPaper\MyAutoAugument\outputs\datasets\tiled\tiled_1024_ov20_full_safe_no_ok_position\images\val\2025-08-11-19-48-33ps5_tile_0002.jpg,10,锡丝残留,"[583.0010375976562, 918.9995727539062, 650.0014038085938, 1013.9990844726562]",6365.002075016499,small,82.86457187745484,29.289360786741216,29.289360786741216,False,False,edge,False,FN,clahe_clip2,False,,,11,,,0.0,0.0,clahe clip_limit=2.0 tile=8
E:\TJGY\MinPaper\MyAutoAugument\outputs\datasets\tiled\tiled_1024_ov20_full_safe_no_ok_position\images\val\2025-08-11-19-48-33ps5_tile_0007.jpg,10,锡丝残留,"[583.0010375976562, 99.99923706054688, 650.0014038085938, 194.998779296875]",6365.004119705409,small,82.88578161822467,29.26549908145222,29.26549908145222,False,False,edge,False,FN,clahe_clip2,False,,,1,,,0.0,0.0,clahe clip_limit=2.0 tile=8
E:\TJGY\MinPaper\MyAutoAugument\outputs\datasets\tiled\tiled_1024_ov20_full_safe_no_ok_position\images\val\2025-08-11-19-48-33ps5_tile_0012.jpg,10,锡丝残留,"[583.0010375976562, 40.99942398071289, 650.0014038085938, 135.9989776611328]",6365.00488646375,small,82.8725844461901,29.26325957101295,29.26325957101295,False,False,edge,False,FN,clahe_clip2,False,,,11,,,0.0,0.0,clahe clip_limit=2.0 tile=8
E:\TJGY\MinPaper\MyAutoAugument\outputs\datasets\tiled\tiled_1024_ov20_full_safe_no_ok_position\images\val\2025-08-11-19-48-39ps5_tile_0002.jpg,11,锡尖,"[260.00177001953125, 969.9993896484375, 426.99981689453125, 1022.0001220703125]",8684.020750522614,small,131.6589129433441,28.84888457853096,28.84888457853096,False,False,edge,False,FN,clahe_clip2,False,,,,,,0.0,0.0,clahe clip_limit=2.0 tile=8
E:\TJGY\MinPaper\MyAutoAugument\outputs\datasets\tiled\tiled_1024_ov20_full_safe_no_ok_position\images\val\2025-08-12-01-35-13ps5_NGyuan_tile_0008.jpg,7,碰伤,"[284.9986572265625, 695.0006103515625, 294.9990234375, 707.0008544921875]",120.00683602690697,tiny,68.83333333333333,13.364338949441365,13.364338949441365,False,True,center,False,FN,clahe_clip2,False,,,1,,,0.0,0.0,clahe clip_limit=2.0 tile=8
E:\TJGY\MinPaper\MyAutoAugument\outputs\datasets\tiled\tiled_1024_ov20_full_safe_no_ok_position\images\val\2025-08-12-01-35-13ps5_NGyuan_tile_0009.jpg,7,碰伤,"[169.9983367919922, 695.0006103515625, 179.9987335205078, 707.0008544921875]",120.00720224529505,tiny,68.89166666666667,13.415038721110308,13.415038721110308,False,True,edge,False,FN,clahe_clip2,False,,,,,,0.0,0.0,clahe clip_limit=2.0 tile=8
E:\TJGY\MinPaper\MyAutoAugument\outputs\datasets\tiled\tiled_1024_ov20_full_safe_no_ok_position\images\val\2025-08-12-01-35-13ps5_NGyuan_tile_0013.jpg,7,碰伤,"[284.9986572265625, 635.999755859375, 294.9990234375, 648.0]",120.00683602690697,tiny,68.75,13.430841373495555,13.430841373495555,False,True,center,False,FN,clahe_clip2,False,,,1,,,0.0,0.0,clahe clip_limit=2.0 tile=8
E:\TJGY\MinPaper\MyAutoAugument\outputs\datasets\tiled\tiled_1024_ov20_full_safe_no_ok_position\images\val\2025-08-12-01-35-13ps5_NGyuan_tile_0014.jpg,7,碰伤,"[169.9983367919922, 635.999755859375, 179.9987335205078, 648.0]",120.00720224529505,tiny,68.825,13.406256313129825,13.406256313129825,False,True,edge,False,FN,clahe_clip2,False,,,,,,0.0,0.0,clahe clip_limit=2.0 tile=8
E:\TJGY\MinPaper\MyAutoAugument\outputs\datasets\tiled\tiled_1024_ov20_full_safe_no_ok_position\images\val\2025-08-21-05-20-58ps5_NGyuan_tile_0010.jpg,7,碰伤,"[778.0018920898438, 644.0003051757812, 802.0014038085938, 658.0014038085938]",336.0195307135582,tiny,98.25297619047619,9.744885261578911,9.744885261578911,False,True,center,False,FN,clahe_clip2,False,,,8,,,0.0,0.0,clahe clip_limit=2.0 tile=8
E:\TJGY\MinPaper\MyAutoAugument\outputs\datasets\tiled\tiled_1024_ov20_full_safe_no_ok_position\images\val\2025-09-02-07-01-17ps5_NGyuan_tile_0007.jpg,11,锡尖,"[728.0009765625, 371.9992370605469, 780.0028076171875, 418.9997863769531]",2444.114625029266,small,91.18780687397708,32.5586892764388,32.5586892764388,False,False,center,False,FN,clahe_clip2,False,,,,,,0.0,0.0,clahe clip_limit=2.0 tile=8
E:\TJGY\MinPaper\MyAutoAugument\outputs\datasets\tiled\tiled_1024_ov20_full_safe_no_ok_position\images\val\2025-09-02-07-01-17ps5_NGyuan_tile_0012.jpg,11,锡尖,"[728.0009765625, 312.99945068359375, 780.0028076171875, 360.0]",2444.114625029266,small,91.1665302782324,32.57385679580332,32.57385679580332,False,False,center,False,FN,clahe_clip2,False,,,8,,,0.0,0.0,clahe clip_limit=2.0 tile=8
E:\TJGY\MinPaper\MyAutoAugument\outputs\datasets\tiled\tiled_1024_ov20_full_safe_no_ok_position\images\val\2025-09-02-08-24-16ps5_NGyuan_tile_0001.jpg,7,碰伤,"[504.9999084472656, 779.999755859375, 529.9998168945312, 790.99853515625]",274.9684754535556,tiny,67.17090909090909,16.44328735908832,16.44328735908832,False,True,center,False,FN,clahe_clip2,False,,,,,,0.0,0.0,clahe clip_limit=2.0 tile=8
E:\TJGY\MinPaper\MyAutoAugument\outputs\datasets\tiled\tiled_1024_ov20_full_safe_no_ok_position\images\val\2025-09-02-15-04-54ps5_NGyuan_tile_0007.jpg,6,漏背锡,"[592.9998779296875, 346.0003662109375, 857.9998779296875, 424.99993896484375]",20934.886779785156,medium,93.02302364461428,40.044814221721936,40.044814221721936,False,False,center,False,FN,clahe_clip2,False,0.34707674384117126,0.3047909736633301,6,0.25203555822372437,0.6360679864883423,0.0950411856174469,-0.3312770128250122,clahe clip_limit=2.0 tile=8
E:\TJGY\MinPaper\MyAutoAugument\outputs\datasets\tiled\tiled_1024_ov20_full_safe_no_ok_position\images\val\2025-09-02-15-04-54ps5_NGyuan_tile_0012.jpg,6,漏背锡,"[592.9998779296875, 287.0005798339844, 857.9998779296875, 366.0001525878906]",20934.886779785156,medium,93.03625507523286,40.043653921247,40.043653921247,False,False,center,False,FN,clahe_clip2,False,0.38019266724586487,0.3624749481678009,6,0.2679309844970703,0.768899142742157,0.11226168274879456,-0.4064241945743561,clahe clip_limit=2.0 tile=8
E:\TJGY\MinPaper\MyAutoAugument\outputs\datasets\tiled\tiled_1024_ov20_full_safe_no_ok_position\images\val\2025-09-02-20-35-27ps5_NGyuan_tile_0007.jpg,6,漏背锡,"[495.9979248046875, 399.0010681152344, 710.9990234375, 448.0005187988281]",10534.935729376972,medium,142.15007119126722,62.38630949557069,62.38630949557069,False,False,center,False,FN,clahe_clip2,False,0.0,0.8839080333709717,6,0.0,0.8630314469337463,0.0,0.020876586437225342,clahe clip_limit=2.0 tile=8
E:\TJGY\MinPaper\MyAutoAugument\outputs\datasets\tiled\tiled_1024_ov20_full_safe_no_ok_position\images\val\2025-09-09-21-08-16ps5_tile_0005.jpg,7,碰伤,"[620.9991455078125, 429.00018310546875, 674.0003662109375, 473.9998779296875]",2385.0387569516897,small,83.34633123689727,8.341202081152689,8.341202081152689,False,True,center,False,FN,clahe_clip2,False,,,,,,0.0,0.0,clahe clip_limit=2.0 tile=8
E:\TJGY\MinPaper\MyAutoAugument\outputs\datasets\tiled\tiled_1024_ov20_full_safe_no_ok_position\images\val\2025-09-09-21-08-16ps5_tile_0010.jpg,7,碰伤,"[620.9991455078125, 370.0003662109375, 674.0003662109375, 415.00006103515625]",2385.0387569516897,small,83.31949685534592,8.310901718698924,8.310901718698924,False,True,center,False,FN,clahe_clip2,False,,,,,,0.0,0.0,clahe clip_limit=2.0 tile=8
E:\TJGY\MinPaper\MyAutoAugument\outputs\datasets\tiled\tiled_1024_ov20_full_safe_no_ok_position\images\val\2025-09-09-21-09-08ps5_tile_0002.jpg,7,碰伤,"[268.99969482421875, 636.000244140625, 350.0001220703125, 668.9996337890625]",2672.964660383761,small,71.33370744481856,13.990167208105312,13.990167208105312,False,True,center,False,FN,clahe_clip2,True,0.7232760787010193,0.26556190848350525,7,,,0.7232760787010193,0.26556190848350525,clahe clip_limit=2.0 tile=8
E:\TJGY\MinPaper\MyAutoAugument\outputs\datasets\tiled\tiled_1024_ov20_full_safe_no_ok_position\images\val\2025-09-09-21-09-08ps5_tile_0002.jpg,7,碰伤,"[896.0, 637.0001831054688, 967.99951171875, 685.9995727539062]",3527.932129204273,small,60.058956916099774,24.542952173817785,24.542952173817785,False,False,edge,False,FN,clahe_clip2,False,0.0,0.26556190848350525,7,,,0.0,0.26556190848350525,clahe clip_limit=2.0 tile=8
E:\TJGY\MinPaper\MyAutoAugument\outputs\datasets\tiled\tiled_1024_ov20_full_safe_no_ok_position\images\val\2025-09-09-21-09-08ps5_tile_0003.jpg,7,碰伤,"[77.00070190429688, 637.0001831054688, 149.0001983642578, 685.9995727539062]",3527.9313815329224,small,60.06235827664399,24.52822591520583,24.52822591520583,False,False,edge,False,FN,clahe_clip2,False,,,,,,0.0,0.0,clahe clip_limit=2.0 tile=8
E:\TJGY\MinPaper\MyAutoAugument\outputs\datasets\tiled\tiled_1024_ov20_full_safe_no_ok_position\images\val\2025-09-09-21-09-08ps5_tile_0006.jpg,9,轮廓划伤,"[423.0005798339844, 792.00048828125, 472.9994201660156, 853.9996337890625]",3099.8853769674897,small,73.83129032258064,11.283484431491578,11.283484431491578,False,True,edge,False,FN,clahe_clip2,False,,,7,,,0.0,0.0,clahe clip_limit=2.0 tile=8
E:\TJGY\MinPaper\MyAutoAugument\outputs\datasets\tiled\tiled_1024_ov20_full_safe_no_ok_position\images\val\2025-09-09-21-09-08ps5_tile_0011.jpg,9,轮廓划伤,"[423.0005798339844, 733.0006713867188, 472.9994201660156, 794.9998168945312]",3099.8853769674897,small,73.80677419354839,11.264664388596808,11.264664388596808,False,True,center,False,FN,clahe_clip2,False,,,7,,,0.0,0.0,clahe clip_limit=2.0 tile=8
E:\TJGY\MinPaper\MyAutoAugument\outputs\datasets\tiled\tiled_1024_ov20_full_safe_no_ok_position\images\val\2025-09-15-17-40-22ps5_tile_0002.jpg,2,加强筋打伤,"[780.000244140625, 491.00030517578125, 825.0009765625, 563.0007934570312]",3240.074707388878,small,58.91203703703704,12.028771200385384,12.028771200385384,True,True,center,False,FN,clahe_clip2,False,0.45724019408226013,0.295504629611969,2,,,0.45724019408226013,0.295504629611969,clahe clip_limit=2.0 tile=8
E:\TJGY\MinPaper\MyAutoAugument\outputs\datasets\tiled\tiled_1024_ov20_full_safe_no_ok_position\images\val\2025-09-15-17-40-45ps5_tile_0003.jpg,9,轮廓划伤,"[614.99853515625, 768.9994506835938, 658.998779296875, 878.9995727539062]",4840.032226592302,small,43.10144628099174,5.880616532374243,5.880616532374243,True,True,edge,False,FN,clahe_clip2,False,0.0,0.8801926970481873,9,0.0,0.8685526251792908,0.0,0.011640071868896484,clahe clip_limit=2.0 tile=8
E:\TJGY\MinPaper\MyAutoAugument\outputs\datasets\tiled\tiled_1024_ov20_full_safe_no_ok_position\images\val\2025-09-15-17-40-45ps5_tile_0005.jpg,7,碰伤,"[658.001953125, 365.9991149902344, 696.00048828125, 410.0003967285156]",1671.9842510521412,small,80.13516746411483,19.512654649717266,19.512654649717266,False,True,center,False,FN,clahe_clip2,False,,,2,,,0.0,0.0,clahe clip_limit=2.0 tile=8
E:\TJGY\MinPaper\MyAutoAugument\outputs\datasets\tiled\tiled_1024_ov20_full_safe_no_ok_position\images\val\2025-09-15-17-40-45ps5_tile_0008.jpg,9,轮廓划伤,"[667.999755859375, 143.99948120117188, 736.00048828125, 280.0]",9248.134888075292,small,52.046820934256054,11.056431250044772,11.056431250044772,True,True,center,False,FN,clahe_clip2,False,,,7,0.0,0.6813665628433228,0.0,-0.6813665628433228,clahe clip_limit=2.0 tile=8
E:\TJGY\MinPaper\MyAutoAugument\outputs\datasets\tiled\tiled_1024_ov20_full_safe_no_ok_position\images\val\2025-09-15-17-40-45ps5_tile_0009.jpg,9,轮廓划伤,"[552.9994506835938, 143.99948120117188, 621.0001831054688, 280.0]",9248.134888075292,small,52.04163062283737,11.041174963422284,11.041174963422284,True,True,center,False,FN,clahe_clip2,False,0.0,0.5246151685714722,9,0.0,0.4902084767818451,0.0,0.034406691789627075,clahe clip_limit=2.0 tile=8
E:\TJGY\MinPaper\MyAutoAugument\outputs\datasets\tiled\tiled_1024_ov20_full_safe_no_ok_position\images\val\2025-09-15-17-40-45ps5_tile_0013.jpg,9,轮廓划伤,"[588.0007934570312, 129.9998779296875, 647.0005493164062, 266.998779296875]",8082.901733666658,small,45.12247927749598,7.320491860402777,7.320491860402777,True,True,edge,False,FN,clahe_clip2,False,,,7,,,0.0,0.0,clahe clip_limit=2.0 tile=8
E:\TJGY\MinPaper\MyAutoAugument\outputs\datasets\tiled\tiled_1024_ov20_full_safe_no_ok_position\images\val\2025-09-15-17-40-45ps5_tile_0013.jpg,9,轮廓划伤,"[667.999755859375, 84.99967956542969, 736.00048828125, 221.0001983642578]",9248.134888075292,small,52.05590397923876,11.051302284552333,11.051302284552333,True,True,edge,False,FN,clahe_clip2,False,,,7,,,0.0,0.0,clahe clip_limit=2.0 tile=8
E:\TJGY\MinPaper\MyAutoAugument\outputs\datasets\tiled\tiled_1024_ov20_full_safe_no_ok_position\images\val\2025-09-17-00-42-01ps5_NGyuan_tile_0002.jpg,9,轮廓划伤,"[569.9998779296875, 440.9994201660156, 608.9989013671875, 531.9992065429688]",3548.902801722288,small,82.39165962242885,19.955258444015058,19.955258444015058,False,True,center,False,FN,clahe_clip2,False,,,4,,,0.0,0.0,clahe clip_limit=2.0 tile=8
E:\TJGY\MinPaper\MyAutoAugument\outputs\datasets\tiled\tiled_1024_ov20_full_safe_no_ok_position\images\val\2025-09-17-00-42-01ps5_NGyuan_tile_0003.jpg,9,轮廓划伤,"[88.99993896484375, 451.99920654296875, 134.00064086914062, 546.998779296875]",4275.0474545340985,small,61.53426900584795,16.561533177541072,16.561533177541072,False,True,edge,False,FN,clahe_clip2,False,,,,,,0.0,0.0,clahe clip_limit=2.0 tile=8
E:\TJGY\MinPaper\MyAutoAugument\outputs\datasets\tiled\tiled_1024_ov20_full_safe_no_ok_position\images\val\2025-09-17-00-42-01ps5_NGyuan_tile_0007.jpg,9,轮廓划伤,"[825.9993286132812, 569.0009765625, 861.9990844726562, 658.0008544921875]",3203.9738769829273,small,82.04119850187266,27.04385951819281,27.04385951819281,False,False,edge,False,FN,clahe_clip2,False,,,4,,,0.0,0.0,clahe clip_limit=2.0 tile=8
E:\TJGY\MinPaper\MyAutoAugument\outputs\datasets\tiled\tiled_1024_ov20_full_safe_no_ok_position\images\val\2025-09-17-00-42-01ps5_NGyuan_tile_0007.jpg,9,轮廓划伤,"[464.9989318847656, 554.0003662109375, 508.9991760253906, 646.0006103515625]",4048.0332031846046,small,88.09510869565217,25.228170146891692,25.228170146891692,False,False,center,False,FN,clahe_clip2,False,,,4,,,0.0,0.0,clahe clip_limit=2.0 tile=8
E:\TJGY\MinPaper\MyAutoAugument\outputs\datasets\tiled\tiled_1024_ov20_full_safe_no_ok_position\images\val\2025-09-17-00-42-01ps5_NGyuan_tile_0008.jpg,9,轮廓划伤,"[6.999040603637695, 569.0009765625, 42.99878692626953, 658.0008544921875]",3203.97302821395,small,82.03558052434457,27.060123698453427,27.060123698453427,False,False,edge,False,FN,clahe_clip2,False,,,4,,,0.0,0.0,clahe clip_limit=2.0 tile=8
E:\TJGY\MinPaper\MyAutoAugument\outputs\datasets\tiled\tiled_1024_ov20_full_safe_no_ok_position\images\val\2025-09-17-00-42-01ps5_NGyuan_tile_0012.jpg,9,轮廓划伤,"[825.9993286132812, 510.0011291503906, 861.9990844726562, 599.0010986328125]",3203.977172859013,small,82.05087390761548,27.03131251511788,27.03131251511788,False,False,edge,False,FN,clahe_clip2,False,,,4,,,0.0,0.0,clahe clip_limit=2.0 tile=8
E:\TJGY\MinPaper\MyAutoAugument\outputs\datasets\tiled\tiled_1024_ov20_full_safe_no_ok_position\images\val\2025-09-17-00-42-01ps5_NGyuan_tile_0012.jpg,9,轮廓划伤,"[464.9989318847656, 495.0006103515625, 508.9991760253906, 587.0008544921875]",4048.0332031846046,small,88.0909090909091,25.217132883679668,25.217132883679668,False,False,center,False,FN,clahe_clip2,False,,,4,,,0.0,0.0,clahe clip_limit=2.0 tile=8
E:\TJGY\MinPaper\MyAutoAugument\outputs\datasets\tiled\tiled_1024_ov20_full_safe_no_ok_position\images\val\2025-09-17-00-42-01ps5_NGyuan_tile_0013.jpg,9,轮廓划伤,"[6.999040603637695, 510.0011291503906, 42.99878692626953, 599.0010986328125]",3203.9763240891625,small,82.05149812734082,27.05617049169587,27.05617049169587,False,False,edge,False,FN,clahe_clip2,False,,,,,,0.0,0.0,clahe clip_limit=2.0 tile=8
E:\TJGY\MinPaper\MyAutoAugument\outputs\datasets\tiled\tiled_1024_ov20_full_safe_no_ok_position\images\val\2025-09-17-01-04-57ps5_NGyuan_tile_0007.jpg,7,碰伤,"[943.9984741210938, 549.001220703125, 1022.9990844726562, 661.000244140625]",8847.991210341454,small,70.38438065099457,27.789816997064424,27.789816997064424,False,False,edge,False,FN,clahe_clip2,False,,,0,,,0.0,0.0,clahe clip_limit=2.0 tile=8
E:\TJGY\MinPaper\MyAutoAugument\outputs\datasets\tiled\tiled_1024_ov20_full_safe_no_ok_position\images\val\2025-09-17-01-04-57ps5_NGyuan_tile_0009.jpg,7,碰伤,"[9.997825622558594, 549.001220703125, 88.99839782714844, 661.000244140625]",8847.986937917769,small,70.39500452079567,27.785352623891168,27.785352623891168,False,False,edge,False,FN,clahe_clip2,False,,,,,,0.0,0.0,clahe clip_limit=2.0 tile=8
E:\TJGY\MinPaper\MyAutoAugument\outputs\datasets\tiled\tiled_1024_ov20_full_safe_no_ok_position\images\val\2025-09-17-01-04-57ps5_NGyuan_tile_0012.jpg,7,碰伤,"[943.9984741210938, 490.0014343261719, 1022.9990844726562, 602.0004272460938]",8847.988799434155,small,70.38381555153707,27.781154746340547,27.781154746340547,False,False,edge,False,FN,clahe_clip2,False,,,1,,,0.0,0.0,clahe clip_limit=2.0 tile=8
E:\TJGY\MinPaper\MyAutoAugument\outputs\datasets\tiled\tiled_1024_ov20_full_safe_no_ok_position\images\val\2025-09-17-01-04-57ps5_NGyuan_tile_0014.jpg,7,碰伤,"[9.997825622558594, 490.0014343261719, 88.99839782714844, 602.0004272460938]",8847.984527011635,small,70.39602169981917,27.783863597371752,27.783863597371752,False,False,edge,False,FN,clahe_clip2,False,,,,,,0.0,0.0,clahe clip_limit=2.0 tile=8
E:\TJGY\MinPaper\MyAutoAugument\outputs\datasets\tiled\tiled_1024_ov20_full_safe_no_ok_position\images\val\2025-09-23-01-12-21ps5_NGyuan_tile_0000.jpg,8,脏污,"[867.0013427734375, 503.0005798339844, 929.9998779296875, 558.0006713867188]",3464.925201281905,small,96.83174603174604,20.809539021020875,20.809539021020875,False,False,edge,False,FN,clahe_clip2,False,,,7,,,0.0,0.0,clahe clip_limit=2.0 tile=8
E:\TJGY\MinPaper\MyAutoAugument\outputs\datasets\tiled\tiled_1024_ov20_full_safe_no_ok_position\images\val\2025-09-23-01-12-21ps5_NGyuan_tile_0001.jpg,8,脏污,"[48.00102615356445, 503.0005798339844, 110.99955749511719, 558.0006713867188]",3464.9249914732063,small,96.83376623376624,20.802404743265633,20.802404743265633,False,False,edge,False,FN,clahe_clip2,False,,,7,,,0.0,0.0,clahe clip_limit=2.0 tile=8
E:\TJGY\MinPaper\MyAutoAugument\outputs\datasets\tiled\tiled_1024_ov20_full_safe_no_ok_position\images\val\2025-09-23-12-23-50ps5_NGyuan_tile_0007.jpg,1,OK3,"[535.99951171875, 675.0003051757812, 712.9979248046875, 710.0006713867188]",6195.009276762605,small,68.44229217110573,12.546360320682469,12.546360320682469,False,True,center,False,FN,clahe_clip2,False,,,0,,,0.0,0.0,clahe clip_limit=2.0 tile=8
E:\TJGY\MinPaper\MyAutoAugument\outputs\datasets\tiled\tiled_1024_ov20_full_safe_no_ok_position\images\val\2025-10-11-06-43-38ps5_tile_0004.jpg,7,碰伤,"[785.0004272460938, 780.9996948242188, 939.9992065429688, 1000.9999389648438]",34099.76928681135,medium,53.30431085043988,18.205265879869607,18.205265879869607,True,True,corner,False,FN,clahe_clip2,False,,,,,,0.0,0.0,clahe clip_limit=2.0 tile=8
E:\TJGY\MinPaper\MyAutoAugument\outputs\datasets\tiled\tiled_1024_ov20_full_safe_no_ok_position\images\val\2025-10-11-06-43-38ps5_tile_0009.jpg,7,碰伤,"[833.00146484375, 496.00048828125, 952.00048828125, 672.00048828125]",20943.828125,medium,53.00940603514133,15.966843311164997,15.966843311164997,True,True,edge,False,FN,clahe_clip2,False,,,,,,0.0,0.0,clahe clip_limit=2.0 tile=8
E:\TJGY\MinPaper\MyAutoAugument\outputs\datasets\tiled\tiled_1024_ov20_full_safe_no_ok_position\images\val\2025-10-11-06-43-38ps5_tile_0012.jpg,1,OK3,"[825.0009765625, 564.000732421875, 944.9993896484375, 625.9998779296875]",7439.799073621631,small,60.81760752688172,12.480530501060455,12.480530501060455,False,True,edge,False,FN,clahe_clip2,False,,,0,,,0.0,0.0,clahe clip_limit=2.0 tile=8
E:\TJGY\MinPaper\MyAutoAugument\outputs\datasets\tiled\tiled_1024_ov20_full_safe_no_ok_position\images\val\2025-10-11-06-43-38ps5_tile_0013.jpg,1,OK3,"[6.001659393310547, 564.000732421875, 126.0001220703125, 625.9998779296875]",7439.802148225252,small,60.82231182795699,12.474237409818958,12.474237409818958,False,True,edge,False,FN,clahe_clip2,True,0.8755511045455933,0.5607777237892151,1,,,0.8755511045455933,0.5607777237892151,clahe clip_limit=2.0 tile=8
E:\TJGY\MinPaper\MyAutoAugument\outputs\datasets\tiled\tiled_1024_ov20_full_safe_no_ok_position\images\val\2025-10-11-06-43-38ps5_tile_0014.jpg,7,碰伤,"[833.00146484375, 437.000732421875, 952.00048828125, 613.000732421875]",20943.828125,medium,53.00868983957219,15.957455759330232,15.957455759330232,True,True,edge,False,FN,clahe_clip2,False,,,,,,0.0,0.0,clahe clip_limit=2.0 tile=8
E:\TJGY\MinPaper\MyAutoAugument\outputs\datasets\tiled\tiled_1024_ov20_full_safe_no_ok_position\images\val\2025-10-17-13-38-05ps5_NGyuan_tile_0002.jpg,8,脏污,"[97.9993667602539, 625.00146484375, 315.999755859375, 758.0006103515625]",28993.86547055375,medium,92.81903152376354,27.81747796575795,27.81747796575795,False,False,center,False,FN,clahe_clip2,True,0.8498693704605103,0.5783787965774536,8,,,0.8498693704605103,0.5783787965774536,clahe clip_limit=2.0 tile=8
E:\TJGY\MinPaper\MyAutoAugument\outputs\datasets\tiled\tiled_1024_ov20_full_safe_no_ok_position\images\val\2025-10-17-15-21-16ps5_NGyuan_tile_0001.jpg,7,碰伤,"[370.9992980957031, 653.0001831054688, 397.9980773925781, 676.9996948242188]",647.9575201272964,tiny,76.18672839506173,7.7350419033912425,7.7350419033912425,False,True,center,False,FN,clahe_clip2,False,0.0,0.6124975681304932,7,0.0,0.711706280708313,0.0,-0.09920871257781982,clahe clip_limit=2.0 tile=8
E:\TJGY\MinPaper\MyAutoAugument\outputs\datasets\tiled\tiled_1024_ov20_full_safe_no_ok_position\images\val\2025-10-17-15-21-16ps5_NGyuan_tile_0005.jpg,7,碰伤,"[891.9987182617188, 703.99951171875, 935.9989624023438, 729.9998779296875]",1144.022461026907,small,82.23076923076923,6.091169014871003,6.091169014871003,False,True,edge,False,FN,clahe_clip2,False,,,,,,0.0,0.0,clahe clip_limit=2.0 tile=8
E:\TJGY\MinPaper\MyAutoAugument\outputs\datasets\tiled\tiled_1024_ov20_full_safe_no_ok_position\images\val\2025-10-17-15-21-16ps5_NGyuan_tile_0010.jpg,7,碰伤,"[891.9987182617188, 644.9996948242188, 935.9989624023438, 671.0000610351562]",1144.022461026907,small,82.25961538461539,6.116146679218979,6.116146679218979,False,True,edge,False,FN,clahe_clip2,False,,,,,,0.0,0.0,clahe clip_limit=2.0 tile=8
E:\TJGY\MinPaper\MyAutoAugument\outputs\datasets\tiled\tiled_1024_ov20_full_safe_no_ok_position\images\val\2025-10-17-15-21-16ps5_NGyuan_tile_0011.jpg,7,碰伤,"[72.99839782714844, 644.9996948242188, 116.9986572265625, 671.0000610351562]",1144.0228577610105,small,82.26923076923077,6.0766575138929095,6.0766575138929095,False,True,edge,False,FN,clahe_clip2,False,,,,,,0.0,0.0,clahe clip_limit=2.0 tile=8
E:\TJGY\MinPaper\MyAutoAugument\outputs\datasets\tiled\tiled_1024_ov20_full_safe_no_ok_position\images\val\2025-10-22-13-52-23ps5_NGyuan_tile_0007.jpg,12,锡膏,"[213.9990997314453, 268.9996643066406, 273.9983215332031, 304.9994201660156]",2159.957336615771,small,210.7685185185185,35.23007881570474,35.23007881570474,False,False,center,False,FN,clahe_clip2,False,,,0,,,0.0,0.0,clahe clip_limit=2.0 tile=8
E:\TJGY\MinPaper\MyAutoAugument\outputs\datasets\tiled\tiled_1024_ov20_full_safe_no_ok_position\images\val\2025-10-22-13-52-23ps5_NGyuan_tile_0012.jpg,12,锡膏,"[213.9990997314453, 209.99986267089844, 273.9983215332031, 245.99961853027344]",2159.957336615771,small,210.7699074074074,35.20862849305262,35.20862849305262,False,False,center,False,FN,clahe_clip2,False,,,0,,,0.0,0.0,clahe clip_limit=2.0 tile=8
E:\TJGY\MinPaper\MyAutoAugument\outputs\datasets\tiled\tiled_1024_ov20_full_safe_no_ok_position\images\val\2025-10-31-03-46-08ps5_NGyuan_tile_0006.jpg,5,浅划伤,"[213.99911499023438, 679.99951171875, 291.0008239746094, 736.0]",4312.133301615715,small,87.8409090909091,9.498692220750025,9.498692220750025,False,True,center,False,FN,clahe_clip2,False,,,7,,,0.0,0.0,clahe clip_limit=2.0 tile=8
E:\TJGY\MinPaper\MyAutoAugument\outputs\datasets\tiled\tiled_1024_ov20_full_safe_no_ok_position\images\val\2025-10-31-03-46-08ps5_NGyuan_tile_0011.jpg,5,浅划伤,"[213.99911499023438, 620.9996948242188, 291.0008239746094, 677.0001831054688]",4312.133301615715,small,87.8471706864564,9.498318929995587,9.498318929995587,False,True,center,False,FN,clahe_clip2,False,,,7,,,0.0,0.0,clahe clip_limit=2.0 tile=8
E:\TJGY\MinPaper\MyAutoAugument\outputs\datasets\tiled\tiled_1024_ov20_full_safe_no_ok_position\images\val\2025-11-01-14-42-20ps5_NGyuan_tile_0003.jpg,7,碰伤,"[500.000244140625, 899.999755859375, 605.9996337890625, 977.00048828125]",8162.030639201403,small,50.66172506738545,18.150312464313096,18.150312464313096,True,True,edge,False,FN,clahe_clip2,False,0.0,0.6530424356460571,7,0.0,0.7693948745727539,0.0,-0.11635243892669678,clahe clip_limit=2.0 tile=8
E:\TJGY\MinPaper\MyAutoAugument\outputs\datasets\tiled\tiled_1024_ov20_full_safe_no_ok_position\images\val\2025-11-01-14-42-20ps5_NGyuan_tile_0004.jpg,7,碰伤,"[384.99993896484375, 899.999755859375, 490.999267578125, 977.00048828125]",8162.025939449668,small,50.65645675079637,18.16103435712057,18.16103435712057,True,True,edge,False,FN,clahe_clip2,False,,,,,,0.0,0.0,clahe clip_limit=2.0 tile=8
E:\TJGY\MinPaper\MyAutoAugument\outputs\datasets\tiled\tiled_1024_ov20_full_safe_no_ok_position\images\val\2025-11-01-14-42-20ps5_NGyuan_tile_0005.jpg,7,碰伤,"[372.0007629394531, 847.9994506835938, 434.9992980957031, 944.9999389648438]",6110.888671159744,small,73.78972344951727,10.3877121956301,10.3877121956301,False,True,edge,False,FN,clahe_clip2,False,,,,,,0.0,0.0,clahe clip_limit=2.0 tile=8
E:\TJGY\MinPaper\MyAutoAugument\outputs\datasets\tiled\tiled_1024_ov20_full_safe_no_ok_position\images\val\2025-11-01-14-42-20ps5_NGyuan_tile_0008.jpg,7,碰伤,"[594.0014038085938, 581.9996337890625, 643.0007934570312, 670.99951171875]",4360.939697340131,small,61.634716808071545,8.350099978877372,8.350099978877372,False,True,center,False,FN,clahe_clip2,False,,,9,,,0.0,0.0,clahe clip_limit=2.0 tile=8
E:\TJGY\MinPaper\MyAutoAugument\outputs\datasets\tiled\tiled_1024_ov20_full_safe_no_ok_position\images\val\2025-11-01-14-42-20ps5_NGyuan_tile_0008.jpg,7,碰伤,"[342.998046875, 683.0003051757812, 490.998779296875, 816.9999389648438]",19832.04394504428,medium,46.13816054860831,9.892181567104181,9.892181567104181,True,True,center,False,FN,clahe_clip2,False,,,9,,,0.0,0.0,clahe clip_limit=2.0 tile=8
E:\TJGY\MinPaper\MyAutoAugument\outputs\datasets\tiled\tiled_1024_ov20_full_safe_no_ok_position\images\val\2025-11-01-14-42-20ps5_NGyuan_tile_0008.jpg,7,碰伤,"[500.000244140625, 80.99942779541016, 605.9996337890625, 158.0001220703125]",8162.026595645584,small,50.6691987258025,18.166714261311874,18.166714261311874,True,True,edge,False,FN,clahe_clip2,False,,,9,,,0.0,0.0,clahe clip_limit=2.0 tile=8
E:\TJGY\MinPaper\MyAutoAugument\outputs\datasets\tiled\tiled_1024_ov20_full_safe_no_ok_position\images\val\2025-11-01-14-42-20ps5_NGyuan_tile_0009.jpg,7,碰伤,"[479.0010681152344, 581.9996337890625, 528.00048828125, 670.99951171875]",4360.942413400859,small,61.649163036000914,8.381732074677439,8.381732074677439,False,True,center,False,FN,clahe_clip2,False,,,9,0.0,0.36237359046936035,0.0,-0.36237359046936035,clahe clip_limit=2.0 tile=8
E:\TJGY\MinPaper\MyAutoAugument\outputs\datasets\tiled\tiled_1024_ov20_full_safe_no_ok_position\images\val\2025-11-01-14-42-20ps5_NGyuan_tile_0009.jpg,7,碰伤,"[384.99993896484375, 80.99942779541016, 490.999267578125, 158.0001220703125]",8162.021895896178,small,50.65853957363392,18.18350789983095,18.18350789983095,True,True,edge,False,FN,clahe_clip2,False,,,9,0.0,0.36237359046936035,0.0,-0.36237359046936035,clahe clip_limit=2.0 tile=8
E:\TJGY\MinPaper\MyAutoAugument\outputs\datasets\tiled\tiled_1024_ov20_full_safe_no_ok_position\images\val\2025-11-01-14-42-20ps5_NGyuan_tile_0010.jpg,7,碰伤,"[372.0007629394531, 788.9986572265625, 434.9992980957031, 885.9991455078125]",6110.888671159744,small,73.77974144984454,10.409780498474799,10.409780498474799,False,True,edge,False,FN,clahe_clip2,False,,,,,,0.0,0.0,clahe clip_limit=2.0 tile=8
E:\TJGY\MinPaper\MyAutoAugument\outputs\datasets\tiled\tiled_1024_ov20_full_safe_no_ok_position\images\val\2025-11-01-14-42-20ps5_NGyuan_tile_0013.jpg,7,碰伤,"[594.0014038085938, 522.998779296875, 643.0007934570312, 611.998779296875]",4360.9456787109375,small,61.65099747764274,8.370885904884908,8.370885904884908,False,True,center,False,FN,clahe_clip2,False,,,9,0.0,0.5604667067527771,0.0,-0.5604667067527771,clahe clip_limit=2.0 tile=8
E:\TJGY\MinPaper\MyAutoAugument\outputs\datasets\tiled\tiled_1024_ov20_full_safe_no_ok_position\images\val\2025-11-01-14-42-20ps5_NGyuan_tile_0013.jpg,7,碰伤,"[500.000244140625, 21.999618530273438, 605.9996337890625, 99.00032043457031]",8162.027404356748,small,50.657926978681694,18.16755758235728,18.16755758235728,True,True,edge,False,FN,clahe_clip2,False,,,9,0.0,0.5604667067527771,0.0,-0.5604667067527771,clahe clip_limit=2.0 tile=8
E:\TJGY\MinPaper\MyAutoAugument\outputs\datasets\tiled\tiled_1024_ov20_full_safe_no_ok_position\images\val\2025-11-01-14-42-20ps5_NGyuan_tile_0014.jpg,7,碰伤,"[384.99993896484375, 21.999618530273438, 490.999267578125, 99.00032043457031]",8162.022704606876,small,50.65290370007351,18.163884330448102,18.163884330448102,True,True,edge,False,FN,clahe_clip2,False,0.0,0.3247992992401123,7,0.0,0.48193860054016113,0.0,-0.15713930130004883,clahe clip_limit=2.0 tile=8
E:\TJGY\MinPaper\MyAutoAugument\outputs\datasets\tiled\tiled_1024_ov20_full_safe_no_ok_position\images\val\2025-11-12-16-33-42ps5_NGyuan_tile_0006.jpg,7,碰伤,"[650.998291015625, 6.000639915466309, 692.000244140625, 24.999935150146484]",779.0082126203924,tiny,77.55198973042361,16.23695860274999,16.23695860274999,False,True,edge,False,FN,clahe_clip2,False,,,,,,0.0,0.0,clahe clip_limit=2.0 tile=8
E:\TJGY\MinPaper\MyAutoAugument\outputs\datasets\tiled\tiled_1024_ov20_full_safe_no_ok_position\images\val\2229344f-2025-05-09-18-28-13ps5_tile_0002.jpg,10,锡丝残留,"[425.9978332519531, 917.0001831054688, 709.9991455078125, 974.9995727539062]",16471.902770195156,medium,51.756313744536186,28.19032209028167,28.19032209028167,True,False,edge,False,FN,clahe_clip2,False,,,,,,0.0,0.0,clahe clip_limit=2.0 tile=8
E:\TJGY\MinPaper\MyAutoAugument\outputs\datasets\tiled\tiled_1024_ov20_full_safe_no_ok_position\images\val\2229344f-2025-05-09-18-28-13ps5_tile_0007.jpg,10,锡丝残留,"[425.9978332519531, 97.99987030029297, 709.9991455078125, 155.99923706054688]",16471.89626992098,medium,51.75728508984944,28.200555790248156,28.200555790248156,True,False,edge,False,FN,clahe_clip2,False,,,12,,,0.0,0.0,clahe clip_limit=2.0 tile=8
E:\TJGY\MinPaper\MyAutoAugument\outputs\datasets\tiled\tiled_1024_ov20_full_safe_no_ok_position\images\val\a91db891-2025-04-13-11-39-07ps5_tile_0002.jpg,7,碰伤,"[374.00115966796875, 808.00048828125, 396.00177001953125, 816.0]",175.99414032697678,tiny,29.619318181818183,9.131456096604467,9.131456096604467,True,True,center,False,FN,clahe_clip2,False,,,,0.0,0.6018717288970947,0.0,-0.6018717288970947,clahe clip_limit=2.0 tile=8
E:\TJGY\MinPaper\MyAutoAugument\outputs\datasets\tiled\tiled_1024_ov20_full_safe_no_ok_position\images\val\a91db891-2025-04-13-11-39-07ps5_tile_0004.jpg,7,碰伤,"[334.0006408691406, 957.9996337890625, 346.0008850097656, 973.9996337890625]",192.00390625,tiny,33.760416666666664,13.989761726338381,13.989761726338381,True,True,edge,False,FN,clahe_clip2,False,,,,,,0.0,0.0,clahe clip_limit=2.0 tile=8
E:\TJGY\MinPaper\MyAutoAugument\outputs\datasets\tiled\tiled_1024_ov20_full_safe_no_ok_position\images\val\a91db891-2025-04-13-11-39-07ps5_tile_0006.jpg,7,碰伤,"[373.99859619140625, 880.9999389648438, 439.00006103515625, 896.9999389648438]",1040.0234375,tiny,39.90480769230769,16.103558372940746,16.103558372940746,True,True,edge,False,FN,clahe_clip2,False,,,,0.0,0.2767678499221802,0.0,-0.2767678499221802,clahe clip_limit=2.0 tile=8
E:\TJGY\MinPaper\MyAutoAugument\outputs\datasets\tiled\tiled_1024_ov20_full_safe_no_ok_position\images\val\a91db891-2025-04-13-11-39-07ps5_tile_0009.jpg,7,碰伤,"[334.0006408691406, 138.99929809570312, 346.0008850097656, 154.99929809570312]",192.00390625,tiny,33.739583333333336,13.970388917029316,13.970388917029316,True,True,edge,False,FN,clahe_clip2,False,,,,,,0.0,0.0,clahe clip_limit=2.0 tile=8
E:\TJGY\MinPaper\MyAutoAugument\outputs\datasets\tiled\tiled_1024_ov20_full_safe_no_ok_position\images\val\a91db891-2025-04-13-11-39-07ps5_tile_0014.jpg,7,碰伤,"[334.0006408691406, 79.9994888305664, 346.0008850097656, 95.9994888305664]",192.00390625,tiny,33.786458333333336,13.92319796682012,13.92319796682012,True,True,edge,False,FN,clahe_clip2,False,,,,,,0.0,0.0,clahe clip_limit=2.0 tile=8
E:\TJGY\MinPaper\MyAutoAugument\outputs\datasets\tiled\tiled_1024_ov20_full_safe_no_ok_position\images\val\ce0d1787-2025-04-25-11-20-04ps5_NGyuan_tile_0007.jpg,12,锡膏,"[463.99896240234375, 184.99891662597656, 601.9993286132812, 294.9990539550781]",15180.059234669432,medium,116.9655467720685,31.009908507174064,31.009908507174064,False,False,center,False,FN,clahe_clip2,False,,,8,,,0.0,0.0,clahe clip_limit=2.0 tile=8
E:\TJGY\MinPaper\MyAutoAugument\outputs\datasets\tiled\tiled_1024_ov20_full_safe_no_ok_position\images\val\ce0d1787-2025-04-25-11-20-04ps5_NGyuan_tile_0012.jpg,12,锡膏,"[463.99896240234375, 125.99909973144531, 601.9993286132812, 235.9992218017578]",15180.057128950953,medium,116.96752305665349,31.00227688190202,31.00227688190202,False,False,edge,False,FN,clahe_clip2,False,,,8,,,0.0,0.0,clahe clip_limit=2.0 tile=8
E:\TJGY\MinPaper\MyAutoAugument\outputs\datasets\tiled\tiled_1024_ov20_full_safe_no_ok_position\images\val\105acebc-2025-05-09-18-24-19ps5_tile_0000.jpg,7,碰伤,"[912.9993896484375, 569.9989013671875, 931.0013427734375, 578.998779296875]",162.01538062095642,tiny,33.98765432098765,11.577429966155993,11.577429966155993,True,True,edge,False,FN,clahe_clip3,True,0.598555862903595,0.5434243679046631,7,0.3009812533855438,0.9500972628593445,0.29757460951805115,-0.4066728949546814,clahe clip_limit=3.0 tile=8
E:\TJGY\MinPaper\MyAutoAugument\outputs\datasets\tiled\tiled_1024_ov20_full_safe_no_ok_position\images\val\13d91ebd-2025-04-13-11-32-17ps5_tile_0010.jpg,7,碰伤,"[525.0022583007812, 711.0015869140625, 550.0011596679688, 735.0010986328125]",599.9614263176918,tiny,31.981666666666666,9.476884010873803,9.476884010873803,True,True,center,False,FN,clahe_clip3,False,,,8,0.0,0.837761402130127,0.0,-0.837761402130127,clahe clip_limit=3.0 tile=8
E:\TJGY\MinPaper\MyAutoAugument\outputs\datasets\tiled\tiled_1024_ov20_full_safe_no_ok_position\images\val\182e7d02-2025-04-22-16-40-10ps5_NGyuan_tile_0001.jpg,7,碰伤,"[494.002197265625, 576.0, 531.0013427734375, 586.0003662109375]",370.0050045698881,tiny,40.229729729729726,15.822279277922496,15.822279277922496,True,True,center,False,FN,clahe_clip3,False,0.08228752762079239,0.3917542099952698,7,0.0,0.8648220896720886,0.08228752762079239,-0.47306787967681885,clahe clip_limit=3.0 tile=8
E:\TJGY\MinPaper\MyAutoAugument\outputs\datasets\tiled\tiled_1024_ov20_full_safe_no_ok_position\images\val\182e7d02-2025-04-22-16-40-10ps5_NGyuan_tile_0007.jpg,12,锡膏,"[311.99896240234375, 112.99890899658203, 425.9998779296875, 240.99993896484375]",14592.2346048248,medium,80.68414199561404,25.61158079643109,25.61158079643109,False,False,edge,False,FN,clahe_clip3,False,,,,,,0.0,0.0,clahe clip_limit=3.0 tile=8
E:\TJGY\MinPaper\MyAutoAugument\outputs\datasets\tiled\tiled_1024_ov20_full_safe_no_ok_position\images\val\2025-05-10-15-39-23ps5_tile_0007.jpg,4,油污,"[15.00006103515625, 628.000244140625, 304.99993896484375, 725.000732421875]",28130.129760682583,medium,54.22619978670458,15.326970402266443,15.326970402266443,True,True,edge,False,FN,clahe_clip3,False,0.0,0.4386165738105774,4,0.1353103369474411,0.5343640446662903,-0.1353103369474411,-0.09574747085571289,clahe clip_limit=3.0 tile=8
E:\TJGY\MinPaper\MyAutoAugument\outputs\datasets\tiled\tiled_1024_ov20_full_safe_no_ok_position\images\val\2025-05-10-15-39-23ps5_tile_0012.jpg,4,油污,"[15.00006103515625, 569.0004272460938, 304.99993896484375, 666.0009155273438]",28130.129760682583,medium,54.22321365090651,15.3365902471285,15.3365902471285,True,True,edge,False,FN,clahe_clip3,False,0.0,0.8299427628517151,4,0.14986126124858856,0.9171929359436035,-0.14986126124858856,-0.08725017309188843,clahe clip_limit=3.0 tile=8
E:\TJGY\MinPaper\MyAutoAugument\outputs\datasets\tiled\tiled_1024_ov20_full_safe_no_ok_position\images\val\2025-05-10-15-40-40ps5_tile_0005.jpg,4,油污,"[359.9989929199219, 440.0005187988281, 402.0003967285156, 532.0007934570312]",3864.140686420724,small,34.52329192546584,26.149523784041858,26.149523784041858,True,False,center,False,FN,clahe_clip3,False,,,,,,0.0,0.0,clahe clip_limit=3.0 tile=8
E:\TJGY\MinPaper\MyAutoAugument\outputs\datasets\tiled\tiled_1024_ov20_full_safe_no_ok_position\images\val\2025-05-10-15-40-40ps5_tile_0006.jpg,4,油污,"[66.00038146972656, 801.9993286132812, 299.999755859375, 866.9998168945312]",15210.073592834175,medium,28.58500986193294,14.81777230950077,14.81777230950077,True,True,corner,False,FN,clahe_clip3,False,,,,,,0.0,0.0,clahe clip_limit=3.0 tile=8
E:\TJGY\MinPaper\MyAutoAugument\outputs\datasets\tiled\tiled_1024_ov20_full_safe_no_ok_position\images\val\2025-05-10-15-40-40ps5_tile_0007.jpg,6,漏背锡,"[551.99951171875, 300.00128173828125, 830.99853515625, 412.000244140625]",31247.601136267185,medium,87.3754160266257,51.00135128257115,51.00135128257115,False,False,center,False,FN,clahe_clip3,False,,,,,,0.0,0.0,clahe clip_limit=3.0 tile=8
E:\TJGY\MinPaper\MyAutoAugument\outputs\datasets\tiled\tiled_1024_ov20_full_safe_no_ok_position\images\val\2025-05-10-15-40-40ps5_tile_0010.jpg,4,油污,"[359.9989929199219, 380.99969482421875, 402.0003967285156, 472.99993896484375]",3864.1394046396017,small,34.53933747412008,26.137962230065977,26.137962230065977,True,False,center,False,FN,clahe_clip3,False,,,,,,0.0,0.0,clahe clip_limit=3.0 tile=8
E:\TJGY\MinPaper\MyAutoAugument\outputs\datasets\tiled\tiled_1024_ov20_full_safe_no_ok_position\images\val\2025-05-10-15-40-40ps5_tile_0010.jpg,4,油污,"[357.00018310546875, 160.0, 403.999755859375, 267.9992370605469]",5075.917999593541,small,44.630220646178095,27.09347754794195,27.09347754794195,True,False,center,False,FN,clahe_clip3,False,,,,,,0.0,0.0,clahe clip_limit=3.0 tile=8
E:\TJGY\MinPaper\MyAutoAugument\outputs\datasets\tiled\tiled_1024_ov20_full_safe_no_ok_position\images\val\2025-05-10-15-40-40ps5_tile_0012.jpg,6,漏背锡,"[551.99951171875, 241.00146484375, 830.99853515625, 353.00042724609375]",31247.601136267185,medium,87.37426395289299,51.00970071261489,51.00970071261489,False,False,center,False,FN,clahe_clip3,False,,,,,,0.0,0.0,clahe clip_limit=3.0 tile=8
E:\TJGY\MinPaper\MyAutoAugument\outputs\datasets\tiled\tiled_1024_ov20_full_safe_no_ok_position\images\val\2025-05-16-16-13-18ps5_tile_0006.jpg,3,开裂,"[632.9978637695312, 607.0006103515625, 825.9993286132812, 713.0009765625]",20458.22595268488,medium,54.9853358099521,35.48760494371061,35.48760494371061,True,False,center,False,FN,clahe_clip3,False,,,8,,,0.0,0.0,clahe clip_limit=3.0 tile=8
E:\TJGY\MinPaper\MyAutoAugument\outputs\datasets\tiled\tiled_1024_ov20_full_safe_no_ok_position\images\val\2025-05-16-16-13-18ps5_tile_0006.jpg,7,碰伤,"[877.9985961914062, 616.00048828125, 898.9998168945312, 624.0]",167.99951112270355,tiny,36.892857142857146,13.2718982181497,13.2718982181497,True,True,edge,False,FN,clahe_clip3,False,,,8,,,0.0,0.0,clahe clip_limit=3.0 tile=8
E:\TJGY\MinPaper\MyAutoAugument\outputs\datasets\tiled\tiled_1024_ov20_full_safe_no_ok_position\images\val\2025-05-16-16-13-18ps5_tile_0007.jpg,7,碰伤,"[234.0009002685547, 616.0005493164062, 269.00018310546875, 626.0009155273438]",350.00564548932016,tiny,35.331428571428575,10.488572596022816,10.488572596022816,True,True,center,False,FN,clahe_clip3,False,,,,,,0.0,0.0,clahe clip_limit=3.0 tile=8
E:\TJGY\MinPaper\MyAutoAugument\outputs\datasets\tiled\tiled_1024_ov20_full_safe_no_ok_position\images\val\2025-05-16-16-13-18ps5_tile_0011.jpg,3,开裂,"[632.9978637695312, 548.0007934570312, 825.9993286132812, 654.0011596679688]",20458.22595268488,medium,54.97976341773389,35.4759722846913,35.4759722846913,True,False,center,False,FN,clahe_clip3,False,,,8,,,0.0,0.0,clahe clip_limit=3.0 tile=8
E:\TJGY\MinPaper\MyAutoAugument\outputs\datasets\tiled\tiled_1024_ov20_full_safe_no_ok_position\images\val\2025-05-16-16-13-18ps5_tile_0012.jpg,7,碰伤,"[234.0009002685547, 557.000732421875, 269.00018310546875, 567.0010986328125]",350.00564548932016,tiny,35.25714285714286,10.521658905441146,10.521658905441146,True,True,center,False,FN,clahe_clip3,False,,,,0.0,0.7078184485435486,0.0,-0.7078184485435486,clahe clip_limit=3.0 tile=8
E:\TJGY\MinPaper\MyAutoAugument\outputs\datasets\tiled\tiled_1024_ov20_full_safe_no_ok_position\images\val\2025-05-16-16-19-14ps5_tile_0008.jpg,9,轮廓划伤,"[520.9989624023438, 608.0, 567.9984741210938, 710.0006103515625]",4793.978881537914,small,38.24238631622862,9.342376873848142,9.342376873848142,True,True,center,False,FN,clahe_clip3,False,,,8,0.0,0.9271972179412842,0.0,-0.9271972179412842,clahe clip_limit=3.0 tile=8
E:\TJGY\MinPaper\MyAutoAugument\outputs\datasets\tiled\tiled_1024_ov20_full_safe_no_ok_position\images\val\2025-05-16-16-19-14ps5_tile_0009.jpg,9,轮廓划伤,"[405.99859619140625, 608.0, 452.9981689453125, 710.0006103515625]",4793.985107161105,small,38.23091364205256,9.312466003703815,9.312466003703815,True,True,center,False,FN,clahe_clip3,False,,,8,0.0,0.6587848663330078,0.0,-0.6587848663330078,clahe clip_limit=3.0 tile=8
E:\TJGY\MinPaper\MyAutoAugument\outputs\datasets\tiled\tiled_1024_ov20_full_safe_no_ok_position\images\val\2025-05-16-16-19-14ps5_tile_0013.jpg,9,轮廓划伤,"[520.9989624023438, 549.0001831054688, 567.9984741210938, 651.0007934570312]",4793.978881537914,small,38.23967459324155,9.34134155542688,9.34134155542688,True,True,center,False,FN,clahe_clip3,False,,,8,0.0,0.7647011280059814,0.0,-0.7647011280059814,clahe clip_limit=3.0 tile=8
E:\TJGY\MinPaper\MyAutoAugument\outputs\datasets\tiled\tiled_1024_ov20_full_safe_no_ok_position\images\val\2025-05-16-16-19-14ps5_tile_0014.jpg,9,轮廓划伤,"[405.99859619140625, 549.0001831054688, 452.9981689453125, 651.0007934570312]",4793.985107161105,small,38.253650396328744,9.366384219178354,9.366384219178354,True,True,center,False,FN,clahe_clip3,False,,,1,0.0,0.770592987537384,0.0,-0.770592987537384,clahe clip_limit=3.0 tile=8
E:\TJGY\MinPaper\MyAutoAugument\outputs\datasets\tiled\tiled_1024_ov20_full_safe_no_ok_position\images\val\2025-05-16-16-24-29ps5_tile_0003.jpg,8,脏污,"[76.99866485595703, 511.0010681152344, 273.9978332519531, 560.00048828125]",9652.845024591079,small,42.01906143167927,14.004625823723606,14.004625823723606,True,True,edge,False,FN,clahe_clip3,False,,,,,,0.0,0.0,clahe clip_limit=3.0 tile=8
E:\TJGY\MinPaper\MyAutoAugument\outputs\datasets\tiled\tiled_1024_ov20_full_safe_no_ok_position\images\val\2025-05-16-16-24-46ps5_tile_0000.jpg,8,脏污,"[506.998291015625, 682.9998168945312, 540.9981689453125, 719.9989624023438]",1257.9664307683706,small,64.9785373608903,29.119271484492103,29.119271484492103,False,False,center,False,FN,clahe_clip3,False,0.0,0.5833109021186829,8,0.00951562449336052,0.5130482316017151,-0.00951562449336052,0.07026267051696777,clahe clip_limit=3.0 tile=8
E:\TJGY\MinPaper\MyAutoAugument\outputs\datasets\tiled\tiled_1024_ov20_full_safe_no_ok_position\images\val\2025-05-16-17-11-45ps5_tile_0000.jpg,7,碰伤,"[498.998779296875, 856.9999389648438, 522.998291015625, 880.0010375976562]",552.0151361823082,tiny,56.77355072463768,27.305792964522016,27.305792964522016,True,False,edge,False,FN,clahe_clip3,False,,,,,,0.0,0.0,clahe clip_limit=3.0 tile=8
E:\TJGY\MinPaper\MyAutoAugument\outputs\datasets\tiled\tiled_1024_ov20_full_safe_no_ok_position\images\val\2025-05-16-17-11-45ps5_tile_0005.jpg,7,碰伤,"[498.998779296875, 38.000640869140625, 522.998291015625, 61.00172424316406]",552.0147699788213,tiny,56.75,27.3048245192857,27.3048245192857,True,False,edge,False,FN,clahe_clip3,False,,,,0.0,0.8368571400642395,0.0,-0.8368571400642395,clahe clip_limit=3.0 tile=8
E:\TJGY\MinPaper\MyAutoAugument\outputs\datasets\tiled\tiled_1024_ov20_full_safe_no_ok_position\images\val\2025-05-16-17-11-45ps5_tile_0006.jpg,4,油污,"[90.00088500976562, 603.0003051757812, 226.00140380859375, 634.9993286132812]",4351.8837885558605,small,35.973805147058826,14.415089668580242,14.415089668580242,True,True,edge,False,FN,clahe_clip3,False,0.0,0.7297282218933105,4,0.0,0.9706906676292419,0.0,-0.2409624457359314,clahe clip_limit=3.0 tile=8
E:\TJGY\MinPaper\MyAutoAugument\outputs\datasets\tiled\tiled_1024_ov20_full_safe_no_ok_position\images\val\2025-05-16-17-11-45ps5_tile_0007.jpg,4,油污,"[63.00160217285156, 655.0005493164062, 455.0010986328125, 732.0012817382812]",30184.24833642319,medium,36.6937781606149,14.713793279782761,14.713793279782761,True,True,center,False,FN,clahe_clip3,False,,,6,,,0.0,0.0,clahe clip_limit=3.0 tile=8
E:\TJGY\MinPaper\MyAutoAugument\outputs\datasets\tiled\tiled_1024_ov20_full_safe_no_ok_position\images\val\2025-05-16-17-11-45ps5_tile_0011.jpg,4,油污,"[90.00088500976562, 544.00048828125, 226.00140380859375, 575.99951171875]",4351.8837885558605,small,35.9967830882353,14.42663325257906,14.42663325257906,True,True,edge,False,FN,clahe_clip3,False,,,8,0.0,0.4782649278640747,0.0,-0.4782649278640747,clahe clip_limit=3.0 tile=8
E:\TJGY\MinPaper\MyAutoAugument\outputs\datasets\tiled\tiled_1024_ov20_full_safe_no_ok_position\images\val\2025-05-16-17-11-45ps5_tile_0011.jpg,7,碰伤,"[514.9993286132812, 555.0008544921875, 544.0010375976562, 570.0003662109375]",435.01147377491,tiny,47.777011494252875,10.270297549656902,10.270297549656902,True,True,center,False,FN,clahe_clip3,False,,,8,0.0,0.8992533087730408,0.0,-0.8992533087730408,clahe clip_limit=3.0 tile=8
E:\TJGY\MinPaper\MyAutoAugument\outputs\datasets\tiled\tiled_1024_ov20_full_safe_no_ok_position\images\val\2025-05-16-17-11-45ps5_tile_0012.jpg,4,油污,"[63.00160217285156, 596.000732421875, 455.0010986328125, 673.00146484375]",30184.24833642319,medium,36.6912602703419,14.718103705245113,14.718103705245113,True,True,center,False,FN,clahe_clip3,False,,,8,,,0.0,0.0,clahe clip_limit=3.0 tile=8
E:\TJGY\MinPaper\MyAutoAugument\outputs\datasets\tiled\tiled_1024_ov20_full_safe_no_ok_position\images\val\2025-05-19-17-19-55ps5_NGyuan_tile_0003.jpg,9,轮廓划伤,"[356.9981384277344, 562.0003662109375, 386.9992980957031, 649.9998779296875]",2640.087401777506,small,30.10909090909091,8.369963022124741,8.369963022124741,True,True,center,False,FN,clahe_clip3,False,,,,0.0,0.9622868895530701,0.0,-0.9622868895530701,clahe clip_limit=3.0 tile=8
E:\TJGY\MinPaper\MyAutoAugument\outputs\datasets\tiled\tiled_1024_ov20_full_safe_no_ok_position\images\val\2025-05-19-17-19-55ps5_NGyuan_tile_0003.jpg,7,碰伤,"[495.0010681152344, 654.0001220703125, 527.0020751953125, 715.999267578125]",1984.0350943543017,small,20.97328629032258,8.269392657632261,8.269392657632261,True,True,center,False,FN,clahe_clip3,False,,,,,,0.0,0.0,clahe clip_limit=3.0 tile=8
E:\TJGY\MinPaper\MyAutoAugument\outputs\datasets\tiled\tiled_1024_ov20_full_safe_no_ok_position\images\val\2025-05-19-17-19-55ps5_NGyuan_tile_0004.jpg,9,轮廓划伤,"[292.0018005371094, 645.9990844726562, 317.0017395019531, 696.9994506835938]",1275.006042458117,small,29.054901960784314,10.289463747254985,10.289463747254985,True,True,center,False,FN,clahe_clip3,False,,,7,,,0.0,0.0,clahe clip_limit=3.0 tile=8
E:\TJGY\MinPaper\MyAutoAugument\outputs\datasets\tiled\tiled_1024_ov20_full_safe_no_ok_position\images\val\2025-05-19-17-19-55ps5_NGyuan_tile_0004.jpg,9,轮廓划伤,"[241.99783325195312, 562.0003662109375, 271.9989929199219, 649.9998779296875]",2640.087401777506,small,30.121969696969696,8.38199562549089,8.38199562549089,True,True,center,False,FN,clahe_clip3,False,,,7,,,0.0,0.0,clahe clip_limit=3.0 tile=8
E:\TJGY\MinPaper\MyAutoAugument\outputs\datasets\tiled\tiled_1024_ov20_full_safe_no_ok_position\images\val\2025-05-19-17-19-55ps5_NGyuan_tile_0007.jpg,9,轮廓划伤,"[956.9996948242188, 613.9996337890625, 984.9978637695312, 679.0010986328125]",1819.9219943881035,small,48.77582417582418,12.206612697693961,12.206612697693961,True,True,edge,False,FN,clahe_clip3,False,,,1,,,0.0,0.0,clahe clip_limit=3.0 tile=8
E:\TJGY\MinPaper\MyAutoAugument\outputs\datasets\tiled\tiled_1024_ov20_full_safe_no_ok_position\images\val\2025-05-19-17-19-55ps5_NGyuan_tile_0008.jpg,9,轮廓划伤,"[137.99935913085938, 613.9996337890625, 165.99755859375, 679.0010986328125]",1819.923978075385,small,48.792307692307695,12.231321087833361,12.231321087833361,True,True,edge,False,FN,clahe_clip3,False,,,1,,,0.0,0.0,clahe clip_limit=3.0 tile=8
E:\TJGY\MinPaper\MyAutoAugument\outputs\datasets\tiled\tiled_1024_ov20_full_safe_no_ok_position\images\val\2025-05-19-17-19-55ps5_NGyuan_tile_0009.jpg,9,轮廓划伤,"[23.000064849853516, 613.9996337890625, 50.99827194213867, 679.0010986328125]",1819.9244739972055,small,48.74230769230769,12.227561694967093,12.227561694967093,True,True,edge,False,FN,clahe_clip3,False,,,,,,0.0,0.0,clahe clip_limit=3.0 tile=8
E:\TJGY\MinPaper\MyAutoAugument\outputs\datasets\tiled\tiled_1024_ov20_full_safe_no_ok_position\images\val\2025-05-19-17-19-55ps5_NGyuan_tile_0012.jpg,9,轮廓划伤,"[956.9996948242188, 554.9998168945312, 984.9978637695312, 620.0012817382812]",1819.9219943881035,small,48.77967032967033,12.216918727241366,12.216918727241366,True,True,edge,False,FN,clahe_clip3,False,,,1,,,0.0,0.0,clahe clip_limit=3.0 tile=8
E:\TJGY\MinPaper\MyAutoAugument\outputs\datasets\tiled\tiled_1024_ov20_full_safe_no_ok_position\images\val\2025-05-19-17-19-55ps5_NGyuan_tile_0014.jpg,9,轮廓划伤,"[23.000064849853516, 554.9998168945312, 50.99827194213867, 620.0012817382812]",1819.9244739972055,small,48.76978021978022,12.244454629850441,12.244454629850441,True,True,edge,False,FN,clahe_clip3,False,,,,,,0.0,0.0,clahe clip_limit=3.0 tile=8
E:\TJGY\MinPaper\MyAutoAugument\outputs\datasets\tiled\tiled_1024_ov20_full_safe_no_ok_position\images\val\2025-05-25-09-48-32ps5_NGyuan_tile_0002.jpg,7,碰伤,"[986.998779296875, 777.0004272460938, 1023.9979248046875, 804.9996948242188]",1035.9489752352238,tiny,44.560810810810814,13.456176866691457,13.456176866691457,True,True,edge,True,FN,clahe_clip3,False,,,,,,0.0,0.0,clahe clip_limit=3.0 tile=8
E:\TJGY\MinPaper\MyAutoAugument\outputs\datasets\tiled\tiled_1024_ov20_full_safe_no_ok_position\images\val\2025-05-25-09-48-32ps5_NGyuan_tile_0012.jpg,6,漏背锡,"[379.99920654296875, 354.99981689453125, 444.00128173828125, 413.9996337890625]",3776.110717393458,small,95.13241525423729,63.08038109358812,63.08038109358812,False,False,center,False,FN,clahe_clip3,False,0.0,0.790256679058075,6,0.0,0.7506036162376404,0.0,0.03965306282043457,clahe clip_limit=3.0 tile=8
E:\TJGY\MinPaper\MyAutoAugument\outputs\datasets\tiled\tiled_1024_ov20_full_safe_no_ok_position\images\val\2025-05-26-06-14-31ps5_NGyuan_tile_0012.jpg,12,锡膏,"[282.9997863769531, 2.0003814697265625, 432.9994201660156, 178.00038146972656]",26399.935546875,medium,126.07378787878788,42.335938356921595,42.335938356921595,False,False,edge,False,FN,clahe_clip3,False,,,8,,,0.0,0.0,clahe clip_limit=3.0 tile=8
E:\TJGY\MinPaper\MyAutoAugument\outputs\datasets\tiled\tiled_1024_ov20_full_safe_no_ok_position\images\val\2025-05-26-06-26-47ps5_NGyuan_tile_0002.jpg,7,碰伤,"[829.001708984375, 832.9989013671875, 845.000732421875, 854.99951171875]",351.98828065395355,tiny,47.50568181818182,17.70705340942459,17.70705340942459,True,True,corner,False,FN,clahe_clip3,False,,,,0.11938972771167755,0.4774206876754761,-0.11938972771167755,-0.4774206876754761,clahe clip_limit=3.0 tile=8
E:\TJGY\MinPaper\MyAutoAugument\outputs\datasets\tiled\tiled_1024_ov20_full_safe_no_ok_position\images\val\2025-05-26-06-26-47ps5_NGyuan_tile_0003.jpg,7,碰伤,"[10.001408576965332, 832.9989013671875, 26.000385284423828, 854.99951171875]",351.9872525645187,tiny,47.51988636363637,17.69645097921654,17.69645097921654,True,True,corner,False,FN,clahe_clip3,False,,,,0.1084621399641037,0.29860982298851013,-0.1084621399641037,-0.29860982298851013,clahe clip_limit=3.0 tile=8
E:\TJGY\MinPaper\MyAutoAugument\outputs\datasets\tiled\tiled_1024_ov20_full_safe_no_ok_position\images\val\2025-05-26-06-26-47ps5_NGyuan_tile_0007.jpg,7,碰伤,"[829.001708984375, 13.998592376708984, 845.000732421875, 35.99923324584961]",351.98876890540123,tiny,47.5625,17.655689351517054,17.655689351517054,True,True,corner,False,FN,clahe_clip3,False,,,1,0.0,0.808347761631012,0.0,-0.808347761631012,clahe clip_limit=3.0 tile=8
E:\TJGY\MinPaper\MyAutoAugument\outputs\datasets\tiled\tiled_1024_ov20_full_safe_no_ok_position\images\val\2025-05-26-06-26-47ps5_NGyuan_tile_0008.jpg,7,碰伤,"[12.001280784606934, 65.0009536743164, 28.000255584716797, 93.00019073486328]",447.9590881539916,tiny,42.59375,17.59439227449839,17.59439227449839,True,True,corner,False,FN,clahe_clip3,False,,,,,,0.0,0.0,clahe clip_limit=3.0 tile=8
E:\TJGY\MinPaper\MyAutoAugument\outputs\datasets\tiled\tiled_1024_ov20_full_safe_no_ok_position\images\val\2025-05-26-06-26-47ps5_NGyuan_tile_0008.jpg,7,碰伤,"[10.001408576965332, 13.998592376708984, 26.000385284423828, 35.99923324584961]",351.9877408145403,tiny,47.49147727272727,17.715072424336388,17.715072424336388,True,True,corner,False,FN,clahe_clip3,False,,,,,,0.0,0.0,clahe clip_limit=3.0 tile=8
E:\TJGY\MinPaper\MyAutoAugument\outputs\datasets\tiled\tiled_1024_ov20_full_safe_no_ok_position\images\val\2025-05-26-06-26-47ps5_NGyuan_tile_0013.jpg,7,碰伤,"[12.001280784606934, 6.001152992248535, 28.000255584716797, 34.00038528442383]",447.95901186493484,tiny,42.60267857142857,17.57834991352709,17.57834991352709,True,True,corner,False,FN,clahe_clip3,False,,,,,,0.0,0.0,clahe clip_limit=3.0 tile=8
E:\TJGY\MinPaper\MyAutoAugument\outputs\datasets\tiled\tiled_1024_ov20_full_safe_no_ok_position\images\val\2025-05-27-23-28-53ps5_NGyuan_tile_0004.jpg,7,碰伤,"[10.999809265136719, 484.99969482421875, 38.998016357421875, 495.99847412109375]",307.94610051624477,tiny,30.376623376623378,15.92640457304751,15.92640457304751,True,True,edge,False,FN,clahe_clip3,False,,,,,,0.0,0.0,clahe clip_limit=3.0 tile=8
E:\TJGY\MinPaper\MyAutoAugument\outputs\datasets\tiled\tiled_1024_ov20_full_safe_no_ok_position\images\val\2025-05-27-23-28-53ps5_NGyuan_tile_0007.jpg,8,脏污,"[483.0003356933594, 140.00025939941406, 576.9994506835938, 275.00030517578125]",12689.884826619644,medium,71.34160756501183,37.9463373440113,37.9463373440113,False,False,center,False,FN,clahe_clip3,False,,,,,,0.0,0.0,clahe clip_limit=3.0 tile=8
E:\TJGY\MinPaper\MyAutoAugument\outputs\datasets\tiled\tiled_1024_ov20_full_safe_no_ok_position\images\val\2025-05-27-23-28-53ps5_NGyuan_tile_0012.jpg,8,脏污,"[483.0003356933594, 80.99942016601562, 576.9994506835938, 215.99948120117188]",12689.886260932311,medium,71.33664302600472,37.935428798887585,37.935428798887585,False,False,edge,False,FN,clahe_clip3,False,,,,,,0.0,0.0,clahe clip_limit=3.0 tile=8
E:\TJGY\MinPaper\MyAutoAugument\outputs\datasets\tiled\tiled_1024_ov20_full_safe_no_ok_position\images\val\2025-06-05-10-27-17ps5_NGyuan_tile_0012.jpg,8,脏污,"[315.9997253417969, 621.0001831054688, 515.9981689453125, 694.9995727539062]",14799.762757297605,medium,71.54310810810811,26.766541358300476,26.766541358300476,False,False,center,False,FN,clahe_clip3,False,,,1,,,0.0,0.0,clahe clip_limit=3.0 tile=8
E:\TJGY\MinPaper\MyAutoAugument\outputs\datasets\tiled\tiled_1024_ov20_full_safe_no_ok_position\images\val\2025-06-05-16-10-10ps5_NGyuan_tile_0000.jpg,5,浅划伤,"[682.9993286132812, 681.0009155273438, 724.0012817382812, 743.0000610351562]",2542.0860579013824,small,48.75177025963808,23.1536479006427,23.1536479006427,True,False,center,False,FN,clahe_clip3,False,,,,,,0.0,0.0,clahe clip_limit=3.0 tile=8
E:\TJGY\MinPaper\MyAutoAugument\outputs\datasets\tiled\tiled_1024_ov20_full_safe_no_ok_position\images\val\2025-06-05-16-10-10ps5_NGyuan_tile_0007.jpg,12,锡膏,"[315.0023498535156, 396.9991760253906, 366.0006408691406, 461.9996032714844]",3314.9107048362494,small,136.19939668174962,49.85802830098024,49.85802830098024,False,False,center,False,FN,clahe_clip3,False,,,1,0.0,0.7593369483947754,0.0,-0.7593369483947754,clahe clip_limit=3.0 tile=8
E:\TJGY\MinPaper\MyAutoAugument\outputs\datasets\tiled\tiled_1024_ov20_full_safe_no_ok_position\images\val\2025-06-05-16-10-10ps5_NGyuan_tile_0012.jpg,12,锡膏,"[315.0023498535156, 337.9993591308594, 366.0006408691406, 402.9997863769531]",3314.9107048362494,small,136.1867269984917,49.83113994876743,49.83113994876743,False,False,center,False,FN,clahe_clip3,False,,,1,,,0.0,0.0,clahe clip_limit=3.0 tile=8
E:\TJGY\MinPaper\MyAutoAugument\outputs\datasets\tiled\tiled_1024_ov20_full_safe_no_ok_position\images\val\2025-06-06-01-33-39ps5_NGyuan_tile_0002.jpg,7,碰伤,"[816.9998779296875, 579.0008544921875, 859.0013427734375, 620.000732421875]",1722.054931461811,small,39.79094076655052,14.073490922084895,14.073490922084895,True,True,edge,False,FN,clahe_clip3,False,,,,0.0,0.5680842399597168,0.0,-0.5680842399597168,clahe clip_limit=3.0 tile=8
E:\TJGY\MinPaper\MyAutoAugument\outputs\datasets\tiled\tiled_1024_ov20_full_safe_no_ok_position\images\val\2025-06-06-01-33-39ps5_NGyuan_tile_0003.jpg,7,碰伤,"[0.0, 579.0008544921875, 40.00153732299805, 620.000732421875]",1640.0581472427584,small,39.94634146341463,14.091756759408304,14.091756759408304,True,True,edge,True,FN,clahe_clip3,False,,,,0.0,0.8766747713088989,0.0,-0.8766747713088989,clahe clip_limit=3.0 tile=8
E:\TJGY\MinPaper\MyAutoAugument\outputs\datasets\tiled\tiled_1024_ov20_full_safe_no_ok_position\images\val\2025-06-06-02-05-24ps5_NGyuan_tile_0002.jpg,4,油污,"[645.9990844726562, 631.0000610351562, 688.0005493164062, 698.9998168945312]",2856.089355111122,small,24.981442577030812,10.342625088307651,10.342625088307651,True,True,center,False,FN,clahe_clip3,False,,,,,,0.0,0.0,clahe clip_limit=3.0 tile=8
E:\TJGY\MinPaper\MyAutoAugument\outputs\datasets\tiled\tiled_1024_ov20_full_safe_no_ok_position\images\val\2025-06-06-14-52-09ps5_NGyuan_tile_0007.jpg,6,漏背锡,"[223.00006103515625, 270.0001220703125, 468.9986572265625, 337.9998779296875]",16727.8444827646,medium,91.79441654710665,57.06993327056747,57.06993327056747,False,False,center,False,FN,clahe_clip3,False,0.0,0.814642608165741,6,0.0,0.9697856307029724,0.0,-0.15514302253723145,clahe clip_limit=3.0 tile=8
E:\TJGY\MinPaper\MyAutoAugument\outputs\datasets\tiled\tiled_1024_ov20_full_safe_no_ok_position\images\val\2025-06-06-14-52-09ps5_NGyuan_tile_0012.jpg,6,漏背锡,"[223.00006103515625, 211.00033569335938, 468.9986572265625, 279.00006103515625]",16727.836975483224,medium,91.79632950741272,57.0763629572775,57.0763629572775,False,False,center,False,FN,clahe_clip3,False,0.0,0.845933735370636,6,0.0,0.9665181040763855,0.0,-0.12058436870574951,clahe clip_limit=3.0 tile=8
E:\TJGY\MinPaper\MyAutoAugument\outputs\datasets\tiled\tiled_1024_ov20_full_safe_no_ok_position\images\val\2025-06-07-10-52-02ps5_NGyuan_tile_0007.jpg,12,锡膏,"[405.000732421875, 214.0011444091797, 530.0014038085938, 398.0006103515625]",23000.056777595542,medium,124.37534782608695,27.617660246438557,27.617660246438557,False,False,center,False,FN,clahe_clip3,False,,,6,,,0.0,0.0,clahe clip_limit=3.0 tile=8
E:\TJGY\MinPaper\MyAutoAugument\outputs\datasets\tiled\tiled_1024_ov20_full_safe_no_ok_position\images\val\2025-06-07-10-52-02ps5_NGyuan_tile_0007.jpg,7,碰伤,"[491.0008239746094, 661.0001831054688, 518.9990234375, 671.0005493164062]",279.99224787577987,tiny,44.128571428571426,14.02617087403954,14.02617087403954,True,True,center,False,FN,clahe_clip3,False,,,8,,,0.0,0.0,clahe clip_limit=3.0 tile=8
E:\TJGY\MinPaper\MyAutoAugument\outputs\datasets\tiled\tiled_1024_ov20_full_safe_no_ok_position\images\val\2025-06-07-10-52-02ps5_NGyuan_tile_0012.jpg,12,锡膏,"[405.000732421875, 155.0013427734375, 530.0014038085938, 339.0008239746094]",23000.05868495442,medium,124.38108695652174,27.613535411985193,27.613535411985193,False,False,center,False,FN,clahe_clip3,False,,,6,,,0.0,0.0,clahe clip_limit=3.0 tile=8
E:\TJGY\MinPaper\MyAutoAugument\outputs\datasets\tiled\tiled_1024_ov20_full_safe_no_ok_position\images\val\2025-06-07-10-52-02ps5_NGyuan_tile_0012.jpg,7,碰伤,"[491.0008239746094, 601.9993896484375, 518.9990234375, 611.999755859375]",279.99224787577987,tiny,44.15714285714286,14.149341947632067,14.149341947632067,True,True,center,False,FN,clahe_clip3,False,,,8,,,0.0,0.0,clahe clip_limit=3.0 tile=8
E:\TJGY\MinPaper\MyAutoAugument\outputs\datasets\tiled\tiled_1024_ov20_full_safe_no_ok_position\images\val\2025-06-07-14-43-50ps5_NGyuan_tile_0007.jpg,8,脏污,"[868.9996948242188, 696.00048828125, 923.0003051757812, 792.00048828125]",5184.05859375,small,55.714506172839506,18.48999494396198,18.48999494396198,True,True,edge,False,FN,clahe_clip3,False,,,1,,,0.0,0.0,clahe clip_limit=3.0 tile=8
E:\TJGY\MinPaper\MyAutoAugument\outputs\datasets\tiled\tiled_1024_ov20_full_safe_no_ok_position\images\val\2025-06-07-14-43-50ps5_NGyuan_tile_0007.jpg,8,脏污,"[481.0009460449219, 664.9999389648438, 644.9996337890625, 700.0003051757812]",5740.014129158109,small,62.34198606271777,23.746416129226407,23.746416129226407,False,False,center,False,FN,clahe_clip3,False,,,1,,,0.0,0.0,clahe clip_limit=3.0 tile=8
E:\TJGY\MinPaper\MyAutoAugument\outputs\datasets\tiled\tiled_1024_ov20_full_safe_no_ok_position\images\val\2025-06-07-14-43-50ps5_NGyuan_tile_0012.jpg,8,脏污,"[481.0009460449219, 605.9990844726562, 644.9996337890625, 640.9994506835938]",5740.014129158109,small,62.34128919860627,23.7636240565938,23.7636240565938,False,False,center,False,FN,clahe_clip3,False,,,7,0.0,0.4562271237373352,0.0,-0.4562271237373352,clahe clip_limit=3.0 tile=8
E:\TJGY\MinPaper\MyAutoAugument\outputs\datasets\tiled\tiled_1024_ov20_full_safe_no_ok_position\images\val\2025-06-07-15-42-24ps5_NGyuan_tile_0002.jpg,8,脏污,"[183.00006103515625, 464.0, 275.999755859375, 541.000732421875]",7161.044616475701,small,69.0078201368524,36.994660186155414,36.994660186155414,False,False,center,False,FN,clahe_clip3,False,,,,,,0.0,0.0,clahe clip_limit=3.0 tile=8
E:\TJGY\MinPaper\MyAutoAugument\outputs\datasets\tiled\tiled_1024_ov20_full_safe_no_ok_position\images\val\2025-06-07-15-42-24ps5_NGyuan_tile_0007.jpg,8,脏污,"[163.0013427734375, 529.0004272460938, 293.9996032714844, 589.0006713867188]",7859.927611880004,small,73.14211195928753,33.43959702171577,33.43959702171577,False,False,center,False,FN,clahe_clip3,False,0.0,0.3208281695842743,8,,,0.0,0.3208281695842743,clahe clip_limit=3.0 tile=8
E:\TJGY\MinPaper\MyAutoAugument\outputs\datasets\tiled\tiled_1024_ov20_full_safe_no_ok_position\images\val\2025-06-07-15-42-24ps5_NGyuan_tile_0012.jpg,8,脏污,"[163.0013427734375, 470.0006408691406, 293.9996032714844, 530.0009155273438]",7859.931609629653,small,73.14427480916031,33.442560974377976,33.442560974377976,False,False,center,False,FN,clahe_clip3,True,0.7852829694747925,0.37532269954681396,8,0.0,0.49067533016204834,0.7852829694747925,-0.11535263061523438,clahe clip_limit=3.0 tile=8
E:\TJGY\MinPaper\MyAutoAugument\outputs\datasets\tiled\tiled_1024_ov20_full_safe_no_ok_position\images\val\2025-06-07-16-21-50ps5_NGyuan_tile_0007.jpg,8,脏污,"[150.99903869628906, 744.0005493164062, 569.997314453125, 780.9996948242188]",15502.57817224972,medium,53.16080758562859,24.52833672514371,24.52833672514371,True,False,center,False,FN,clahe_clip3,False,0.49514040350914,0.505219042301178,8,,,0.49514040350914,0.505219042301178,clahe clip_limit=3.0 tile=8
E:\TJGY\MinPaper\MyAutoAugument\outputs\datasets\tiled\tiled_1024_ov20_full_safe_no_ok_position\images\val\2025-06-07-16-21-50ps5_NGyuan_tile_0012.jpg,8,脏污,"[150.99903869628906, 684.9996948242188, 569.997314453125, 721.9988403320312]",15502.57817224972,medium,53.15261562278269,24.522838338374772,24.522838338374772,True,False,center,False,FN,clahe_clip3,False,0.3051082193851471,0.3852325975894928,8,,,0.3051082193851471,0.3852325975894928,clahe clip_limit=3.0 tile=8
E:\TJGY\MinPaper\MyAutoAugument\outputs\datasets\tiled\tiled_1024_ov20_full_safe_no_ok_position\images\val\2025-06-11-19-13-20ps5_NGyuan_tile_0007.jpg,12,锡膏,"[520.9984130859375, 422.9995422363281, 563.999267578125, 485.9991149902344]",2709.035461060703,small,106.23661867847915,31.704531348378858,31.704531348378858,False,False,center,False,FN,clahe_clip3,False,,,,,,0.0,0.0,clahe clip_limit=3.0 tile=8
E:\TJGY\MinPaper\MyAutoAugument\outputs\datasets\tiled\tiled_1024_ov20_full_safe_no_ok_position\images\val\2025-06-11-19-13-20ps5_NGyuan_tile_0007.jpg,5,浅划伤,"[532.0012817382812, 837.0006713867188, 539.0023803710938, 861.0001831054688]",168.0229486823082,tiny,83.0952380952381,39.93972215596513,39.93972215596513,False,False,edge,False,FN,clahe_clip3,False,,,,0.0,0.5088472962379456,0.0,-0.5088472962379456,clahe clip_limit=3.0 tile=8
E:\TJGY\MinPaper\MyAutoAugument\outputs\datasets\tiled\tiled_1024_ov20_full_safe_no_ok_position\images\val\2025-06-11-19-13-20ps5_NGyuan_tile_0012.jpg,12,锡膏,"[520.9984130859375, 363.9997253417969, 563.999267578125, 426.9992980957031]",2709.035461060703,small,106.20708748615725,31.71080344255586,31.71080344255586,False,False,center,False,FN,clahe_clip3,False,,,,,,0.0,0.0,clahe clip_limit=3.0 tile=8
E:\TJGY\MinPaper\MyAutoAugument\outputs\datasets\tiled\tiled_1024_ov20_full_safe_no_ok_position\images\val\2025-06-14-16-53-39ps5_tile_0005.jpg,9,轮廓划伤,"[906.0018920898438, 573.000244140625, 930.0014038085938, 678.0001220703125]",2519.9458008408546,small,53.296031746031744,20.445661241887965,20.445661241887965,True,False,edge,False,FN,clahe_clip3,False,,,,,,0.0,0.0,clahe clip_limit=3.0 tile=8
E:\TJGY\MinPaper\MyAutoAugument\outputs\datasets\tiled\tiled_1024_ov20_full_safe_no_ok_position\images\val\2025-06-14-16-53-39ps5_tile_0006.jpg,9,轮廓划伤,"[87.00160217285156, 573.000244140625, 111.00108337402344, 678.0001220703125]",2519.942596498877,small,53.294444444444444,20.435161906666547,20.435161906666547,True,False,edge,False,FN,clahe_clip3,False,,,,,,0.0,0.0,clahe clip_limit=3.0 tile=8
E:\TJGY\MinPaper\MyAutoAugument\outputs\datasets\tiled\tiled_1024_ov20_full_safe_no_ok_position\images\val\2025-06-14-16-53-39ps5_tile_0007.jpg,12,锡膏,"[611.9992065429688, 262.0001220703125, 701.0001831054688, 328.99945068359375]",5963.00567561388,small,101.16149589132986,37.46798170128969,37.46798170128969,False,False,center,False,FN,clahe_clip3,False,,,6,,,0.0,0.0,clahe clip_limit=3.0 tile=8
E:\TJGY\MinPaper\MyAutoAugument\outputs\datasets\tiled\tiled_1024_ov20_full_safe_no_ok_position\images\val\2025-06-14-16-53-39ps5_tile_0012.jpg,12,锡膏,"[611.9992065429688, 203.0003204345703, 701.0001831054688, 269.9996337890625]",5963.004317566752,small,101.14522891162167,37.44445544128088,37.44445544128088,False,False,center,False,FN,clahe_clip3,False,,,6,,,0.0,0.0,clahe clip_limit=3.0 tile=8
E:\TJGY\MinPaper\MyAutoAugument\outputs\datasets\tiled\tiled_1024_ov20_full_safe_no_ok_position\images\val\2025-06-18-06-39-05ps5_NGyuan_tile_0007.jpg,8,脏污,"[646.9990234375, 797.0001831054688, 813.9970703125, 840.0010375976562]",7181.058714151382,small,55.6344520261802,24.735676710958952,24.735676710958952,True,False,center,False,FN,clahe_clip3,False,,,6,,,0.0,0.0,clahe clip_limit=3.0 tile=8
E:\TJGY\MinPaper\MyAutoAugument\outputs\datasets\tiled\tiled_1024_ov20_full_safe_no_ok_position\images\val\2025-06-18-06-39-05ps5_NGyuan_tile_0007.jpg,8,脏污,"[742.9995727539062, 691.0003662109375, 796.0007934570312, 720.0]",1537.0159907639027,small,52.819128171763175,23.727055041545608,23.727055041545608,True,False,center,False,FN,clahe_clip3,False,,,6,,,0.0,0.0,clahe clip_limit=3.0 tile=8
E:\TJGY\MinPaper\MyAutoAugument\outputs\datasets\tiled\tiled_1024_ov20_full_safe_no_ok_position\images\val\2025-06-18-06-39-05ps5_NGyuan_tile_0012.jpg,8,脏污,"[646.9990234375, 737.9993286132812, 813.9970703125, 781.0001831054688]",7181.058714151382,small,55.635705333519006,24.722098374748796,24.722098374748796,True,False,center,False,FN,clahe_clip3,False,,,6,,,0.0,0.0,clahe clip_limit=3.0 tile=8
E:\TJGY\MinPaper\MyAutoAugument\outputs\datasets\tiled\tiled_1024_ov20_full_safe_no_ok_position\images\val\2025-06-18-06-39-05ps5_NGyuan_tile_0012.jpg,8,脏污,"[742.9995727539062, 632.0005493164062, 796.0007934570312, 661.0001831054688]",1537.0159907639027,small,52.82173064411191,23.741110094534566,23.741110094534566,True,False,center,False,FN,clahe_clip3,False,,,6,,,0.0,0.0,clahe clip_limit=3.0 tile=8
E:\TJGY\MinPaper\MyAutoAugument\outputs\datasets\tiled\tiled_1024_ov20_full_safe_no_ok_position\images\val\2025-06-28-00-58-48ps5_NGyuan_tile_0006.jpg,7,碰伤,"[860.0012817382812, 736.0010375976562, 887.9994506835938, 751.0005493164062]",419.9588631987572,tiny,58.654761904761905,26.507723064913893,26.507723064913893,True,False,edge,False,FN,clahe_clip3,False,,,,0.0,0.6023921370506287,0.0,-0.6023921370506287,clahe clip_limit=3.0 tile=8
E:\TJGY\MinPaper\MyAutoAugument\outputs\datasets\tiled\tiled_1024_ov20_full_safe_no_ok_position\images\val\2025-06-28-00-58-48ps5_NGyuan_tile_0007.jpg,7,碰伤,"[41.00096130371094, 736.0010375976562, 68.9991683959961, 751.0005493164062]",419.95943538472056,tiny,58.62619047619047,26.560995028727742,26.560995028727742,True,False,edge,False,FN,clahe_clip3,False,,,1,,,0.0,0.0,clahe clip_limit=3.0 tile=8
E:\TJGY\MinPaper\MyAutoAugument\outputs\datasets\tiled\tiled_1024_ov20_full_safe_no_ok_position\images\val\2025-06-28-00-58-48ps5_NGyuan_tile_0011.jpg,7,碰伤,"[860.0012817382812, 677.001220703125, 887.9994506835938, 692.000732421875]",419.9588631987572,tiny,58.63095238095238,26.613181375072283,26.613181375072283,True,False,edge,False,FN,clahe_clip3,False,,,,,,0.0,0.0,clahe clip_limit=3.0 tile=8
E:\TJGY\MinPaper\MyAutoAugument\outputs\datasets\tiled\tiled_1024_ov20_full_safe_no_ok_position\images\val\2025-06-28-00-58-48ps5_NGyuan_tile_0012.jpg,7,碰伤,"[41.00096130371094, 677.001220703125, 68.9991683959961, 692.000732421875]",419.95943538472056,tiny,58.62380952380953,26.58994447892455,26.58994447892455,True,False,edge,False,FN,clahe_clip3,False,,,1,,,0.0,0.0,clahe clip_limit=3.0 tile=8
E:\TJGY\MinPaper\MyAutoAugument\outputs\datasets\tiled\tiled_1024_ov20_full_safe_no_ok_position\images\val\2025-06-28-07-30-46ps5_NGyuan_tile_0011.jpg,7,碰伤,"[370.9992980957031, 788.000732421875, 395.9992370605469, 801.00146484375]",325.01751704514027,tiny,57.65538461538461,8.878219342763774,8.878219342763774,True,True,center,False,FN,clahe_clip3,False,,,,,,0.0,0.0,clahe clip_limit=3.0 tile=8
E:\TJGY\MinPaper\MyAutoAugument\outputs\datasets\tiled\tiled_1024_ov20_full_safe_no_ok_position\images\val\2025-06-29-08-27-16ps5_NGyuan_tile_0000.jpg,7,碰伤,"[871.0021362304688, 658.0004272460938, 918.0016479492188, 671.0000610351562]",610.9764406085014,tiny,55.761047463175125,12.578598256206332,12.578598256206332,True,True,edge,False,FN,clahe_clip3,False,0.0,0.9419345259666443,7,0.0,0.9341381192207336,0.0,0.0077964067459106445,clahe clip_limit=3.0 tile=8
E:\TJGY\MinPaper\MyAutoAugument\outputs\datasets\tiled\tiled_1024_ov20_full_safe_no_ok_position\images\val\2025-06-29-08-27-16ps5_NGyuan_tile_0001.jpg,7,碰伤,"[52.001792907714844, 658.0004272460938, 99.00135040283203, 671.0000610351562]",610.9770356845111,tiny,55.741407528641574,12.561673869036001,12.561673869036001,True,True,edge,False,FN,clahe_clip3,False,,,9,,,0.0,0.0,clahe clip_limit=3.0 tile=8
E:\TJGY\MinPaper\MyAutoAugument\outputs\datasets\tiled\tiled_1024_ov20_full_safe_no_ok_position\images\val\2025-06-29-08-27-16ps5_NGyuan_tile_0007.jpg,6,漏背锡,"[618.999267578125, 306.0003967285156, 836.000244140625, 432.0005187988281]",27342.14953625202,medium,104.82481164508815,65.53607339766639,65.53607339766639,False,False,center,False,FN,clahe_clip3,False,,,12,,,0.0,0.0,clahe clip_limit=3.0 tile=8
E:\TJGY\MinPaper\MyAutoAugument\outputs\datasets\tiled\tiled_1024_ov20_full_safe_no_ok_position\images\val\2025-06-29-08-27-16ps5_NGyuan_tile_0012.jpg,6,漏背锡,"[618.999267578125, 247.00057983398438, 836.000244140625, 373.0007019042969]",27342.14953625202,medium,104.82283666154633,65.53497091198456,65.53497091198456,False,False,center,False,FN,clahe_clip3,False,,,,,,0.0,0.0,clahe clip_limit=3.0 tile=8
E:\TJGY\MinPaper\MyAutoAugument\outputs\datasets\tiled\tiled_1024_ov20_full_safe_no_ok_position\images\val\2025-07-13-20-08-46ps5_NGyuan_tile_0007.jpg,7,碰伤,"[928.0010375976562, 9.999872207641602, 975.0005493164062, 28.000768661499023]",846.0333438310772,tiny,54.854609929078016,14.40297763660568,14.40297763660568,True,True,corner,False,FN,clahe_clip3,False,,,11,,,0.0,0.0,clahe clip_limit=3.0 tile=8
E:\TJGY\MinPaper\MyAutoAugument\outputs\datasets\tiled\tiled_1024_ov20_full_safe_no_ok_position\images\val\2025-07-13-20-08-46ps5_NGyuan_tile_0007.jpg,11,锡尖,"[421.001220703125, 619.9987182617188, 494.99957275390625, 666.9993286132812]",3477.9677113965154,small,123.09488211615871,65.90531720864378,65.90531720864378,False,False,center,False,FN,clahe_clip3,False,0.0,0.9848483204841614,11,0.0,0.9944475889205933,0.0,-0.009599268436431885,clahe clip_limit=3.0 tile=8
E:\TJGY\MinPaper\MyAutoAugument\outputs\datasets\tiled\tiled_1024_ov20_full_safe_no_ok_position\images\val\2025-07-13-20-08-46ps5_NGyuan_tile_0008.jpg,7,碰伤,"[109.0017318725586, 9.999872207641602, 156.00128173828125, 28.000768661499023]",846.034030510782,tiny,54.892434988179666,14.35571448989137,14.35571448989137,True,True,corner,False,FN,clahe_clip3,False,,,8,,,0.0,0.0,clahe clip_limit=3.0 tile=8
E:\TJGY\MinPaper\MyAutoAugument\outputs\datasets\tiled\tiled_1024_ov20_full_safe_no_ok_position\images\val\2025-07-13-20-08-46ps5_NGyuan_tile_0008.jpg,1,OK3,"[3.9976959228515625, 835.999755859375, 160.99942016601562, 889.9993896484375]",8478.035613382235,small,36.99728709601321,7.181065191702025,7.181065191702025,True,True,corner,False,FN,clahe_clip3,True,0.9052321314811707,0.3386467695236206,1,,,0.9052321314811707,0.3386467695236206,clahe clip_limit=3.0 tile=8
E:\TJGY\MinPaper\MyAutoAugument\outputs\datasets\tiled\tiled_1024_ov20_full_safe_no_ok_position\images\val\2025-07-13-20-08-46ps5_NGyuan_tile_0012.jpg,11,锡尖,"[421.001220703125, 560.9989013671875, 494.99957275390625, 607.99951171875]",3477.9677113965154,small,123.08539390454284,65.88729036054909,65.88729036054909,False,False,center,False,FN,clahe_clip3,False,0.0,0.9977134466171265,11,0.0,0.9976463913917542,0.0,6.705522537231445e-05,clahe clip_limit=3.0 tile=8
E:\TJGY\MinPaper\MyAutoAugument\outputs\datasets\tiled\tiled_1024_ov20_full_safe_no_ok_position\images\val\2025-07-13-20-08-46ps5_NGyuan_tile_0013.jpg,1,OK3,"[3.9976959228515625, 776.9999389648438, 160.99942016601562, 830.9995727539062]",8478.035613382235,small,37.001179523472516,7.193464342911849,7.193464342911849,True,True,edge,False,FN,clahe_clip3,False,,,8,,,0.0,0.0,clahe clip_limit=3.0 tile=8
E:\TJGY\MinPaper\MyAutoAugument\outputs\datasets\tiled\tiled_1024_ov20_full_safe_no_ok_position\images\val\2025-07-14-19-29-20ps5_tile_0007.jpg,7,碰伤,"[916.0017700195312, -0.0005116462707519531, 937.0020141601562, 11.999744415283203]",252.00830704264808,tiny,30.4484126984127,7.5693432870978965,7.5693432870978965,True,True,corner,True,FN,clahe_clip3,False,,,11,,,0.0,0.0,clahe clip_limit=3.0 tile=8
E:\TJGY\MinPaper\MyAutoAugument\outputs\datasets\tiled\tiled_1024_ov20_full_safe_no_ok_position\images\val\2025-07-14-19-29-20ps5_tile_0008.jpg,7,碰伤,"[97.00147247314453, -0.0005116462707519531, 118.00167083740234, 11.999744415283203]",252.00775771452027,tiny,30.48015873015873,7.472409779402671,7.472409779402671,True,True,corner,True,FN,clahe_clip3,False,,,8,,,0.0,0.0,clahe clip_limit=3.0 tile=8
E:\TJGY\MinPaper\MyAutoAugument\outputs\datasets\tiled\tiled_1024_ov20_full_safe_no_ok_position\images\val\2025-07-21-20-56-48ps5_NGyuan_tile_0000.jpg,7,碰伤,"[873.9989013671875, 906.0003662109375, 905.9998779296875, 920.00048828125]",448.0175782442093,tiny,74.57589285714286,14.53255425351571,14.53255425351571,False,True,corner,False,FN,clahe_clip3,False,,,,,,0.0,0.0,clahe clip_limit=3.0 tile=8
E:\TJGY\MinPaper\MyAutoAugument\outputs\datasets\tiled\tiled_1024_ov20_full_safe_no_ok_position\images\val\2025-07-21-20-56-48ps5_NGyuan_tile_0001.jpg,7,碰伤,"[54.99852752685547, 906.0003662109375, 86.99954986572266, 920.00048828125]",448.01821911893785,tiny,74.62946428571429,14.538318447621059,14.538318447621059,False,True,corner,False,FN,clahe_clip3,False,,,8,,,0.0,0.0,clahe clip_limit=3.0 tile=8
E:\TJGY\MinPaper\MyAutoAugument\outputs\datasets\tiled\tiled_1024_ov20_full_safe_no_ok_position\images\val\2025-07-21-20-56-48ps5_NGyuan_tile_0005.jpg,7,碰伤,"[873.9989013671875, 87.00006866455078, 905.9998779296875, 101.00019073486328]",448.0175782442093,tiny,74.60714285714286,14.57989512433936,14.57989512433936,False,True,corner,False,FN,clahe_clip3,False,,,,,,0.0,0.0,clahe clip_limit=3.0 tile=8
E:\TJGY\MinPaper\MyAutoAugument\outputs\datasets\tiled\tiled_1024_ov20_full_safe_no_ok_position\images\val\2025-07-21-20-56-48ps5_NGyuan_tile_0006.jpg,7,碰伤,"[54.99852752685547, 87.00006866455078, 86.99954986572266, 101.00019073486328]",448.01821911893785,tiny,74.55357142857143,14.568397356285017,14.568397356285017,False,True,corner,False,FN,clahe_clip3,False,,,,,,0.0,0.0,clahe clip_limit=3.0 tile=8
E:\TJGY\MinPaper\MyAutoAugument\outputs\datasets\tiled\tiled_1024_ov20_full_safe_no_ok_position\images\val\2025-07-21-20-56-48ps5_NGyuan_tile_0010.jpg,7,碰伤,"[873.9989013671875, 28.000255584716797, 905.9998779296875, 42.00038528442383]",448.01782239228487,tiny,74.62276785714286,14.539604761639193,14.539604761639193,False,True,corner,False,FN,clahe_clip3,False,,,,,,0.0,0.0,clahe clip_limit=3.0 tile=8
E:\TJGY\MinPaper\MyAutoAugument\outputs\datasets\tiled\tiled_1024_ov20_full_safe_no_ok_position\images\val\2025-07-21-20-56-48ps5_NGyuan_tile_0011.jpg,7,碰伤,"[54.99852752685547, 28.000255584716797, 86.99954986572266, 42.00038528442383]",448.0184632673627,tiny,74.55357142857143,14.558128121010444,14.558128121010444,False,True,corner,False,FN,clahe_clip3,False,,,,,,0.0,0.0,clahe clip_limit=3.0 tile=8
E:\TJGY\MinPaper\MyAutoAugument\outputs\datasets\tiled\tiled_1024_ov20_full_safe_no_ok_position\images\val\2025-08-01-18-25-43ps5_NGyuan_tile_0005.jpg,7,碰伤,"[543.9989624023438, 789.001708984375, 570.9977416992188, 800.00048828125]",296.9536147713661,tiny,67.12121212121212,12.43429009826994,12.43429009826994,False,True,center,False,FN,clahe_clip3,False,,,,,,0.0,0.0,clahe clip_limit=3.0 tile=8
E:\TJGY\MinPaper\MyAutoAugument\outputs\datasets\tiled\tiled_1024_ov20_full_safe_no_ok_position\images\val\2025-08-01-18-25-43ps5_NGyuan_tile_0010.jpg,7,碰伤,"[543.9989624023438, 730.0018920898438, 570.9977416992188, 741.0006713867188]",296.9536147713661,tiny,67.14141414141415,12.336753635219289,12.336753635219289,False,True,center,False,FN,clahe_clip3,False,,,,,,0.0,0.0,clahe clip_limit=3.0 tile=8
E:\TJGY\MinPaper\MyAutoAugument\outputs\datasets\tiled\tiled_1024_ov20_full_safe_no_ok_position\images\val\2025-08-01-19-07-33ps5_tile_0001.jpg,7,碰伤,"[683.999755859375, 750.0001220703125, 761.00146484375, 764.9996337890625]",1154.98803627491,small,77.10822510822511,13.52277129892412,13.52277129892412,False,True,center,False,FN,clahe_clip3,False,,,,0.5555399060249329,0.6593897342681885,-0.5555399060249329,-0.6593897342681885,clahe clip_limit=3.0 tile=8
E:\TJGY\MinPaper\MyAutoAugument\outputs\datasets\tiled\tiled_1024_ov20_full_safe_no_ok_position\images\val\2025-08-01-19-07-33ps5_tile_0007.jpg,12,锡膏,"[602.0009155273438, 437.001220703125, 640.9999389648438, 562.0009155273438]",4874.8660281300545,small,132.29107692307693,25.70673247882104,25.70673247882104,False,False,center,False,FN,clahe_clip3,False,,,8,,,0.0,0.0,clahe clip_limit=3.0 tile=8
E:\TJGY\MinPaper\MyAutoAugument\outputs\datasets\tiled\tiled_1024_ov20_full_safe_no_ok_position\images\val\2025-08-01-19-15-54ps5_NGyuan_tile_0001.jpg,9,轮廓划伤,"[265.0019836425781, 812.000244140625, 301.0017395019531, 862.0001220703125]",1799.9833984673023,small,92.58722222222222,13.851881262347467,13.851881262347467,False,True,edge,False,FN,clahe_clip3,False,,,7,,,0.0,0.0,clahe clip_limit=3.0 tile=8
E:\TJGY\MinPaper\MyAutoAugument\outputs\datasets\tiled\tiled_1024_ov20_full_safe_no_ok_position\images\val\2025-08-01-19-15-54ps5_NGyuan_tile_0001.jpg,7,碰伤,"[678.99853515625, 792.9989013671875, 731.0003662109375, 860.9986572265625]",3536.111815959215,small,97.78082579185521,11.439135858198433,11.439135858198433,False,True,edge,False,FN,clahe_clip3,True,0.9594739675521851,0.7197821140289307,7,0.0,0.8984742164611816,0.9594739675521851,-0.17869210243225098,clahe clip_limit=3.0 tile=8
E:\TJGY\MinPaper\MyAutoAugument\outputs\datasets\tiled\tiled_1024_ov20_full_safe_no_ok_position\images\val\2025-08-01-19-15-54ps5_NGyuan_tile_0007.jpg,9,轮廓划伤,"[883.9992065429688, 939.0003051757812, 937.0004272460938, 1011.0007934570312]",3816.1137701272964,small,75.7541928721174,8.36023069434036,8.36023069434036,False,True,corner,False,FN,clahe_clip3,False,,,1,,,0.0,0.0,clahe clip_limit=3.0 tile=8
E:\TJGY\MinPaper\MyAutoAugument\outputs\datasets\tiled\tiled_1024_ov20_full_safe_no_ok_position\images\val\2025-08-01-19-15-54ps5_NGyuan_tile_0008.jpg,9,轮廓划伤,"[64.99890899658203, 939.0003051757812, 118.00012969970703, 1011.0007934570312]",3816.1137701272964,small,75.75104821802935,8.342785454022351,8.342785454022351,False,True,corner,False,FN,clahe_clip3,False,,,,,,0.0,0.0,clahe clip_limit=3.0 tile=8
E:\TJGY\MinPaper\MyAutoAugument\outputs\datasets\tiled\tiled_1024_ov20_full_safe_no_ok_position\images\val\2025-08-01-19-15-54ps5_NGyuan_tile_0010.jpg,9,轮廓划伤,"[320.0010070800781, 846.0001220703125, 367.0005798339844, 917.000244140625]",3336.975402779877,small,73.16332034761763,7.190210572874346,7.190210572874346,False,True,edge,False,FN,clahe_clip3,False,,,,,,0.0,0.0,clahe clip_limit=3.0 tile=8
E:\TJGY\MinPaper\MyAutoAugument\outputs\datasets\tiled\tiled_1024_ov20_full_safe_no_ok_position\images\val\2025-08-04-12-33-32ps5_NGyuan_tile_0007.jpg,12,锡膏,"[372.0007629394531, 490.9992980957031, 429.0007019042969, 573.0001831054688]",4674.045440619811,small,181.8913136499786,36.092790329431004,36.092790329431004,False,False,center,False,FN,clahe_clip3,False,0.0,0.9737956523895264,12,0.0,0.9773492217063904,0.0,-0.0035535693168640137,clahe clip_limit=3.0 tile=8
E:\TJGY\MinPaper\MyAutoAugument\outputs\datasets\tiled\tiled_1024_ov20_full_safe_no_ok_position\images\val\2025-08-04-12-33-32ps5_NGyuan_tile_0012.jpg,12,锡膏,"[372.0007629394531, 431.9994812011719, 429.0007019042969, 514.0003662109375]",4674.045440619811,small,181.89602053915277,36.09129258574198,36.09129258574198,False,False,center,False,FN,clahe_clip3,False,0.0,0.9835172891616821,12,0.0,0.984855592250824,0.0,-0.0013383030891418457,clahe clip_limit=3.0 tile=8
E:\TJGY\MinPaper\MyAutoAugument\outputs\datasets\tiled\tiled_1024_ov20_full_safe_no_ok_position\images\val\2025-08-11-12-08-10ps5_NGyuan_tile_0002.jpg,7,碰伤,"[579.0007934570312, 712.9994506835938, 612.0012817382812, 721.9993286132812]",297.00036615133286,tiny,61.54545454545455,12.719405938158081,12.719405938158081,False,True,center,False,FN,clahe_clip3,False,,,,,,0.0,0.0,clahe clip_limit=3.0 tile=8
E:\TJGY\MinPaper\MyAutoAugument\outputs\datasets\tiled\tiled_1024_ov20_full_safe_no_ok_position\images\val\2025-08-11-19-47-12ps5_tile_0002.jpg,10,锡丝残留,"[450.9997863769531, 899.0007934570312, 515.0007934570312, 1014.0011596679688]",7360.139252077788,small,90.81888586956522,29.39094057510151,29.39094057510151,False,False,edge,False,FN,clahe_clip3,False,,,,,,0.0,0.0,clahe clip_limit=3.0 tile=8
E:\TJGY\MinPaper\MyAutoAugument\outputs\datasets\tiled\tiled_1024_ov20_full_safe_no_ok_position\images\val\2025-08-11-19-47-12ps5_tile_0012.jpg,10,锡丝残留,"[450.9997863769531, 21.000701904296875, 515.0007934570312, 136.0010223388672]",7360.136322344188,small,90.81589673913044,29.391555325766586,29.391555325766586,False,False,edge,False,FN,clahe_clip3,False,,,1,,,0.0,0.0,clahe clip_limit=3.0 tile=8
E:\TJGY\MinPaper\MyAutoAugument\outputs\datasets\tiled\tiled_1024_ov20_full_safe_no_ok_position\images\val\2025-08-11-19-48-33ps5_tile_0002.jpg,10,锡丝残留,"[583.0010375976562, 918.9995727539062, 650.0014038085938, 1013.9990844726562]",6365.002075016499,small,82.86457187745484,29.289360786741216,29.289360786741216,False,False,edge,False,FN,clahe_clip3,False,,,11,,,0.0,0.0,clahe clip_limit=3.0 tile=8
E:\TJGY\MinPaper\MyAutoAugument\outputs\datasets\tiled\tiled_1024_ov20_full_safe_no_ok_position\images\val\2025-08-11-19-48-33ps5_tile_0007.jpg,10,锡丝残留,"[583.0010375976562, 99.99923706054688, 650.0014038085938, 194.998779296875]",6365.004119705409,small,82.88578161822467,29.26549908145222,29.26549908145222,False,False,edge,False,FN,clahe_clip3,False,,,1,,,0.0,0.0,clahe clip_limit=3.0 tile=8
E:\TJGY\MinPaper\MyAutoAugument\outputs\datasets\tiled\tiled_1024_ov20_full_safe_no_ok_position\images\val\2025-08-11-19-48-33ps5_tile_0012.jpg,10,锡丝残留,"[583.0010375976562, 40.99942398071289, 650.0014038085938, 135.9989776611328]",6365.00488646375,small,82.8725844461901,29.26325957101295,29.26325957101295,False,False,edge,False,FN,clahe_clip3,False,,,11,,,0.0,0.0,clahe clip_limit=3.0 tile=8
E:\TJGY\MinPaper\MyAutoAugument\outputs\datasets\tiled\tiled_1024_ov20_full_safe_no_ok_position\images\val\2025-08-11-19-48-39ps5_tile_0002.jpg,11,锡尖,"[260.00177001953125, 969.9993896484375, 426.99981689453125, 1022.0001220703125]",8684.020750522614,small,131.6589129433441,28.84888457853096,28.84888457853096,False,False,edge,False,FN,clahe_clip3,False,,,,,,0.0,0.0,clahe clip_limit=3.0 tile=8
E:\TJGY\MinPaper\MyAutoAugument\outputs\datasets\tiled\tiled_1024_ov20_full_safe_no_ok_position\images\val\2025-08-12-01-35-13ps5_NGyuan_tile_0008.jpg,7,碰伤,"[284.9986572265625, 695.0006103515625, 294.9990234375, 707.0008544921875]",120.00683602690697,tiny,68.83333333333333,13.364338949441365,13.364338949441365,False,True,center,False,FN,clahe_clip3,False,,,1,,,0.0,0.0,clahe clip_limit=3.0 tile=8
E:\TJGY\MinPaper\MyAutoAugument\outputs\datasets\tiled\tiled_1024_ov20_full_safe_no_ok_position\images\val\2025-08-12-01-35-13ps5_NGyuan_tile_0009.jpg,7,碰伤,"[169.9983367919922, 695.0006103515625, 179.9987335205078, 707.0008544921875]",120.00720224529505,tiny,68.89166666666667,13.415038721110308,13.415038721110308,False,True,edge,False,FN,clahe_clip3,False,,,,,,0.0,0.0,clahe clip_limit=3.0 tile=8
E:\TJGY\MinPaper\MyAutoAugument\outputs\datasets\tiled\tiled_1024_ov20_full_safe_no_ok_position\images\val\2025-08-12-01-35-13ps5_NGyuan_tile_0013.jpg,7,碰伤,"[284.9986572265625, 635.999755859375, 294.9990234375, 648.0]",120.00683602690697,tiny,68.75,13.430841373495555,13.430841373495555,False,True,center,False,FN,clahe_clip3,False,,,1,,,0.0,0.0,clahe clip_limit=3.0 tile=8
E:\TJGY\MinPaper\MyAutoAugument\outputs\datasets\tiled\tiled_1024_ov20_full_safe_no_ok_position\images\val\2025-08-12-01-35-13ps5_NGyuan_tile_0014.jpg,7,碰伤,"[169.9983367919922, 635.999755859375, 179.9987335205078, 648.0]",120.00720224529505,tiny,68.825,13.406256313129825,13.406256313129825,False,True,edge,False,FN,clahe_clip3,False,,,,,,0.0,0.0,clahe clip_limit=3.0 tile=8
E:\TJGY\MinPaper\MyAutoAugument\outputs\datasets\tiled\tiled_1024_ov20_full_safe_no_ok_position\images\val\2025-08-21-05-20-58ps5_NGyuan_tile_0010.jpg,7,碰伤,"[778.0018920898438, 644.0003051757812, 802.0014038085938, 658.0014038085938]",336.0195307135582,tiny,98.25297619047619,9.744885261578911,9.744885261578911,False,True,center,False,FN,clahe_clip3,False,,,8,,,0.0,0.0,clahe clip_limit=3.0 tile=8
E:\TJGY\MinPaper\MyAutoAugument\outputs\datasets\tiled\tiled_1024_ov20_full_safe_no_ok_position\images\val\2025-09-02-07-01-17ps5_NGyuan_tile_0007.jpg,11,锡尖,"[728.0009765625, 371.9992370605469, 780.0028076171875, 418.9997863769531]",2444.114625029266,small,91.18780687397708,32.5586892764388,32.5586892764388,False,False,center,False,FN,clahe_clip3,False,,,8,,,0.0,0.0,clahe clip_limit=3.0 tile=8
E:\TJGY\MinPaper\MyAutoAugument\outputs\datasets\tiled\tiled_1024_ov20_full_safe_no_ok_position\images\val\2025-09-02-07-01-17ps5_NGyuan_tile_0012.jpg,11,锡尖,"[728.0009765625, 312.99945068359375, 780.0028076171875, 360.0]",2444.114625029266,small,91.1665302782324,32.57385679580332,32.57385679580332,False,False,center,False,FN,clahe_clip3,False,,,8,,,0.0,0.0,clahe clip_limit=3.0 tile=8
E:\TJGY\MinPaper\MyAutoAugument\outputs\datasets\tiled\tiled_1024_ov20_full_safe_no_ok_position\images\val\2025-09-02-08-24-16ps5_NGyuan_tile_0001.jpg,7,碰伤,"[504.9999084472656, 779.999755859375, 529.9998168945312, 790.99853515625]",274.9684754535556,tiny,67.17090909090909,16.44328735908832,16.44328735908832,False,True,center,False,FN,clahe_clip3,False,,,,,,0.0,0.0,clahe clip_limit=3.0 tile=8
E:\TJGY\MinPaper\MyAutoAugument\outputs\datasets\tiled\tiled_1024_ov20_full_safe_no_ok_position\images\val\2025-09-02-15-04-54ps5_NGyuan_tile_0007.jpg,6,漏背锡,"[592.9998779296875, 346.0003662109375, 857.9998779296875, 424.99993896484375]",20934.886779785156,medium,93.02302364461428,40.044814221721936,40.044814221721936,False,False,center,False,FN,clahe_clip3,False,0.2536280155181885,0.8033384084701538,6,0.25203555822372437,0.6360679864883423,0.0015924572944641113,0.16727042198181152,clahe clip_limit=3.0 tile=8
E:\TJGY\MinPaper\MyAutoAugument\outputs\datasets\tiled\tiled_1024_ov20_full_safe_no_ok_position\images\val\2025-09-02-15-04-54ps5_NGyuan_tile_0012.jpg,6,漏背锡,"[592.9998779296875, 287.0005798339844, 857.9998779296875, 366.0001525878906]",20934.886779785156,medium,93.03625507523286,40.043653921247,40.043653921247,False,False,center,False,FN,clahe_clip3,False,0.2557004392147064,0.7246240973472595,6,0.2679309844970703,0.768899142742157,-0.012230545282363892,-0.04427504539489746,clahe clip_limit=3.0 tile=8
E:\TJGY\MinPaper\MyAutoAugument\outputs\datasets\tiled\tiled_1024_ov20_full_safe_no_ok_position\images\val\2025-09-02-20-35-27ps5_NGyuan_tile_0007.jpg,6,漏背锡,"[495.9979248046875, 399.0010681152344, 710.9990234375, 448.0005187988281]",10534.935729376972,medium,142.15007119126722,62.38630949557069,62.38630949557069,False,False,center,False,FN,clahe_clip3,False,0.0,0.8267127275466919,6,0.0,0.8630314469337463,0.0,-0.03631871938705444,clahe clip_limit=3.0 tile=8
E:\TJGY\MinPaper\MyAutoAugument\outputs\datasets\tiled\tiled_1024_ov20_full_safe_no_ok_position\images\val\2025-09-09-21-08-16ps5_tile_0005.jpg,7,碰伤,"[620.9991455078125, 429.00018310546875, 674.0003662109375, 473.9998779296875]",2385.0387569516897,small,83.34633123689727,8.341202081152689,8.341202081152689,False,True,center,False,FN,clahe_clip3,False,,,,,,0.0,0.0,clahe clip_limit=3.0 tile=8
E:\TJGY\MinPaper\MyAutoAugument\outputs\datasets\tiled\tiled_1024_ov20_full_safe_no_ok_position\images\val\2025-09-09-21-08-16ps5_tile_0010.jpg,7,碰伤,"[620.9991455078125, 370.0003662109375, 674.0003662109375, 415.00006103515625]",2385.0387569516897,small,83.31949685534592,8.310901718698924,8.310901718698924,False,True,center,False,FN,clahe_clip3,False,,,,,,0.0,0.0,clahe clip_limit=3.0 tile=8
E:\TJGY\MinPaper\MyAutoAugument\outputs\datasets\tiled\tiled_1024_ov20_full_safe_no_ok_position\images\val\2025-09-09-21-09-08ps5_tile_0002.jpg,7,碰伤,"[268.99969482421875, 636.000244140625, 350.0001220703125, 668.9996337890625]",2672.964660383761,small,71.33370744481856,13.990167208105312,13.990167208105312,False,True,center,False,FN,clahe_clip3,False,,,,,,0.0,0.0,clahe clip_limit=3.0 tile=8
E:\TJGY\MinPaper\MyAutoAugument\outputs\datasets\tiled\tiled_1024_ov20_full_safe_no_ok_position\images\val\2025-09-09-21-09-08ps5_tile_0002.jpg,7,碰伤,"[896.0, 637.0001831054688, 967.99951171875, 685.9995727539062]",3527.932129204273,small,60.058956916099774,24.542952173817785,24.542952173817785,False,False,edge,False,FN,clahe_clip3,False,,,,,,0.0,0.0,clahe clip_limit=3.0 tile=8
E:\TJGY\MinPaper\MyAutoAugument\outputs\datasets\tiled\tiled_1024_ov20_full_safe_no_ok_position\images\val\2025-09-09-21-09-08ps5_tile_0003.jpg,7,碰伤,"[77.00070190429688, 637.0001831054688, 149.0001983642578, 685.9995727539062]",3527.9313815329224,small,60.06235827664399,24.52822591520583,24.52822591520583,False,False,edge,False,FN,clahe_clip3,False,,,,,,0.0,0.0,clahe clip_limit=3.0 tile=8
E:\TJGY\MinPaper\MyAutoAugument\outputs\datasets\tiled\tiled_1024_ov20_full_safe_no_ok_position\images\val\2025-09-09-21-09-08ps5_tile_0006.jpg,9,轮廓划伤,"[423.0005798339844, 792.00048828125, 472.9994201660156, 853.9996337890625]",3099.8853769674897,small,73.83129032258064,11.283484431491578,11.283484431491578,False,True,edge,False,FN,clahe_clip3,False,,,7,,,0.0,0.0,clahe clip_limit=3.0 tile=8
E:\TJGY\MinPaper\MyAutoAugument\outputs\datasets\tiled\tiled_1024_ov20_full_safe_no_ok_position\images\val\2025-09-09-21-09-08ps5_tile_0011.jpg,9,轮廓划伤,"[423.0005798339844, 733.0006713867188, 472.9994201660156, 794.9998168945312]",3099.8853769674897,small,73.80677419354839,11.264664388596808,11.264664388596808,False,True,center,False,FN,clahe_clip3,False,,,7,,,0.0,0.0,clahe clip_limit=3.0 tile=8
E:\TJGY\MinPaper\MyAutoAugument\outputs\datasets\tiled\tiled_1024_ov20_full_safe_no_ok_position\images\val\2025-09-15-17-40-22ps5_tile_0002.jpg,2,加强筋打伤,"[780.000244140625, 491.00030517578125, 825.0009765625, 563.0007934570312]",3240.074707388878,small,58.91203703703704,12.028771200385384,12.028771200385384,True,True,center,False,FN,clahe_clip3,False,,,0,,,0.0,0.0,clahe clip_limit=3.0 tile=8
E:\TJGY\MinPaper\MyAutoAugument\outputs\datasets\tiled\tiled_1024_ov20_full_safe_no_ok_position\images\val\2025-09-15-17-40-45ps5_tile_0003.jpg,9,轮廓划伤,"[614.99853515625, 768.9994506835938, 658.998779296875, 878.9995727539062]",4840.032226592302,small,43.10144628099174,5.880616532374243,5.880616532374243,True,True,edge,False,FN,clahe_clip3,False,0.0,0.7422925233840942,9,0.0,0.8685526251792908,0.0,-0.12626010179519653,clahe clip_limit=3.0 tile=8
E:\TJGY\MinPaper\MyAutoAugument\outputs\datasets\tiled\tiled_1024_ov20_full_safe_no_ok_position\images\val\2025-09-15-17-40-45ps5_tile_0005.jpg,7,碰伤,"[658.001953125, 365.9991149902344, 696.00048828125, 410.0003967285156]",1671.9842510521412,small,80.13516746411483,19.512654649717266,19.512654649717266,False,True,center,False,FN,clahe_clip3,False,,,2,,,0.0,0.0,clahe clip_limit=3.0 tile=8
E:\TJGY\MinPaper\MyAutoAugument\outputs\datasets\tiled\tiled_1024_ov20_full_safe_no_ok_position\images\val\2025-09-15-17-40-45ps5_tile_0008.jpg,9,轮廓划伤,"[667.999755859375, 143.99948120117188, 736.00048828125, 280.0]",9248.134888075292,small,52.046820934256054,11.056431250044772,11.056431250044772,True,True,center,False,FN,clahe_clip3,False,,,7,0.0,0.6813665628433228,0.0,-0.6813665628433228,clahe clip_limit=3.0 tile=8
E:\TJGY\MinPaper\MyAutoAugument\outputs\datasets\tiled\tiled_1024_ov20_full_safe_no_ok_position\images\val\2025-09-15-17-40-45ps5_tile_0009.jpg,9,轮廓划伤,"[552.9994506835938, 143.99948120117188, 621.0001831054688, 280.0]",9248.134888075292,small,52.04163062283737,11.041174963422284,11.041174963422284,True,True,center,False,FN,clahe_clip3,False,,,7,0.0,0.4902084767818451,0.0,-0.4902084767818451,clahe clip_limit=3.0 tile=8
E:\TJGY\MinPaper\MyAutoAugument\outputs\datasets\tiled\tiled_1024_ov20_full_safe_no_ok_position\images\val\2025-09-15-17-40-45ps5_tile_0013.jpg,9,轮廓划伤,"[588.0007934570312, 129.9998779296875, 647.0005493164062, 266.998779296875]",8082.901733666658,small,45.12247927749598,7.320491860402777,7.320491860402777,True,True,edge,False,FN,clahe_clip3,False,,,7,,,0.0,0.0,clahe clip_limit=3.0 tile=8
E:\TJGY\MinPaper\MyAutoAugument\outputs\datasets\tiled\tiled_1024_ov20_full_safe_no_ok_position\images\val\2025-09-15-17-40-45ps5_tile_0013.jpg,9,轮廓划伤,"[667.999755859375, 84.99967956542969, 736.00048828125, 221.0001983642578]",9248.134888075292,small,52.05590397923876,11.051302284552333,11.051302284552333,True,True,edge,False,FN,clahe_clip3,False,,,7,,,0.0,0.0,clahe clip_limit=3.0 tile=8
E:\TJGY\MinPaper\MyAutoAugument\outputs\datasets\tiled\tiled_1024_ov20_full_safe_no_ok_position\images\val\2025-09-17-00-42-01ps5_NGyuan_tile_0002.jpg,9,轮廓划伤,"[569.9998779296875, 440.9994201660156, 608.9989013671875, 531.9992065429688]",3548.902801722288,small,82.39165962242885,19.955258444015058,19.955258444015058,False,True,center,False,FN,clahe_clip3,False,,,,,,0.0,0.0,clahe clip_limit=3.0 tile=8
E:\TJGY\MinPaper\MyAutoAugument\outputs\datasets\tiled\tiled_1024_ov20_full_safe_no_ok_position\images\val\2025-09-17-00-42-01ps5_NGyuan_tile_0003.jpg,9,轮廓划伤,"[88.99993896484375, 451.99920654296875, 134.00064086914062, 546.998779296875]",4275.0474545340985,small,61.53426900584795,16.561533177541072,16.561533177541072,False,True,edge,False,FN,clahe_clip3,False,,,,,,0.0,0.0,clahe clip_limit=3.0 tile=8
E:\TJGY\MinPaper\MyAutoAugument\outputs\datasets\tiled\tiled_1024_ov20_full_safe_no_ok_position\images\val\2025-09-17-00-42-01ps5_NGyuan_tile_0007.jpg,9,轮廓划伤,"[825.9993286132812, 569.0009765625, 861.9990844726562, 658.0008544921875]",3203.9738769829273,small,82.04119850187266,27.04385951819281,27.04385951819281,False,False,edge,False,FN,clahe_clip3,False,,,4,,,0.0,0.0,clahe clip_limit=3.0 tile=8
E:\TJGY\MinPaper\MyAutoAugument\outputs\datasets\tiled\tiled_1024_ov20_full_safe_no_ok_position\images\val\2025-09-17-00-42-01ps5_NGyuan_tile_0007.jpg,9,轮廓划伤,"[464.9989318847656, 554.0003662109375, 508.9991760253906, 646.0006103515625]",4048.0332031846046,small,88.09510869565217,25.228170146891692,25.228170146891692,False,False,center,False,FN,clahe_clip3,False,,,4,,,0.0,0.0,clahe clip_limit=3.0 tile=8
E:\TJGY\MinPaper\MyAutoAugument\outputs\datasets\tiled\tiled_1024_ov20_full_safe_no_ok_position\images\val\2025-09-17-00-42-01ps5_NGyuan_tile_0008.jpg,9,轮廓划伤,"[6.999040603637695, 569.0009765625, 42.99878692626953, 658.0008544921875]",3203.97302821395,small,82.03558052434457,27.060123698453427,27.060123698453427,False,False,edge,False,FN,clahe_clip3,False,,,,,,0.0,0.0,clahe clip_limit=3.0 tile=8
E:\TJGY\MinPaper\MyAutoAugument\outputs\datasets\tiled\tiled_1024_ov20_full_safe_no_ok_position\images\val\2025-09-17-00-42-01ps5_NGyuan_tile_0012.jpg,9,轮廓划伤,"[825.9993286132812, 510.0011291503906, 861.9990844726562, 599.0010986328125]",3203.977172859013,small,82.05087390761548,27.03131251511788,27.03131251511788,False,False,edge,False,FN,clahe_clip3,False,,,4,,,0.0,0.0,clahe clip_limit=3.0 tile=8
E:\TJGY\MinPaper\MyAutoAugument\outputs\datasets\tiled\tiled_1024_ov20_full_safe_no_ok_position\images\val\2025-09-17-00-42-01ps5_NGyuan_tile_0012.jpg,9,轮廓划伤,"[464.9989318847656, 495.0006103515625, 508.9991760253906, 587.0008544921875]",4048.0332031846046,small,88.0909090909091,25.217132883679668,25.217132883679668,False,False,center,False,FN,clahe_clip3,False,,,4,,,0.0,0.0,clahe clip_limit=3.0 tile=8
E:\TJGY\MinPaper\MyAutoAugument\outputs\datasets\tiled\tiled_1024_ov20_full_safe_no_ok_position\images\val\2025-09-17-00-42-01ps5_NGyuan_tile_0013.jpg,9,轮廓划伤,"[6.999040603637695, 510.0011291503906, 42.99878692626953, 599.0010986328125]",3203.9763240891625,small,82.05149812734082,27.05617049169587,27.05617049169587,False,False,edge,False,FN,clahe_clip3,False,,,,,,0.0,0.0,clahe clip_limit=3.0 tile=8
E:\TJGY\MinPaper\MyAutoAugument\outputs\datasets\tiled\tiled_1024_ov20_full_safe_no_ok_position\images\val\2025-09-17-01-04-57ps5_NGyuan_tile_0007.jpg,7,碰伤,"[943.9984741210938, 549.001220703125, 1022.9990844726562, 661.000244140625]",8847.991210341454,small,70.38438065099457,27.789816997064424,27.789816997064424,False,False,edge,False,FN,clahe_clip3,False,,,0,,,0.0,0.0,clahe clip_limit=3.0 tile=8
E:\TJGY\MinPaper\MyAutoAugument\outputs\datasets\tiled\tiled_1024_ov20_full_safe_no_ok_position\images\val\2025-09-17-01-04-57ps5_NGyuan_tile_0009.jpg,7,碰伤,"[9.997825622558594, 549.001220703125, 88.99839782714844, 661.000244140625]",8847.986937917769,small,70.39500452079567,27.785352623891168,27.785352623891168,False,False,edge,False,FN,clahe_clip3,False,,,,,,0.0,0.0,clahe clip_limit=3.0 tile=8
E:\TJGY\MinPaper\MyAutoAugument\outputs\datasets\tiled\tiled_1024_ov20_full_safe_no_ok_position\images\val\2025-09-17-01-04-57ps5_NGyuan_tile_0012.jpg,7,碰伤,"[943.9984741210938, 490.0014343261719, 1022.9990844726562, 602.0004272460938]",8847.988799434155,small,70.38381555153707,27.781154746340547,27.781154746340547,False,False,edge,False,FN,clahe_clip3,False,,,1,,,0.0,0.0,clahe clip_limit=3.0 tile=8
E:\TJGY\MinPaper\MyAutoAugument\outputs\datasets\tiled\tiled_1024_ov20_full_safe_no_ok_position\images\val\2025-09-17-01-04-57ps5_NGyuan_tile_0014.jpg,7,碰伤,"[9.997825622558594, 490.0014343261719, 88.99839782714844, 602.0004272460938]",8847.984527011635,small,70.39602169981917,27.783863597371752,27.783863597371752,False,False,edge,False,FN,clahe_clip3,False,,,,,,0.0,0.0,clahe clip_limit=3.0 tile=8
E:\TJGY\MinPaper\MyAutoAugument\outputs\datasets\tiled\tiled_1024_ov20_full_safe_no_ok_position\images\val\2025-09-23-01-12-21ps5_NGyuan_tile_0000.jpg,8,脏污,"[867.0013427734375, 503.0005798339844, 929.9998779296875, 558.0006713867188]",3464.925201281905,small,96.83174603174604,20.809539021020875,20.809539021020875,False,False,edge,False,FN,clahe_clip3,False,,,,,,0.0,0.0,clahe clip_limit=3.0 tile=8
E:\TJGY\MinPaper\MyAutoAugument\outputs\datasets\tiled\tiled_1024_ov20_full_safe_no_ok_position\images\val\2025-09-23-01-12-21ps5_NGyuan_tile_0001.jpg,8,脏污,"[48.00102615356445, 503.0005798339844, 110.99955749511719, 558.0006713867188]",3464.9249914732063,small,96.83376623376624,20.802404743265633,20.802404743265633,False,False,edge,False,FN,clahe_clip3,False,,,,,,0.0,0.0,clahe clip_limit=3.0 tile=8
E:\TJGY\MinPaper\MyAutoAugument\outputs\datasets\tiled\tiled_1024_ov20_full_safe_no_ok_position\images\val\2025-09-23-12-23-50ps5_NGyuan_tile_0007.jpg,1,OK3,"[535.99951171875, 675.0003051757812, 712.9979248046875, 710.0006713867188]",6195.009276762605,small,68.44229217110573,12.546360320682469,12.546360320682469,False,True,center,False,FN,clahe_clip3,False,,,0,,,0.0,0.0,clahe clip_limit=3.0 tile=8
E:\TJGY\MinPaper\MyAutoAugument\outputs\datasets\tiled\tiled_1024_ov20_full_safe_no_ok_position\images\val\2025-10-11-06-43-38ps5_tile_0004.jpg,7,碰伤,"[785.0004272460938, 780.9996948242188, 939.9992065429688, 1000.9999389648438]",34099.76928681135,medium,53.30431085043988,18.205265879869607,18.205265879869607,True,True,corner,False,FN,clahe_clip3,False,,,,,,0.0,0.0,clahe clip_limit=3.0 tile=8
E:\TJGY\MinPaper\MyAutoAugument\outputs\datasets\tiled\tiled_1024_ov20_full_safe_no_ok_position\images\val\2025-10-11-06-43-38ps5_tile_0009.jpg,7,碰伤,"[833.00146484375, 496.00048828125, 952.00048828125, 672.00048828125]",20943.828125,medium,53.00940603514133,15.966843311164997,15.966843311164997,True,True,edge,False,FN,clahe_clip3,False,,,,,,0.0,0.0,clahe clip_limit=3.0 tile=8
E:\TJGY\MinPaper\MyAutoAugument\outputs\datasets\tiled\tiled_1024_ov20_full_safe_no_ok_position\images\val\2025-10-11-06-43-38ps5_tile_0012.jpg,1,OK3,"[825.0009765625, 564.000732421875, 944.9993896484375, 625.9998779296875]",7439.799073621631,small,60.81760752688172,12.480530501060455,12.480530501060455,False,True,edge,False,FN,clahe_clip3,False,,,0,,,0.0,0.0,clahe clip_limit=3.0 tile=8
E:\TJGY\MinPaper\MyAutoAugument\outputs\datasets\tiled\tiled_1024_ov20_full_safe_no_ok_position\images\val\2025-10-11-06-43-38ps5_tile_0013.jpg,1,OK3,"[6.001659393310547, 564.000732421875, 126.0001220703125, 625.9998779296875]",7439.802148225252,small,60.82231182795699,12.474237409818958,12.474237409818958,False,True,edge,False,FN,clahe_clip3,True,0.8762845993041992,0.3147059679031372,1,,,0.8762845993041992,0.3147059679031372,clahe clip_limit=3.0 tile=8
E:\TJGY\MinPaper\MyAutoAugument\outputs\datasets\tiled\tiled_1024_ov20_full_safe_no_ok_position\images\val\2025-10-11-06-43-38ps5_tile_0014.jpg,7,碰伤,"[833.00146484375, 437.000732421875, 952.00048828125, 613.000732421875]",20943.828125,medium,53.00868983957219,15.957455759330232,15.957455759330232,True,True,edge,False,FN,clahe_clip3,False,,,,,,0.0,0.0,clahe clip_limit=3.0 tile=8
E:\TJGY\MinPaper\MyAutoAugument\outputs\datasets\tiled\tiled_1024_ov20_full_safe_no_ok_position\images\val\2025-10-17-13-38-05ps5_NGyuan_tile_0002.jpg,8,脏污,"[97.9993667602539, 625.00146484375, 315.999755859375, 758.0006103515625]",28993.86547055375,medium,92.81903152376354,27.81747796575795,27.81747796575795,False,False,center,False,FN,clahe_clip3,True,0.8532915115356445,0.7585574388504028,8,,,0.8532915115356445,0.7585574388504028,clahe clip_limit=3.0 tile=8
E:\TJGY\MinPaper\MyAutoAugument\outputs\datasets\tiled\tiled_1024_ov20_full_safe_no_ok_position\images\val\2025-10-17-15-21-16ps5_NGyuan_tile_0001.jpg,7,碰伤,"[370.9992980957031, 653.0001831054688, 397.9980773925781, 676.9996948242188]",647.9575201272964,tiny,76.18672839506173,7.7350419033912425,7.7350419033912425,False,True,center,False,FN,clahe_clip3,False,,,,0.0,0.711706280708313,0.0,-0.711706280708313,clahe clip_limit=3.0 tile=8
E:\TJGY\MinPaper\MyAutoAugument\outputs\datasets\tiled\tiled_1024_ov20_full_safe_no_ok_position\images\val\2025-10-17-15-21-16ps5_NGyuan_tile_0005.jpg,7,碰伤,"[891.9987182617188, 703.99951171875, 935.9989624023438, 729.9998779296875]",1144.022461026907,small,82.23076923076923,6.091169014871003,6.091169014871003,False,True,edge,False,FN,clahe_clip3,False,,,,,,0.0,0.0,clahe clip_limit=3.0 tile=8
E:\TJGY\MinPaper\MyAutoAugument\outputs\datasets\tiled\tiled_1024_ov20_full_safe_no_ok_position\images\val\2025-10-17-15-21-16ps5_NGyuan_tile_0010.jpg,7,碰伤,"[891.9987182617188, 644.9996948242188, 935.9989624023438, 671.0000610351562]",1144.022461026907,small,82.25961538461539,6.116146679218979,6.116146679218979,False,True,edge,False,FN,clahe_clip3,False,,,,,,0.0,0.0,clahe clip_limit=3.0 tile=8
E:\TJGY\MinPaper\MyAutoAugument\outputs\datasets\tiled\tiled_1024_ov20_full_safe_no_ok_position\images\val\2025-10-17-15-21-16ps5_NGyuan_tile_0011.jpg,7,碰伤,"[72.99839782714844, 644.9996948242188, 116.9986572265625, 671.0000610351562]",1144.0228577610105,small,82.26923076923077,6.0766575138929095,6.0766575138929095,False,True,edge,False,FN,clahe_clip3,False,,,,,,0.0,0.0,clahe clip_limit=3.0 tile=8
E:\TJGY\MinPaper\MyAutoAugument\outputs\datasets\tiled\tiled_1024_ov20_full_safe_no_ok_position\images\val\2025-10-22-13-52-23ps5_NGyuan_tile_0007.jpg,12,锡膏,"[213.9990997314453, 268.9996643066406, 273.9983215332031, 304.9994201660156]",2159.957336615771,small,210.7685185185185,35.23007881570474,35.23007881570474,False,False,center,False,FN,clahe_clip3,False,,,0,,,0.0,0.0,clahe clip_limit=3.0 tile=8
E:\TJGY\MinPaper\MyAutoAugument\outputs\datasets\tiled\tiled_1024_ov20_full_safe_no_ok_position\images\val\2025-10-22-13-52-23ps5_NGyuan_tile_0012.jpg,12,锡膏,"[213.9990997314453, 209.99986267089844, 273.9983215332031, 245.99961853027344]",2159.957336615771,small,210.7699074074074,35.20862849305262,35.20862849305262,False,False,center,False,FN,clahe_clip3,False,,,0,,,0.0,0.0,clahe clip_limit=3.0 tile=8
E:\TJGY\MinPaper\MyAutoAugument\outputs\datasets\tiled\tiled_1024_ov20_full_safe_no_ok_position\images\val\2025-10-31-03-46-08ps5_NGyuan_tile_0006.jpg,5,浅划伤,"[213.99911499023438, 679.99951171875, 291.0008239746094, 736.0]",4312.133301615715,small,87.8409090909091,9.498692220750025,9.498692220750025,False,True,center,False,FN,clahe_clip3,False,,,7,,,0.0,0.0,clahe clip_limit=3.0 tile=8
E:\TJGY\MinPaper\MyAutoAugument\outputs\datasets\tiled\tiled_1024_ov20_full_safe_no_ok_position\images\val\2025-10-31-03-46-08ps5_NGyuan_tile_0011.jpg,5,浅划伤,"[213.99911499023438, 620.9996948242188, 291.0008239746094, 677.0001831054688]",4312.133301615715,small,87.8471706864564,9.498318929995587,9.498318929995587,False,True,center,False,FN,clahe_clip3,False,,,7,,,0.0,0.0,clahe clip_limit=3.0 tile=8
E:\TJGY\MinPaper\MyAutoAugument\outputs\datasets\tiled\tiled_1024_ov20_full_safe_no_ok_position\images\val\2025-11-01-14-42-20ps5_NGyuan_tile_0003.jpg,7,碰伤,"[500.000244140625, 899.999755859375, 605.9996337890625, 977.00048828125]",8162.030639201403,small,50.66172506738545,18.150312464313096,18.150312464313096,True,True,edge,False,FN,clahe_clip3,False,,,,0.0,0.7693948745727539,0.0,-0.7693948745727539,clahe clip_limit=3.0 tile=8
E:\TJGY\MinPaper\MyAutoAugument\outputs\datasets\tiled\tiled_1024_ov20_full_safe_no_ok_position\images\val\2025-11-01-14-42-20ps5_NGyuan_tile_0004.jpg,7,碰伤,"[384.99993896484375, 899.999755859375, 490.999267578125, 977.00048828125]",8162.025939449668,small,50.65645675079637,18.16103435712057,18.16103435712057,True,True,edge,False,FN,clahe_clip3,False,,,,,,0.0,0.0,clahe clip_limit=3.0 tile=8
E:\TJGY\MinPaper\MyAutoAugument\outputs\datasets\tiled\tiled_1024_ov20_full_safe_no_ok_position\images\val\2025-11-01-14-42-20ps5_NGyuan_tile_0005.jpg,7,碰伤,"[372.0007629394531, 847.9994506835938, 434.9992980957031, 944.9999389648438]",6110.888671159744,small,73.78972344951727,10.3877121956301,10.3877121956301,False,True,edge,False,FN,clahe_clip3,False,,,,,,0.0,0.0,clahe clip_limit=3.0 tile=8
E:\TJGY\MinPaper\MyAutoAugument\outputs\datasets\tiled\tiled_1024_ov20_full_safe_no_ok_position\images\val\2025-11-01-14-42-20ps5_NGyuan_tile_0008.jpg,7,碰伤,"[594.0014038085938, 581.9996337890625, 643.0007934570312, 670.99951171875]",4360.939697340131,small,61.634716808071545,8.350099978877372,8.350099978877372,False,True,center,False,FN,clahe_clip3,False,,,9,,,0.0,0.0,clahe clip_limit=3.0 tile=8
E:\TJGY\MinPaper\MyAutoAugument\outputs\datasets\tiled\tiled_1024_ov20_full_safe_no_ok_position\images\val\2025-11-01-14-42-20ps5_NGyuan_tile_0008.jpg,7,碰伤,"[342.998046875, 683.0003051757812, 490.998779296875, 816.9999389648438]",19832.04394504428,medium,46.13816054860831,9.892181567104181,9.892181567104181,True,True,center,False,FN,clahe_clip3,False,,,9,,,0.0,0.0,clahe clip_limit=3.0 tile=8
E:\TJGY\MinPaper\MyAutoAugument\outputs\datasets\tiled\tiled_1024_ov20_full_safe_no_ok_position\images\val\2025-11-01-14-42-20ps5_NGyuan_tile_0008.jpg,7,碰伤,"[500.000244140625, 80.99942779541016, 605.9996337890625, 158.0001220703125]",8162.026595645584,small,50.6691987258025,18.166714261311874,18.166714261311874,True,True,edge,False,FN,clahe_clip3,False,,,9,,,0.0,0.0,clahe clip_limit=3.0 tile=8
E:\TJGY\MinPaper\MyAutoAugument\outputs\datasets\tiled\tiled_1024_ov20_full_safe_no_ok_position\images\val\2025-11-01-14-42-20ps5_NGyuan_tile_0009.jpg,7,碰伤,"[479.0010681152344, 581.9996337890625, 528.00048828125, 670.99951171875]",4360.942413400859,small,61.649163036000914,8.381732074677439,8.381732074677439,False,True,center,False,FN,clahe_clip3,False,,,9,0.0,0.36237359046936035,0.0,-0.36237359046936035,clahe clip_limit=3.0 tile=8
E:\TJGY\MinPaper\MyAutoAugument\outputs\datasets\tiled\tiled_1024_ov20_full_safe_no_ok_position\images\val\2025-11-01-14-42-20ps5_NGyuan_tile_0009.jpg,7,碰伤,"[384.99993896484375, 80.99942779541016, 490.999267578125, 158.0001220703125]",8162.021895896178,small,50.65853957363392,18.18350789983095,18.18350789983095,True,True,edge,False,FN,clahe_clip3,False,,,9,0.0,0.36237359046936035,0.0,-0.36237359046936035,clahe clip_limit=3.0 tile=8
E:\TJGY\MinPaper\MyAutoAugument\outputs\datasets\tiled\tiled_1024_ov20_full_safe_no_ok_position\images\val\2025-11-01-14-42-20ps5_NGyuan_tile_0010.jpg,7,碰伤,"[372.0007629394531, 788.9986572265625, 434.9992980957031, 885.9991455078125]",6110.888671159744,small,73.77974144984454,10.409780498474799,10.409780498474799,False,True,edge,False,FN,clahe_clip3,False,,,,,,0.0,0.0,clahe clip_limit=3.0 tile=8
E:\TJGY\MinPaper\MyAutoAugument\outputs\datasets\tiled\tiled_1024_ov20_full_safe_no_ok_position\images\val\2025-11-01-14-42-20ps5_NGyuan_tile_0013.jpg,7,碰伤,"[594.0014038085938, 522.998779296875, 643.0007934570312, 611.998779296875]",4360.9456787109375,small,61.65099747764274,8.370885904884908,8.370885904884908,False,True,center,False,FN,clahe_clip3,False,,,9,0.0,0.5604667067527771,0.0,-0.5604667067527771,clahe clip_limit=3.0 tile=8
E:\TJGY\MinPaper\MyAutoAugument\outputs\datasets\tiled\tiled_1024_ov20_full_safe_no_ok_position\images\val\2025-11-01-14-42-20ps5_NGyuan_tile_0013.jpg,7,碰伤,"[500.000244140625, 21.999618530273438, 605.9996337890625, 99.00032043457031]",8162.027404356748,small,50.657926978681694,18.16755758235728,18.16755758235728,True,True,edge,False,FN,clahe_clip3,False,,,9,0.0,0.5604667067527771,0.0,-0.5604667067527771,clahe clip_limit=3.0 tile=8
E:\TJGY\MinPaper\MyAutoAugument\outputs\datasets\tiled\tiled_1024_ov20_full_safe_no_ok_position\images\val\2025-11-01-14-42-20ps5_NGyuan_tile_0014.jpg,7,碰伤,"[384.99993896484375, 21.999618530273438, 490.999267578125, 99.00032043457031]",8162.022704606876,small,50.65290370007351,18.163884330448102,18.163884330448102,True,True,edge,False,FN,clahe_clip3,False,,,9,0.0,0.48193860054016113,0.0,-0.48193860054016113,clahe clip_limit=3.0 tile=8
E:\TJGY\MinPaper\MyAutoAugument\outputs\datasets\tiled\tiled_1024_ov20_full_safe_no_ok_position\images\val\2025-11-12-16-33-42ps5_NGyuan_tile_0006.jpg,7,碰伤,"[650.998291015625, 6.000639915466309, 692.000244140625, 24.999935150146484]",779.0082126203924,tiny,77.55198973042361,16.23695860274999,16.23695860274999,False,True,edge,False,FN,clahe_clip3,False,,,,,,0.0,0.0,clahe clip_limit=3.0 tile=8
E:\TJGY\MinPaper\MyAutoAugument\outputs\datasets\tiled\tiled_1024_ov20_full_safe_no_ok_position\images\val\2229344f-2025-05-09-18-28-13ps5_tile_0002.jpg,10,锡丝残留,"[425.9978332519531, 917.0001831054688, 709.9991455078125, 974.9995727539062]",16471.902770195156,medium,51.756313744536186,28.19032209028167,28.19032209028167,True,False,edge,False,FN,clahe_clip3,False,,,,,,0.0,0.0,clahe clip_limit=3.0 tile=8
E:\TJGY\MinPaper\MyAutoAugument\outputs\datasets\tiled\tiled_1024_ov20_full_safe_no_ok_position\images\val\2229344f-2025-05-09-18-28-13ps5_tile_0007.jpg,10,锡丝残留,"[425.9978332519531, 97.99987030029297, 709.9991455078125, 155.99923706054688]",16471.89626992098,medium,51.75728508984944,28.200555790248156,28.200555790248156,True,False,edge,False,FN,clahe_clip3,False,,,12,,,0.0,0.0,clahe clip_limit=3.0 tile=8
E:\TJGY\MinPaper\MyAutoAugument\outputs\datasets\tiled\tiled_1024_ov20_full_safe_no_ok_position\images\val\a91db891-2025-04-13-11-39-07ps5_tile_0002.jpg,7,碰伤,"[374.00115966796875, 808.00048828125, 396.00177001953125, 816.0]",175.99414032697678,tiny,29.619318181818183,9.131456096604467,9.131456096604467,True,True,center,False,FN,clahe_clip3,False,,,,0.0,0.6018717288970947,0.0,-0.6018717288970947,clahe clip_limit=3.0 tile=8
E:\TJGY\MinPaper\MyAutoAugument\outputs\datasets\tiled\tiled_1024_ov20_full_safe_no_ok_position\images\val\a91db891-2025-04-13-11-39-07ps5_tile_0004.jpg,7,碰伤,"[334.0006408691406, 957.9996337890625, 346.0008850097656, 973.9996337890625]",192.00390625,tiny,33.760416666666664,13.989761726338381,13.989761726338381,True,True,edge,False,FN,clahe_clip3,False,,,8,,,0.0,0.0,clahe clip_limit=3.0 tile=8
E:\TJGY\MinPaper\MyAutoAugument\outputs\datasets\tiled\tiled_1024_ov20_full_safe_no_ok_position\images\val\a91db891-2025-04-13-11-39-07ps5_tile_0006.jpg,7,碰伤,"[373.99859619140625, 880.9999389648438, 439.00006103515625, 896.9999389648438]",1040.0234375,tiny,39.90480769230769,16.103558372940746,16.103558372940746,True,True,edge,False,FN,clahe_clip3,False,,,8,0.0,0.2767678499221802,0.0,-0.2767678499221802,clahe clip_limit=3.0 tile=8
E:\TJGY\MinPaper\MyAutoAugument\outputs\datasets\tiled\tiled_1024_ov20_full_safe_no_ok_position\images\val\a91db891-2025-04-13-11-39-07ps5_tile_0009.jpg,7,碰伤,"[334.0006408691406, 138.99929809570312, 346.0008850097656, 154.99929809570312]",192.00390625,tiny,33.739583333333336,13.970388917029316,13.970388917029316,True,True,edge,False,FN,clahe_clip3,False,,,,,,0.0,0.0,clahe clip_limit=3.0 tile=8
E:\TJGY\MinPaper\MyAutoAugument\outputs\datasets\tiled\tiled_1024_ov20_full_safe_no_ok_position\images\val\a91db891-2025-04-13-11-39-07ps5_tile_0014.jpg,7,碰伤,"[334.0006408691406, 79.9994888305664, 346.0008850097656, 95.9994888305664]",192.00390625,tiny,33.786458333333336,13.92319796682012,13.92319796682012,True,True,edge,False,FN,clahe_clip3,False,,,,,,0.0,0.0,clahe clip_limit=3.0 tile=8
E:\TJGY\MinPaper\MyAutoAugument\outputs\datasets\tiled\tiled_1024_ov20_full_safe_no_ok_position\images\val\ce0d1787-2025-04-25-11-20-04ps5_NGyuan_tile_0007.jpg,12,锡膏,"[463.99896240234375, 184.99891662597656, 601.9993286132812, 294.9990539550781]",15180.059234669432,medium,116.9655467720685,31.009908507174064,31.009908507174064,False,False,center,False,FN,clahe_clip3,False,,,8,,,0.0,0.0,clahe clip_limit=3.0 tile=8
E:\TJGY\MinPaper\MyAutoAugument\outputs\datasets\tiled\tiled_1024_ov20_full_safe_no_ok_position\images\val\ce0d1787-2025-04-25-11-20-04ps5_NGyuan_tile_0012.jpg,12,锡膏,"[463.99896240234375, 125.99909973144531, 601.9993286132812, 235.9992218017578]",15180.057128950953,medium,116.96752305665349,31.00227688190202,31.00227688190202,False,False,edge,False,FN,clahe_clip3,False,,,,,,0.0,0.0,clahe clip_limit=3.0 tile=8
E:\TJGY\MinPaper\MyAutoAugument\outputs\datasets\tiled\tiled_1024_ov20_full_safe_no_ok_position\images\val\105acebc-2025-05-09-18-24-19ps5_tile_0000.jpg,7,碰伤,"[912.9993896484375, 569.9989013671875, 931.0013427734375, 578.998779296875]",162.01538062095642,tiny,33.98765432098765,11.577429966155993,11.577429966155993,True,True,edge,False,FN,contrast_up_115,False,0.2988937199115753,0.9500888586044312,7,0.3009812533855438,0.9500972628593445,-0.002087533473968506,-8.404254913330078e-06,contrast alpha=1.15
E:\TJGY\MinPaper\MyAutoAugument\outputs\datasets\tiled\tiled_1024_ov20_full_safe_no_ok_position\images\val\13d91ebd-2025-04-13-11-32-17ps5_tile_0010.jpg,7,碰伤,"[525.0022583007812, 711.0015869140625, 550.0011596679688, 735.0010986328125]",599.9614263176918,tiny,31.981666666666666,9.476884010873803,9.476884010873803,True,True,center,False,FN,contrast_up_115,False,0.0,0.8610127568244934,7,0.0,0.837761402130127,0.0,0.023251354694366455,contrast alpha=1.15
E:\TJGY\MinPaper\MyAutoAugument\outputs\datasets\tiled\tiled_1024_ov20_full_safe_no_ok_position\images\val\182e7d02-2025-04-22-16-40-10ps5_NGyuan_tile_0001.jpg,7,碰伤,"[494.002197265625, 576.0, 531.0013427734375, 586.0003662109375]",370.0050045698881,tiny,40.229729729729726,15.822279277922496,15.822279277922496,True,True,center,False,FN,contrast_up_115,False,0.0,0.8652352690696716,7,0.0,0.8648220896720886,0.0,0.0004131793975830078,contrast alpha=1.15
E:\TJGY\MinPaper\MyAutoAugument\outputs\datasets\tiled\tiled_1024_ov20_full_safe_no_ok_position\images\val\182e7d02-2025-04-22-16-40-10ps5_NGyuan_tile_0007.jpg,12,锡膏,"[311.99896240234375, 112.99890899658203, 425.9998779296875, 240.99993896484375]",14592.2346048248,medium,80.68414199561404,25.61158079643109,25.61158079643109,False,False,edge,False,FN,contrast_up_115,False,,,1,,,0.0,0.0,contrast alpha=1.15
E:\TJGY\MinPaper\MyAutoAugument\outputs\datasets\tiled\tiled_1024_ov20_full_safe_no_ok_position\images\val\2025-05-10-15-39-23ps5_tile_0007.jpg,4,油污,"[15.00006103515625, 628.000244140625, 304.99993896484375, 725.000732421875]",28130.129760682583,medium,54.22619978670458,15.326970402266443,15.326970402266443,True,True,edge,False,FN,contrast_up_115,False,0.14120349287986755,0.5711113214492798,4,0.1353103369474411,0.5343640446662903,0.005893155932426453,0.0367472767829895,contrast alpha=1.15
E:\TJGY\MinPaper\MyAutoAugument\outputs\datasets\tiled\tiled_1024_ov20_full_safe_no_ok_position\images\val\2025-05-10-15-39-23ps5_tile_0012.jpg,4,油污,"[15.00006103515625, 569.0004272460938, 304.99993896484375, 666.0009155273438]",28130.129760682583,medium,54.22321365090651,15.3365902471285,15.3365902471285,True,True,edge,False,FN,contrast_up_115,False,0.17387360334396362,0.9097669720649719,4,0.14986126124858856,0.9171929359436035,0.02401234209537506,-0.007425963878631592,contrast alpha=1.15
E:\TJGY\MinPaper\MyAutoAugument\outputs\datasets\tiled\tiled_1024_ov20_full_safe_no_ok_position\images\val\2025-05-10-15-40-40ps5_tile_0005.jpg,4,油污,"[359.9989929199219, 440.0005187988281, 402.0003967285156, 532.0007934570312]",3864.140686420724,small,34.52329192546584,26.149523784041858,26.149523784041858,True,False,center,False,FN,contrast_up_115,False,,,7,,,0.0,0.0,contrast alpha=1.15
E:\TJGY\MinPaper\MyAutoAugument\outputs\datasets\tiled\tiled_1024_ov20_full_safe_no_ok_position\images\val\2025-05-10-15-40-40ps5_tile_0006.jpg,4,油污,"[66.00038146972656, 801.9993286132812, 299.999755859375, 866.9998168945312]",15210.073592834175,medium,28.58500986193294,14.81777230950077,14.81777230950077,True,True,corner,False,FN,contrast_up_115,False,,,,,,0.0,0.0,contrast alpha=1.15
E:\TJGY\MinPaper\MyAutoAugument\outputs\datasets\tiled\tiled_1024_ov20_full_safe_no_ok_position\images\val\2025-05-10-15-40-40ps5_tile_0007.jpg,6,漏背锡,"[551.99951171875, 300.00128173828125, 830.99853515625, 412.000244140625]",31247.601136267185,medium,87.3754160266257,51.00135128257115,51.00135128257115,False,False,center,False,FN,contrast_up_115,False,,,,,,0.0,0.0,contrast alpha=1.15
E:\TJGY\MinPaper\MyAutoAugument\outputs\datasets\tiled\tiled_1024_ov20_full_safe_no_ok_position\images\val\2025-05-10-15-40-40ps5_tile_0010.jpg,4,油污,"[359.9989929199219, 380.99969482421875, 402.0003967285156, 472.99993896484375]",3864.1394046396017,small,34.53933747412008,26.137962230065977,26.137962230065977,True,False,center,False,FN,contrast_up_115,False,,,,,,0.0,0.0,contrast alpha=1.15
E:\TJGY\MinPaper\MyAutoAugument\outputs\datasets\tiled\tiled_1024_ov20_full_safe_no_ok_position\images\val\2025-05-10-15-40-40ps5_tile_0010.jpg,4,油污,"[357.00018310546875, 160.0, 403.999755859375, 267.9992370605469]",5075.917999593541,small,44.630220646178095,27.09347754794195,27.09347754794195,True,False,center,False,FN,contrast_up_115,False,,,,,,0.0,0.0,contrast alpha=1.15
E:\TJGY\MinPaper\MyAutoAugument\outputs\datasets\tiled\tiled_1024_ov20_full_safe_no_ok_position\images\val\2025-05-10-15-40-40ps5_tile_0012.jpg,6,漏背锡,"[551.99951171875, 241.00146484375, 830.99853515625, 353.00042724609375]",31247.601136267185,medium,87.37426395289299,51.00970071261489,51.00970071261489,False,False,center,False,FN,contrast_up_115,False,,,,,,0.0,0.0,contrast alpha=1.15
E:\TJGY\MinPaper\MyAutoAugument\outputs\datasets\tiled\tiled_1024_ov20_full_safe_no_ok_position\images\val\2025-05-16-16-13-18ps5_tile_0006.jpg,3,开裂,"[632.9978637695312, 607.0006103515625, 825.9993286132812, 713.0009765625]",20458.22595268488,medium,54.9853358099521,35.48760494371061,35.48760494371061,True,False,center,False,FN,contrast_up_115,False,,,8,,,0.0,0.0,contrast alpha=1.15
E:\TJGY\MinPaper\MyAutoAugument\outputs\datasets\tiled\tiled_1024_ov20_full_safe_no_ok_position\images\val\2025-05-16-16-13-18ps5_tile_0006.jpg,7,碰伤,"[877.9985961914062, 616.00048828125, 898.9998168945312, 624.0]",167.99951112270355,tiny,36.892857142857146,13.2718982181497,13.2718982181497,True,True,edge,False,FN,contrast_up_115,False,,,8,,,0.0,0.0,contrast alpha=1.15
E:\TJGY\MinPaper\MyAutoAugument\outputs\datasets\tiled\tiled_1024_ov20_full_safe_no_ok_position\images\val\2025-05-16-16-13-18ps5_tile_0007.jpg,7,碰伤,"[234.0009002685547, 616.0005493164062, 269.00018310546875, 626.0009155273438]",350.00564548932016,tiny,35.331428571428575,10.488572596022816,10.488572596022816,True,True,center,False,FN,contrast_up_115,False,,,,,,0.0,0.0,contrast alpha=1.15
E:\TJGY\MinPaper\MyAutoAugument\outputs\datasets\tiled\tiled_1024_ov20_full_safe_no_ok_position\images\val\2025-05-16-16-13-18ps5_tile_0011.jpg,3,开裂,"[632.9978637695312, 548.0007934570312, 825.9993286132812, 654.0011596679688]",20458.22595268488,medium,54.97976341773389,35.4759722846913,35.4759722846913,True,False,center,False,FN,contrast_up_115,False,,,8,,,0.0,0.0,contrast alpha=1.15
E:\TJGY\MinPaper\MyAutoAugument\outputs\datasets\tiled\tiled_1024_ov20_full_safe_no_ok_position\images\val\2025-05-16-16-13-18ps5_tile_0012.jpg,7,碰伤,"[234.0009002685547, 557.000732421875, 269.00018310546875, 567.0010986328125]",350.00564548932016,tiny,35.25714285714286,10.521658905441146,10.521658905441146,True,True,center,False,FN,contrast_up_115,False,0.0,0.7127456068992615,7,0.0,0.7078184485435486,0.0,0.004927158355712891,contrast alpha=1.15
E:\TJGY\MinPaper\MyAutoAugument\outputs\datasets\tiled\tiled_1024_ov20_full_safe_no_ok_position\images\val\2025-05-16-16-19-14ps5_tile_0008.jpg,9,轮廓划伤,"[520.9989624023438, 608.0, 567.9984741210938, 710.0006103515625]",4793.978881537914,small,38.24238631622862,9.342376873848142,9.342376873848142,True,True,center,False,FN,contrast_up_115,False,0.0,0.9116085171699524,9,0.0,0.9271972179412842,0.0,-0.015588700771331787,contrast alpha=1.15
E:\TJGY\MinPaper\MyAutoAugument\outputs\datasets\tiled\tiled_1024_ov20_full_safe_no_ok_position\images\val\2025-05-16-16-19-14ps5_tile_0009.jpg,9,轮廓划伤,"[405.99859619140625, 608.0, 452.9981689453125, 710.0006103515625]",4793.985107161105,small,38.23091364205256,9.312466003703815,9.312466003703815,True,True,center,False,FN,contrast_up_115,False,0.0,0.4428941309452057,9,0.0,0.6587848663330078,0.0,-0.21589073538780212,contrast alpha=1.15
E:\TJGY\MinPaper\MyAutoAugument\outputs\datasets\tiled\tiled_1024_ov20_full_safe_no_ok_position\images\val\2025-05-16-16-19-14ps5_tile_0013.jpg,9,轮廓划伤,"[520.9989624023438, 549.0001831054688, 567.9984741210938, 651.0007934570312]",4793.978881537914,small,38.23967459324155,9.34134155542688,9.34134155542688,True,True,center,False,FN,contrast_up_115,False,0.0,0.7059849500656128,9,0.0,0.7647011280059814,0.0,-0.05871617794036865,contrast alpha=1.15
E:\TJGY\MinPaper\MyAutoAugument\outputs\datasets\tiled\tiled_1024_ov20_full_safe_no_ok_position\images\val\2025-05-16-16-19-14ps5_tile_0014.jpg,9,轮廓划伤,"[405.99859619140625, 549.0001831054688, 452.9981689453125, 651.0007934570312]",4793.985107161105,small,38.253650396328744,9.366384219178354,9.366384219178354,True,True,center,False,FN,contrast_up_115,False,0.0,0.5395424365997314,9,0.0,0.770592987537384,0.0,-0.2310505509376526,contrast alpha=1.15
E:\TJGY\MinPaper\MyAutoAugument\outputs\datasets\tiled\tiled_1024_ov20_full_safe_no_ok_position\images\val\2025-05-16-16-24-29ps5_tile_0003.jpg,8,脏污,"[76.99866485595703, 511.0010681152344, 273.9978332519531, 560.00048828125]",9652.845024591079,small,42.01906143167927,14.004625823723606,14.004625823723606,True,True,edge,False,FN,contrast_up_115,False,,,,,,0.0,0.0,contrast alpha=1.15
E:\TJGY\MinPaper\MyAutoAugument\outputs\datasets\tiled\tiled_1024_ov20_full_safe_no_ok_position\images\val\2025-05-16-16-24-46ps5_tile_0000.jpg,8,脏污,"[506.998291015625, 682.9998168945312, 540.9981689453125, 719.9989624023438]",1257.9664307683706,small,64.9785373608903,29.119271484492103,29.119271484492103,False,False,center,False,FN,contrast_up_115,False,0.018906088545918465,0.3103240132331848,8,0.00951562449336052,0.5130482316017151,0.009390464052557945,-0.20272421836853027,contrast alpha=1.15
E:\TJGY\MinPaper\MyAutoAugument\outputs\datasets\tiled\tiled_1024_ov20_full_safe_no_ok_position\images\val\2025-05-16-17-11-45ps5_tile_0000.jpg,7,碰伤,"[498.998779296875, 856.9999389648438, 522.998291015625, 880.0010375976562]",552.0151361823082,tiny,56.77355072463768,27.305792964522016,27.305792964522016,True,False,edge,False,FN,contrast_up_115,False,,,,,,0.0,0.0,contrast alpha=1.15
E:\TJGY\MinPaper\MyAutoAugument\outputs\datasets\tiled\tiled_1024_ov20_full_safe_no_ok_position\images\val\2025-05-16-17-11-45ps5_tile_0005.jpg,7,碰伤,"[498.998779296875, 38.000640869140625, 522.998291015625, 61.00172424316406]",552.0147699788213,tiny,56.75,27.3048245192857,27.3048245192857,True,False,edge,False,FN,contrast_up_115,False,0.0,0.7879767417907715,7,0.0,0.8368571400642395,0.0,-0.04888039827346802,contrast alpha=1.15
E:\TJGY\MinPaper\MyAutoAugument\outputs\datasets\tiled\tiled_1024_ov20_full_safe_no_ok_position\images\val\2025-05-16-17-11-45ps5_tile_0006.jpg,4,油污,"[90.00088500976562, 603.0003051757812, 226.00140380859375, 634.9993286132812]",4351.8837885558605,small,35.973805147058826,14.415089668580242,14.415089668580242,True,True,edge,False,FN,contrast_up_115,False,0.0,0.9789944291114807,4,0.0,0.9706906676292419,0.0,0.00830376148223877,contrast alpha=1.15
E:\TJGY\MinPaper\MyAutoAugument\outputs\datasets\tiled\tiled_1024_ov20_full_safe_no_ok_position\images\val\2025-05-16-17-11-45ps5_tile_0007.jpg,4,油污,"[63.00160217285156, 655.0005493164062, 455.0010986328125, 732.0012817382812]",30184.24833642319,medium,36.6937781606149,14.713793279782761,14.713793279782761,True,True,center,False,FN,contrast_up_115,False,,,12,,,0.0,0.0,contrast alpha=1.15
E:\TJGY\MinPaper\MyAutoAugument\outputs\datasets\tiled\tiled_1024_ov20_full_safe_no_ok_position\images\val\2025-05-16-17-11-45ps5_tile_0011.jpg,4,油污,"[90.00088500976562, 544.00048828125, 226.00140380859375, 575.99951171875]",4351.8837885558605,small,35.9967830882353,14.42663325257906,14.42663325257906,True,True,edge,False,FN,contrast_up_115,False,0.0,0.5209506750106812,4,0.0,0.4782649278640747,0.0,0.042685747146606445,contrast alpha=1.15
E:\TJGY\MinPaper\MyAutoAugument\outputs\datasets\tiled\tiled_1024_ov20_full_safe_no_ok_position\images\val\2025-05-16-17-11-45ps5_tile_0011.jpg,7,碰伤,"[514.9993286132812, 555.0008544921875, 544.0010375976562, 570.0003662109375]",435.01147377491,tiny,47.777011494252875,10.270297549656902,10.270297549656902,True,True,center,False,FN,contrast_up_115,False,0.0,0.8861578702926636,7,0.0,0.8992533087730408,0.0,-0.013095438480377197,contrast alpha=1.15
E:\TJGY\MinPaper\MyAutoAugument\outputs\datasets\tiled\tiled_1024_ov20_full_safe_no_ok_position\images\val\2025-05-16-17-11-45ps5_tile_0012.jpg,4,油污,"[63.00160217285156, 596.000732421875, 455.0010986328125, 673.00146484375]",30184.24833642319,medium,36.6912602703419,14.718103705245113,14.718103705245113,True,True,center,False,FN,contrast_up_115,False,,,12,,,0.0,0.0,contrast alpha=1.15
E:\TJGY\MinPaper\MyAutoAugument\outputs\datasets\tiled\tiled_1024_ov20_full_safe_no_ok_position\images\val\2025-05-19-17-19-55ps5_NGyuan_tile_0003.jpg,9,轮廓划伤,"[356.9981384277344, 562.0003662109375, 386.9992980957031, 649.9998779296875]",2640.087401777506,small,30.10909090909091,8.369963022124741,8.369963022124741,True,True,center,False,FN,contrast_up_115,False,0.0,0.956151008605957,9,0.0,0.9622868895530701,0.0,-0.006135880947113037,contrast alpha=1.15
E:\TJGY\MinPaper\MyAutoAugument\outputs\datasets\tiled\tiled_1024_ov20_full_safe_no_ok_position\images\val\2025-05-19-17-19-55ps5_NGyuan_tile_0003.jpg,7,碰伤,"[495.0010681152344, 654.0001220703125, 527.0020751953125, 715.999267578125]",1984.0350943543017,small,20.97328629032258,8.269392657632261,8.269392657632261,True,True,center,False,FN,contrast_up_115,False,,,9,,,0.0,0.0,contrast alpha=1.15
E:\TJGY\MinPaper\MyAutoAugument\outputs\datasets\tiled\tiled_1024_ov20_full_safe_no_ok_position\images\val\2025-05-19-17-19-55ps5_NGyuan_tile_0004.jpg,9,轮廓划伤,"[292.0018005371094, 645.9990844726562, 317.0017395019531, 696.9994506835938]",1275.006042458117,small,29.054901960784314,10.289463747254985,10.289463747254985,True,True,center,False,FN,contrast_up_115,False,,,7,,,0.0,0.0,contrast alpha=1.15
E:\TJGY\MinPaper\MyAutoAugument\outputs\datasets\tiled\tiled_1024_ov20_full_safe_no_ok_position\images\val\2025-05-19-17-19-55ps5_NGyuan_tile_0004.jpg,9,轮廓划伤,"[241.99783325195312, 562.0003662109375, 271.9989929199219, 649.9998779296875]",2640.087401777506,small,30.121969696969696,8.38199562549089,8.38199562549089,True,True,center,False,FN,contrast_up_115,False,,,7,,,0.0,0.0,contrast alpha=1.15
E:\TJGY\MinPaper\MyAutoAugument\outputs\datasets\tiled\tiled_1024_ov20_full_safe_no_ok_position\images\val\2025-05-19-17-19-55ps5_NGyuan_tile_0007.jpg,9,轮廓划伤,"[956.9996948242188, 613.9996337890625, 984.9978637695312, 679.0010986328125]",1819.9219943881035,small,48.77582417582418,12.206612697693961,12.206612697693961,True,True,edge,False,FN,contrast_up_115,False,,,12,,,0.0,0.0,contrast alpha=1.15
E:\TJGY\MinPaper\MyAutoAugument\outputs\datasets\tiled\tiled_1024_ov20_full_safe_no_ok_position\images\val\2025-05-19-17-19-55ps5_NGyuan_tile_0008.jpg,9,轮廓划伤,"[137.99935913085938, 613.9996337890625, 165.99755859375, 679.0010986328125]",1819.923978075385,small,48.792307692307695,12.231321087833361,12.231321087833361,True,True,edge,False,FN,contrast_up_115,False,,,1,,,0.0,0.0,contrast alpha=1.15
E:\TJGY\MinPaper\MyAutoAugument\outputs\datasets\tiled\tiled_1024_ov20_full_safe_no_ok_position\images\val\2025-05-19-17-19-55ps5_NGyuan_tile_0009.jpg,9,轮廓划伤,"[23.000064849853516, 613.9996337890625, 50.99827194213867, 679.0010986328125]",1819.9244739972055,small,48.74230769230769,12.227561694967093,12.227561694967093,True,True,edge,False,FN,contrast_up_115,False,,,,,,0.0,0.0,contrast alpha=1.15
E:\TJGY\MinPaper\MyAutoAugument\outputs\datasets\tiled\tiled_1024_ov20_full_safe_no_ok_position\images\val\2025-05-19-17-19-55ps5_NGyuan_tile_0012.jpg,9,轮廓划伤,"[956.9996948242188, 554.9998168945312, 984.9978637695312, 620.0012817382812]",1819.9219943881035,small,48.77967032967033,12.216918727241366,12.216918727241366,True,True,edge,False,FN,contrast_up_115,False,,,12,,,0.0,0.0,contrast alpha=1.15
E:\TJGY\MinPaper\MyAutoAugument\outputs\datasets\tiled\tiled_1024_ov20_full_safe_no_ok_position\images\val\2025-05-19-17-19-55ps5_NGyuan_tile_0014.jpg,9,轮廓划伤,"[23.000064849853516, 554.9998168945312, 50.99827194213867, 620.0012817382812]",1819.9244739972055,small,48.76978021978022,12.244454629850441,12.244454629850441,True,True,edge,False,FN,contrast_up_115,False,,,7,,,0.0,0.0,contrast alpha=1.15
E:\TJGY\MinPaper\MyAutoAugument\outputs\datasets\tiled\tiled_1024_ov20_full_safe_no_ok_position\images\val\2025-05-25-09-48-32ps5_NGyuan_tile_0002.jpg,7,碰伤,"[986.998779296875, 777.0004272460938, 1023.9979248046875, 804.9996948242188]",1035.9489752352238,tiny,44.560810810810814,13.456176866691457,13.456176866691457,True,True,edge,True,FN,contrast_up_115,False,,,,,,0.0,0.0,contrast alpha=1.15
E:\TJGY\MinPaper\MyAutoAugument\outputs\datasets\tiled\tiled_1024_ov20_full_safe_no_ok_position\images\val\2025-05-25-09-48-32ps5_NGyuan_tile_0012.jpg,6,漏背锡,"[379.99920654296875, 354.99981689453125, 444.00128173828125, 413.9996337890625]",3776.110717393458,small,95.13241525423729,63.08038109358812,63.08038109358812,False,False,center,False,FN,contrast_up_115,False,0.0,0.8090662956237793,6,0.0,0.7506036162376404,0.0,0.058462679386138916,contrast alpha=1.15
E:\TJGY\MinPaper\MyAutoAugument\outputs\datasets\tiled\tiled_1024_ov20_full_safe_no_ok_position\images\val\2025-05-26-06-14-31ps5_NGyuan_tile_0012.jpg,12,锡膏,"[282.9997863769531, 2.0003814697265625, 432.9994201660156, 178.00038146972656]",26399.935546875,medium,126.07378787878788,42.335938356921595,42.335938356921595,False,False,edge,False,FN,contrast_up_115,False,,,8,,,0.0,0.0,contrast alpha=1.15
E:\TJGY\MinPaper\MyAutoAugument\outputs\datasets\tiled\tiled_1024_ov20_full_safe_no_ok_position\images\val\2025-05-26-06-26-47ps5_NGyuan_tile_0002.jpg,7,碰伤,"[829.001708984375, 832.9989013671875, 845.000732421875, 854.99951171875]",351.98828065395355,tiny,47.50568181818182,17.70705340942459,17.70705340942459,True,True,corner,False,FN,contrast_up_115,False,0.11053003370761871,0.5510146021842957,7,0.11938972771167755,0.4774206876754761,-0.008859694004058838,0.07359391450881958,contrast alpha=1.15
E:\TJGY\MinPaper\MyAutoAugument\outputs\datasets\tiled\tiled_1024_ov20_full_safe_no_ok_position\images\val\2025-05-26-06-26-47ps5_NGyuan_tile_0003.jpg,7,碰伤,"[10.001408576965332, 832.9989013671875, 26.000385284423828, 854.99951171875]",351.9872525645187,tiny,47.51988636363637,17.69645097921654,17.69645097921654,True,True,corner,False,FN,contrast_up_115,False,0.11054620146751404,0.33564403653144836,7,0.1084621399641037,0.29860982298851013,0.0020840615034103394,0.03703421354293823,contrast alpha=1.15
E:\TJGY\MinPaper\MyAutoAugument\outputs\datasets\tiled\tiled_1024_ov20_full_safe_no_ok_position\images\val\2025-05-26-06-26-47ps5_NGyuan_tile_0007.jpg,7,碰伤,"[829.001708984375, 13.998592376708984, 845.000732421875, 35.99923324584961]",351.98876890540123,tiny,47.5625,17.655689351517054,17.655689351517054,True,True,corner,False,FN,contrast_up_115,False,0.0,0.8065887093544006,7,0.0,0.808347761631012,0.0,-0.0017590522766113281,contrast alpha=1.15
E:\TJGY\MinPaper\MyAutoAugument\outputs\datasets\tiled\tiled_1024_ov20_full_safe_no_ok_position\images\val\2025-05-26-06-26-47ps5_NGyuan_tile_0008.jpg,7,碰伤,"[12.001280784606934, 65.0009536743164, 28.000255584716797, 93.00019073486328]",447.9590881539916,tiny,42.59375,17.59439227449839,17.59439227449839,True,True,corner,False,FN,contrast_up_115,False,0.0,0.2629983723163605,7,,,0.0,0.2629983723163605,contrast alpha=1.15
E:\TJGY\MinPaper\MyAutoAugument\outputs\datasets\tiled\tiled_1024_ov20_full_safe_no_ok_position\images\val\2025-05-26-06-26-47ps5_NGyuan_tile_0008.jpg,7,碰伤,"[10.001408576965332, 13.998592376708984, 26.000385284423828, 35.99923324584961]",351.9877408145403,tiny,47.49147727272727,17.715072424336388,17.715072424336388,True,True,corner,False,FN,contrast_up_115,False,0.0,0.2629983723163605,7,,,0.0,0.2629983723163605,contrast alpha=1.15
E:\TJGY\MinPaper\MyAutoAugument\outputs\datasets\tiled\tiled_1024_ov20_full_safe_no_ok_position\images\val\2025-05-26-06-26-47ps5_NGyuan_tile_0013.jpg,7,碰伤,"[12.001280784606934, 6.001152992248535, 28.000255584716797, 34.00038528442383]",447.95901186493484,tiny,42.60267857142857,17.57834991352709,17.57834991352709,True,True,corner,False,FN,contrast_up_115,False,,,,,,0.0,0.0,contrast alpha=1.15
E:\TJGY\MinPaper\MyAutoAugument\outputs\datasets\tiled\tiled_1024_ov20_full_safe_no_ok_position\images\val\2025-05-27-23-28-53ps5_NGyuan_tile_0004.jpg,7,碰伤,"[10.999809265136719, 484.99969482421875, 38.998016357421875, 495.99847412109375]",307.94610051624477,tiny,30.376623376623378,15.92640457304751,15.92640457304751,True,True,edge,False,FN,contrast_up_115,False,,,,,,0.0,0.0,contrast alpha=1.15
E:\TJGY\MinPaper\MyAutoAugument\outputs\datasets\tiled\tiled_1024_ov20_full_safe_no_ok_position\images\val\2025-05-27-23-28-53ps5_NGyuan_tile_0007.jpg,8,脏污,"[483.0003356933594, 140.00025939941406, 576.9994506835938, 275.00030517578125]",12689.884826619644,medium,71.34160756501183,37.9463373440113,37.9463373440113,False,False,center,False,FN,contrast_up_115,False,,,,,,0.0,0.0,contrast alpha=1.15
E:\TJGY\MinPaper\MyAutoAugument\outputs\datasets\tiled\tiled_1024_ov20_full_safe_no_ok_position\images\val\2025-05-27-23-28-53ps5_NGyuan_tile_0012.jpg,8,脏污,"[483.0003356933594, 80.99942016601562, 576.9994506835938, 215.99948120117188]",12689.886260932311,medium,71.33664302600472,37.935428798887585,37.935428798887585,False,False,edge,False,FN,contrast_up_115,False,,,,,,0.0,0.0,contrast alpha=1.15
E:\TJGY\MinPaper\MyAutoAugument\outputs\datasets\tiled\tiled_1024_ov20_full_safe_no_ok_position\images\val\2025-06-05-10-27-17ps5_NGyuan_tile_0012.jpg,8,脏污,"[315.9997253417969, 621.0001831054688, 515.9981689453125, 694.9995727539062]",14799.762757297605,medium,71.54310810810811,26.766541358300476,26.766541358300476,False,False,center,False,FN,contrast_up_115,True,0.8972277641296387,0.3168236315250397,8,,,0.8972277641296387,0.3168236315250397,contrast alpha=1.15
E:\TJGY\MinPaper\MyAutoAugument\outputs\datasets\tiled\tiled_1024_ov20_full_safe_no_ok_position\images\val\2025-06-05-16-10-10ps5_NGyuan_tile_0000.jpg,5,浅划伤,"[682.9993286132812, 681.0009155273438, 724.0012817382812, 743.0000610351562]",2542.0860579013824,small,48.75177025963808,23.1536479006427,23.1536479006427,True,False,center,False,FN,contrast_up_115,False,,,9,,,0.0,0.0,contrast alpha=1.15
E:\TJGY\MinPaper\MyAutoAugument\outputs\datasets\tiled\tiled_1024_ov20_full_safe_no_ok_position\images\val\2025-06-05-16-10-10ps5_NGyuan_tile_0007.jpg,12,锡膏,"[315.0023498535156, 396.9991760253906, 366.0006408691406, 461.9996032714844]",3314.9107048362494,small,136.19939668174962,49.85802830098024,49.85802830098024,False,False,center,False,FN,contrast_up_115,False,0.0,0.6630114912986755,12,0.0,0.7593369483947754,0.0,-0.09632545709609985,contrast alpha=1.15
E:\TJGY\MinPaper\MyAutoAugument\outputs\datasets\tiled\tiled_1024_ov20_full_safe_no_ok_position\images\val\2025-06-05-16-10-10ps5_NGyuan_tile_0012.jpg,12,锡膏,"[315.0023498535156, 337.9993591308594, 366.0006408691406, 402.9997863769531]",3314.9107048362494,small,136.1867269984917,49.83113994876743,49.83113994876743,False,False,center,False,FN,contrast_up_115,False,,,1,,,0.0,0.0,contrast alpha=1.15
E:\TJGY\MinPaper\MyAutoAugument\outputs\datasets\tiled\tiled_1024_ov20_full_safe_no_ok_position\images\val\2025-06-06-01-33-39ps5_NGyuan_tile_0002.jpg,7,碰伤,"[816.9998779296875, 579.0008544921875, 859.0013427734375, 620.000732421875]",1722.054931461811,small,39.79094076655052,14.073490922084895,14.073490922084895,True,True,edge,False,FN,contrast_up_115,False,0.0,0.6132643818855286,7,0.0,0.5680842399597168,0.0,0.04518014192581177,contrast alpha=1.15
E:\TJGY\MinPaper\MyAutoAugument\outputs\datasets\tiled\tiled_1024_ov20_full_safe_no_ok_position\images\val\2025-06-06-01-33-39ps5_NGyuan_tile_0003.jpg,7,碰伤,"[0.0, 579.0008544921875, 40.00153732299805, 620.000732421875]",1640.0581472427584,small,39.94634146341463,14.091756759408304,14.091756759408304,True,True,edge,True,FN,contrast_up_115,False,0.0,0.8648195862770081,7,0.0,0.8766747713088989,0.0,-0.01185518503189087,contrast alpha=1.15
E:\TJGY\MinPaper\MyAutoAugument\outputs\datasets\tiled\tiled_1024_ov20_full_safe_no_ok_position\images\val\2025-06-06-02-05-24ps5_NGyuan_tile_0002.jpg,4,油污,"[645.9990844726562, 631.0000610351562, 688.0005493164062, 698.9998168945312]",2856.089355111122,small,24.981442577030812,10.342625088307651,10.342625088307651,True,True,center,False,FN,contrast_up_115,False,,,7,,,0.0,0.0,contrast alpha=1.15
E:\TJGY\MinPaper\MyAutoAugument\outputs\datasets\tiled\tiled_1024_ov20_full_safe_no_ok_position\images\val\2025-06-06-14-52-09ps5_NGyuan_tile_0007.jpg,6,漏背锡,"[223.00006103515625, 270.0001220703125, 468.9986572265625, 337.9998779296875]",16727.8444827646,medium,91.79441654710665,57.06993327056747,57.06993327056747,False,False,center,False,FN,contrast_up_115,False,0.0,0.9663329720497131,6,0.0,0.9697856307029724,0.0,-0.0034526586532592773,contrast alpha=1.15
E:\TJGY\MinPaper\MyAutoAugument\outputs\datasets\tiled\tiled_1024_ov20_full_safe_no_ok_position\images\val\2025-06-06-14-52-09ps5_NGyuan_tile_0012.jpg,6,漏背锡,"[223.00006103515625, 211.00033569335938, 468.9986572265625, 279.00006103515625]",16727.836975483224,medium,91.79632950741272,57.0763629572775,57.0763629572775,False,False,center,False,FN,contrast_up_115,False,0.0,0.9645156860351562,6,0.0,0.9665181040763855,0.0,-0.002002418041229248,contrast alpha=1.15
E:\TJGY\MinPaper\MyAutoAugument\outputs\datasets\tiled\tiled_1024_ov20_full_safe_no_ok_position\images\val\2025-06-07-10-52-02ps5_NGyuan_tile_0007.jpg,12,锡膏,"[405.000732421875, 214.0011444091797, 530.0014038085938, 398.0006103515625]",23000.056777595542,medium,124.37534782608695,27.617660246438557,27.617660246438557,False,False,center,False,FN,contrast_up_115,False,,,6,,,0.0,0.0,contrast alpha=1.15
E:\TJGY\MinPaper\MyAutoAugument\outputs\datasets\tiled\tiled_1024_ov20_full_safe_no_ok_position\images\val\2025-06-07-10-52-02ps5_NGyuan_tile_0007.jpg,7,碰伤,"[491.0008239746094, 661.0001831054688, 518.9990234375, 671.0005493164062]",279.99224787577987,tiny,44.128571428571426,14.02617087403954,14.02617087403954,True,True,center,False,FN,contrast_up_115,False,,,6,,,0.0,0.0,contrast alpha=1.15
E:\TJGY\MinPaper\MyAutoAugument\outputs\datasets\tiled\tiled_1024_ov20_full_safe_no_ok_position\images\val\2025-06-07-10-52-02ps5_NGyuan_tile_0012.jpg,12,锡膏,"[405.000732421875, 155.0013427734375, 530.0014038085938, 339.0008239746094]",23000.05868495442,medium,124.38108695652174,27.613535411985193,27.613535411985193,False,False,center,False,FN,contrast_up_115,False,,,6,,,0.0,0.0,contrast alpha=1.15
E:\TJGY\MinPaper\MyAutoAugument\outputs\datasets\tiled\tiled_1024_ov20_full_safe_no_ok_position\images\val\2025-06-07-10-52-02ps5_NGyuan_tile_0012.jpg,7,碰伤,"[491.0008239746094, 601.9993896484375, 518.9990234375, 611.999755859375]",279.99224787577987,tiny,44.15714285714286,14.149341947632067,14.149341947632067,True,True,center,False,FN,contrast_up_115,False,,,6,,,0.0,0.0,contrast alpha=1.15
E:\TJGY\MinPaper\MyAutoAugument\outputs\datasets\tiled\tiled_1024_ov20_full_safe_no_ok_position\images\val\2025-06-07-14-43-50ps5_NGyuan_tile_0007.jpg,8,脏污,"[868.9996948242188, 696.00048828125, 923.0003051757812, 792.00048828125]",5184.05859375,small,55.714506172839506,18.48999494396198,18.48999494396198,True,True,edge,False,FN,contrast_up_115,False,,,4,,,0.0,0.0,contrast alpha=1.15
E:\TJGY\MinPaper\MyAutoAugument\outputs\datasets\tiled\tiled_1024_ov20_full_safe_no_ok_position\images\val\2025-06-07-14-43-50ps5_NGyuan_tile_0007.jpg,8,脏污,"[481.0009460449219, 664.9999389648438, 644.9996337890625, 700.0003051757812]",5740.014129158109,small,62.34198606271777,23.746416129226407,23.746416129226407,False,False,center,False,FN,contrast_up_115,False,,,1,,,0.0,0.0,contrast alpha=1.15
E:\TJGY\MinPaper\MyAutoAugument\outputs\datasets\tiled\tiled_1024_ov20_full_safe_no_ok_position\images\val\2025-06-07-14-43-50ps5_NGyuan_tile_0012.jpg,8,脏污,"[481.0009460449219, 605.9990844726562, 644.9996337890625, 640.9994506835938]",5740.014129158109,small,62.34128919860627,23.7636240565938,23.7636240565938,False,False,center,False,FN,contrast_up_115,False,0.0,0.7050036191940308,8,0.0,0.4562271237373352,0.0,0.24877649545669556,contrast alpha=1.15
E:\TJGY\MinPaper\MyAutoAugument\outputs\datasets\tiled\tiled_1024_ov20_full_safe_no_ok_position\images\val\2025-06-07-15-42-24ps5_NGyuan_tile_0002.jpg,8,脏污,"[183.00006103515625, 464.0, 275.999755859375, 541.000732421875]",7161.044616475701,small,69.0078201368524,36.994660186155414,36.994660186155414,False,False,center,False,FN,contrast_up_115,False,,,4,,,0.0,0.0,contrast alpha=1.15
E:\TJGY\MinPaper\MyAutoAugument\outputs\datasets\tiled\tiled_1024_ov20_full_safe_no_ok_position\images\val\2025-06-07-15-42-24ps5_NGyuan_tile_0007.jpg,8,脏污,"[163.0013427734375, 529.0004272460938, 293.9996032714844, 589.0006713867188]",7859.927611880004,small,73.14211195928753,33.43959702171577,33.43959702171577,False,False,center,False,FN,contrast_up_115,False,,,1,,,0.0,0.0,contrast alpha=1.15
E:\TJGY\MinPaper\MyAutoAugument\outputs\datasets\tiled\tiled_1024_ov20_full_safe_no_ok_position\images\val\2025-06-07-15-42-24ps5_NGyuan_tile_0012.jpg,8,脏污,"[163.0013427734375, 470.0006408691406, 293.9996032714844, 530.0009155273438]",7859.931609629653,small,73.14427480916031,33.442560974377976,33.442560974377976,False,False,center,False,FN,contrast_up_115,False,0.0,0.4158792197704315,8,0.0,0.49067533016204834,0.0,-0.07479611039161682,contrast alpha=1.15
E:\TJGY\MinPaper\MyAutoAugument\outputs\datasets\tiled\tiled_1024_ov20_full_safe_no_ok_position\images\val\2025-06-07-16-21-50ps5_NGyuan_tile_0007.jpg,8,脏污,"[150.99903869628906, 744.0005493164062, 569.997314453125, 780.9996948242188]",15502.57817224972,medium,53.16080758562859,24.52833672514371,24.52833672514371,True,False,center,False,FN,contrast_up_115,True,0.6262509226799011,0.3521197438240051,8,,,0.6262509226799011,0.3521197438240051,contrast alpha=1.15
E:\TJGY\MinPaper\MyAutoAugument\outputs\datasets\tiled\tiled_1024_ov20_full_safe_no_ok_position\images\val\2025-06-07-16-21-50ps5_NGyuan_tile_0012.jpg,8,脏污,"[150.99903869628906, 684.9996948242188, 569.997314453125, 721.9988403320312]",15502.57817224972,medium,53.15261562278269,24.522838338374772,24.522838338374772,True,False,center,False,FN,contrast_up_115,False,,,1,,,0.0,0.0,contrast alpha=1.15
E:\TJGY\MinPaper\MyAutoAugument\outputs\datasets\tiled\tiled_1024_ov20_full_safe_no_ok_position\images\val\2025-06-11-19-13-20ps5_NGyuan_tile_0007.jpg,12,锡膏,"[520.9984130859375, 422.9995422363281, 563.999267578125, 485.9991149902344]",2709.035461060703,small,106.23661867847915,31.704531348378858,31.704531348378858,False,False,center,False,FN,contrast_up_115,False,,,5,,,0.0,0.0,contrast alpha=1.15
E:\TJGY\MinPaper\MyAutoAugument\outputs\datasets\tiled\tiled_1024_ov20_full_safe_no_ok_position\images\val\2025-06-11-19-13-20ps5_NGyuan_tile_0007.jpg,5,浅划伤,"[532.0012817382812, 837.0006713867188, 539.0023803710938, 861.0001831054688]",168.0229486823082,tiny,83.0952380952381,39.93972215596513,39.93972215596513,False,False,edge,False,FN,contrast_up_115,False,0.0,0.5345555543899536,5,0.0,0.5088472962379456,0.0,0.025708258152008057,contrast alpha=1.15
E:\TJGY\MinPaper\MyAutoAugument\outputs\datasets\tiled\tiled_1024_ov20_full_safe_no_ok_position\images\val\2025-06-11-19-13-20ps5_NGyuan_tile_0012.jpg,12,锡膏,"[520.9984130859375, 363.9997253417969, 563.999267578125, 426.9992980957031]",2709.035461060703,small,106.20708748615725,31.71080344255586,31.71080344255586,False,False,center,False,FN,contrast_up_115,False,,,5,,,0.0,0.0,contrast alpha=1.15
E:\TJGY\MinPaper\MyAutoAugument\outputs\datasets\tiled\tiled_1024_ov20_full_safe_no_ok_position\images\val\2025-06-14-16-53-39ps5_tile_0005.jpg,9,轮廓划伤,"[906.0018920898438, 573.000244140625, 930.0014038085938, 678.0001220703125]",2519.9458008408546,small,53.296031746031744,20.445661241887965,20.445661241887965,True,False,edge,False,FN,contrast_up_115,True,0.7108786702156067,0.27767953276634216,9,,,0.7108786702156067,0.27767953276634216,contrast alpha=1.15
E:\TJGY\MinPaper\MyAutoAugument\outputs\datasets\tiled\tiled_1024_ov20_full_safe_no_ok_position\images\val\2025-06-14-16-53-39ps5_tile_0006.jpg,9,轮廓划伤,"[87.00160217285156, 573.000244140625, 111.00108337402344, 678.0001220703125]",2519.942596498877,small,53.294444444444444,20.435161906666547,20.435161906666547,True,False,edge,False,FN,contrast_up_115,False,,,5,,,0.0,0.0,contrast alpha=1.15
E:\TJGY\MinPaper\MyAutoAugument\outputs\datasets\tiled\tiled_1024_ov20_full_safe_no_ok_position\images\val\2025-06-14-16-53-39ps5_tile_0007.jpg,12,锡膏,"[611.9992065429688, 262.0001220703125, 701.0001831054688, 328.99945068359375]",5963.00567561388,small,101.16149589132986,37.46798170128969,37.46798170128969,False,False,center,False,FN,contrast_up_115,False,,,6,,,0.0,0.0,contrast alpha=1.15
E:\TJGY\MinPaper\MyAutoAugument\outputs\datasets\tiled\tiled_1024_ov20_full_safe_no_ok_position\images\val\2025-06-14-16-53-39ps5_tile_0012.jpg,12,锡膏,"[611.9992065429688, 203.0003204345703, 701.0001831054688, 269.9996337890625]",5963.004317566752,small,101.14522891162167,37.44445544128088,37.44445544128088,False,False,center,False,FN,contrast_up_115,False,,,6,,,0.0,0.0,contrast alpha=1.15
E:\TJGY\MinPaper\MyAutoAugument\outputs\datasets\tiled\tiled_1024_ov20_full_safe_no_ok_position\images\val\2025-06-18-06-39-05ps5_NGyuan_tile_0007.jpg,8,脏污,"[646.9990234375, 797.0001831054688, 813.9970703125, 840.0010375976562]",7181.058714151382,small,55.6344520261802,24.735676710958952,24.735676710958952,True,False,center,False,FN,contrast_up_115,False,,,6,,,0.0,0.0,contrast alpha=1.15
E:\TJGY\MinPaper\MyAutoAugument\outputs\datasets\tiled\tiled_1024_ov20_full_safe_no_ok_position\images\val\2025-06-18-06-39-05ps5_NGyuan_tile_0007.jpg,8,脏污,"[742.9995727539062, 691.0003662109375, 796.0007934570312, 720.0]",1537.0159907639027,small,52.819128171763175,23.727055041545608,23.727055041545608,True,False,center,False,FN,contrast_up_115,False,,,6,,,0.0,0.0,contrast alpha=1.15
E:\TJGY\MinPaper\MyAutoAugument\outputs\datasets\tiled\tiled_1024_ov20_full_safe_no_ok_position\images\val\2025-06-18-06-39-05ps5_NGyuan_tile_0012.jpg,8,脏污,"[646.9990234375, 737.9993286132812, 813.9970703125, 781.0001831054688]",7181.058714151382,small,55.635705333519006,24.722098374748796,24.722098374748796,True,False,center,False,FN,contrast_up_115,False,,,6,,,0.0,0.0,contrast alpha=1.15
E:\TJGY\MinPaper\MyAutoAugument\outputs\datasets\tiled\tiled_1024_ov20_full_safe_no_ok_position\images\val\2025-06-18-06-39-05ps5_NGyuan_tile_0012.jpg,8,脏污,"[742.9995727539062, 632.0005493164062, 796.0007934570312, 661.0001831054688]",1537.0159907639027,small,52.82173064411191,23.741110094534566,23.741110094534566,True,False,center,False,FN,contrast_up_115,False,,,6,,,0.0,0.0,contrast alpha=1.15
E:\TJGY\MinPaper\MyAutoAugument\outputs\datasets\tiled\tiled_1024_ov20_full_safe_no_ok_position\images\val\2025-06-28-00-58-48ps5_NGyuan_tile_0006.jpg,7,碰伤,"[860.0012817382812, 736.0010375976562, 887.9994506835938, 751.0005493164062]",419.9588631987572,tiny,58.654761904761905,26.507723064913893,26.507723064913893,True,False,edge,False,FN,contrast_up_115,False,0.0,0.6232303977012634,7,0.0,0.6023921370506287,0.0,0.020838260650634766,contrast alpha=1.15
E:\TJGY\MinPaper\MyAutoAugument\outputs\datasets\tiled\tiled_1024_ov20_full_safe_no_ok_position\images\val\2025-06-28-00-58-48ps5_NGyuan_tile_0007.jpg,7,碰伤,"[41.00096130371094, 736.0010375976562, 68.9991683959961, 751.0005493164062]",419.95943538472056,tiny,58.62619047619047,26.560995028727742,26.560995028727742,True,False,edge,False,FN,contrast_up_115,False,,,10,,,0.0,0.0,contrast alpha=1.15
E:\TJGY\MinPaper\MyAutoAugument\outputs\datasets\tiled\tiled_1024_ov20_full_safe_no_ok_position\images\val\2025-06-28-00-58-48ps5_NGyuan_tile_0011.jpg,7,碰伤,"[860.0012817382812, 677.001220703125, 887.9994506835938, 692.000732421875]",419.9588631987572,tiny,58.63095238095238,26.613181375072283,26.613181375072283,True,False,edge,False,FN,contrast_up_115,True,0.8248850703239441,0.32855740189552307,7,,,0.8248850703239441,0.32855740189552307,contrast alpha=1.15
E:\TJGY\MinPaper\MyAutoAugument\outputs\datasets\tiled\tiled_1024_ov20_full_safe_no_ok_position\images\val\2025-06-28-00-58-48ps5_NGyuan_tile_0012.jpg,7,碰伤,"[41.00096130371094, 677.001220703125, 68.9991683959961, 692.000732421875]",419.95943538472056,tiny,58.62380952380953,26.58994447892455,26.58994447892455,True,False,edge,False,FN,contrast_up_115,False,,,1,,,0.0,0.0,contrast alpha=1.15
E:\TJGY\MinPaper\MyAutoAugument\outputs\datasets\tiled\tiled_1024_ov20_full_safe_no_ok_position\images\val\2025-06-28-07-30-46ps5_NGyuan_tile_0011.jpg,7,碰伤,"[370.9992980957031, 788.000732421875, 395.9992370605469, 801.00146484375]",325.01751704514027,tiny,57.65538461538461,8.878219342763774,8.878219342763774,True,True,center,False,FN,contrast_up_115,False,,,,,,0.0,0.0,contrast alpha=1.15
E:\TJGY\MinPaper\MyAutoAugument\outputs\datasets\tiled\tiled_1024_ov20_full_safe_no_ok_position\images\val\2025-06-29-08-27-16ps5_NGyuan_tile_0000.jpg,7,碰伤,"[871.0021362304688, 658.0004272460938, 918.0016479492188, 671.0000610351562]",610.9764406085014,tiny,55.761047463175125,12.578598256206332,12.578598256206332,True,True,edge,False,FN,contrast_up_115,False,0.0,0.9393843412399292,7,0.0,0.9341381192207336,0.0,0.005246222019195557,contrast alpha=1.15
E:\TJGY\MinPaper\MyAutoAugument\outputs\datasets\tiled\tiled_1024_ov20_full_safe_no_ok_position\images\val\2025-06-29-08-27-16ps5_NGyuan_tile_0001.jpg,7,碰伤,"[52.001792907714844, 658.0004272460938, 99.00135040283203, 671.0000610351562]",610.9770356845111,tiny,55.741407528641574,12.561673869036001,12.561673869036001,True,True,edge,False,FN,contrast_up_115,False,,,9,,,0.0,0.0,contrast alpha=1.15
E:\TJGY\MinPaper\MyAutoAugument\outputs\datasets\tiled\tiled_1024_ov20_full_safe_no_ok_position\images\val\2025-06-29-08-27-16ps5_NGyuan_tile_0007.jpg,6,漏背锡,"[618.999267578125, 306.0003967285156, 836.000244140625, 432.0005187988281]",27342.14953625202,medium,104.82481164508815,65.53607339766639,65.53607339766639,False,False,center,False,FN,contrast_up_115,False,,,12,,,0.0,0.0,contrast alpha=1.15
E:\TJGY\MinPaper\MyAutoAugument\outputs\datasets\tiled\tiled_1024_ov20_full_safe_no_ok_position\images\val\2025-06-29-08-27-16ps5_NGyuan_tile_0012.jpg,6,漏背锡,"[618.999267578125, 247.00057983398438, 836.000244140625, 373.0007019042969]",27342.14953625202,medium,104.82283666154633,65.53497091198456,65.53497091198456,False,False,center,False,FN,contrast_up_115,False,,,12,,,0.0,0.0,contrast alpha=1.15
E:\TJGY\MinPaper\MyAutoAugument\outputs\datasets\tiled\tiled_1024_ov20_full_safe_no_ok_position\images\val\2025-07-13-20-08-46ps5_NGyuan_tile_0007.jpg,7,碰伤,"[928.0010375976562, 9.999872207641602, 975.0005493164062, 28.000768661499023]",846.0333438310772,tiny,54.854609929078016,14.40297763660568,14.40297763660568,True,True,corner,False,FN,contrast_up_115,False,,,11,,,0.0,0.0,contrast alpha=1.15
E:\TJGY\MinPaper\MyAutoAugument\outputs\datasets\tiled\tiled_1024_ov20_full_safe_no_ok_position\images\val\2025-07-13-20-08-46ps5_NGyuan_tile_0007.jpg,11,锡尖,"[421.001220703125, 619.9987182617188, 494.99957275390625, 666.9993286132812]",3477.9677113965154,small,123.09488211615871,65.90531720864378,65.90531720864378,False,False,center,False,FN,contrast_up_115,False,0.0,0.9924446940422058,11,0.0,0.9944475889205933,0.0,-0.002002894878387451,contrast alpha=1.15
E:\TJGY\MinPaper\MyAutoAugument\outputs\datasets\tiled\tiled_1024_ov20_full_safe_no_ok_position\images\val\2025-07-13-20-08-46ps5_NGyuan_tile_0008.jpg,7,碰伤,"[109.0017318725586, 9.999872207641602, 156.00128173828125, 28.000768661499023]",846.034030510782,tiny,54.892434988179666,14.35571448989137,14.35571448989137,True,True,corner,False,FN,contrast_up_115,False,,,,,,0.0,0.0,contrast alpha=1.15
E:\TJGY\MinPaper\MyAutoAugument\outputs\datasets\tiled\tiled_1024_ov20_full_safe_no_ok_position\images\val\2025-07-13-20-08-46ps5_NGyuan_tile_0008.jpg,1,OK3,"[3.9976959228515625, 835.999755859375, 160.99942016601562, 889.9993896484375]",8478.035613382235,small,36.99728709601321,7.181065191702025,7.181065191702025,True,True,corner,False,FN,contrast_up_115,False,,,,,,0.0,0.0,contrast alpha=1.15
E:\TJGY\MinPaper\MyAutoAugument\outputs\datasets\tiled\tiled_1024_ov20_full_safe_no_ok_position\images\val\2025-07-13-20-08-46ps5_NGyuan_tile_0012.jpg,11,锡尖,"[421.001220703125, 560.9989013671875, 494.99957275390625, 607.99951171875]",3477.9677113965154,small,123.08539390454284,65.88729036054909,65.88729036054909,False,False,center,False,FN,contrast_up_115,False,0.0,0.9978210926055908,11,0.0,0.9976463913917542,0.0,0.00017470121383666992,contrast alpha=1.15
E:\TJGY\MinPaper\MyAutoAugument\outputs\datasets\tiled\tiled_1024_ov20_full_safe_no_ok_position\images\val\2025-07-13-20-08-46ps5_NGyuan_tile_0013.jpg,1,OK3,"[3.9976959228515625, 776.9999389648438, 160.99942016601562, 830.9995727539062]",8478.035613382235,small,37.001179523472516,7.193464342911849,7.193464342911849,True,True,edge,False,FN,contrast_up_115,False,,,,,,0.0,0.0,contrast alpha=1.15
E:\TJGY\MinPaper\MyAutoAugument\outputs\datasets\tiled\tiled_1024_ov20_full_safe_no_ok_position\images\val\2025-07-14-19-29-20ps5_tile_0007.jpg,7,碰伤,"[916.0017700195312, -0.0005116462707519531, 937.0020141601562, 11.999744415283203]",252.00830704264808,tiny,30.4484126984127,7.5693432870978965,7.5693432870978965,True,True,corner,True,FN,contrast_up_115,False,,,11,,,0.0,0.0,contrast alpha=1.15
E:\TJGY\MinPaper\MyAutoAugument\outputs\datasets\tiled\tiled_1024_ov20_full_safe_no_ok_position\images\val\2025-07-14-19-29-20ps5_tile_0008.jpg,7,碰伤,"[97.00147247314453, -0.0005116462707519531, 118.00167083740234, 11.999744415283203]",252.00775771452027,tiny,30.48015873015873,7.472409779402671,7.472409779402671,True,True,corner,True,FN,contrast_up_115,False,,,,,,0.0,0.0,contrast alpha=1.15
E:\TJGY\MinPaper\MyAutoAugument\outputs\datasets\tiled\tiled_1024_ov20_full_safe_no_ok_position\images\val\2025-07-21-20-56-48ps5_NGyuan_tile_0000.jpg,7,碰伤,"[873.9989013671875, 906.0003662109375, 905.9998779296875, 920.00048828125]",448.0175782442093,tiny,74.57589285714286,14.53255425351571,14.53255425351571,False,True,corner,False,FN,contrast_up_115,False,,,,,,0.0,0.0,contrast alpha=1.15
E:\TJGY\MinPaper\MyAutoAugument\outputs\datasets\tiled\tiled_1024_ov20_full_safe_no_ok_position\images\val\2025-07-21-20-56-48ps5_NGyuan_tile_0001.jpg,7,碰伤,"[54.99852752685547, 906.0003662109375, 86.99954986572266, 920.00048828125]",448.01821911893785,tiny,74.62946428571429,14.538318447621059,14.538318447621059,False,True,corner,False,FN,contrast_up_115,False,,,,,,0.0,0.0,contrast alpha=1.15
E:\TJGY\MinPaper\MyAutoAugument\outputs\datasets\tiled\tiled_1024_ov20_full_safe_no_ok_position\images\val\2025-07-21-20-56-48ps5_NGyuan_tile_0005.jpg,7,碰伤,"[873.9989013671875, 87.00006866455078, 905.9998779296875, 101.00019073486328]",448.0175782442093,tiny,74.60714285714286,14.57989512433936,14.57989512433936,False,True,corner,False,FN,contrast_up_115,False,,,,,,0.0,0.0,contrast alpha=1.15
E:\TJGY\MinPaper\MyAutoAugument\outputs\datasets\tiled\tiled_1024_ov20_full_safe_no_ok_position\images\val\2025-07-21-20-56-48ps5_NGyuan_tile_0006.jpg,7,碰伤,"[54.99852752685547, 87.00006866455078, 86.99954986572266, 101.00019073486328]",448.01821911893785,tiny,74.55357142857143,14.568397356285017,14.568397356285017,False,True,corner,False,FN,contrast_up_115,False,,,,,,0.0,0.0,contrast alpha=1.15
E:\TJGY\MinPaper\MyAutoAugument\outputs\datasets\tiled\tiled_1024_ov20_full_safe_no_ok_position\images\val\2025-07-21-20-56-48ps5_NGyuan_tile_0010.jpg,7,碰伤,"[873.9989013671875, 28.000255584716797, 905.9998779296875, 42.00038528442383]",448.01782239228487,tiny,74.62276785714286,14.539604761639193,14.539604761639193,False,True,corner,False,FN,contrast_up_115,False,,,,,,0.0,0.0,contrast alpha=1.15
E:\TJGY\MinPaper\MyAutoAugument\outputs\datasets\tiled\tiled_1024_ov20_full_safe_no_ok_position\images\val\2025-07-21-20-56-48ps5_NGyuan_tile_0011.jpg,7,碰伤,"[54.99852752685547, 28.000255584716797, 86.99954986572266, 42.00038528442383]",448.0184632673627,tiny,74.55357142857143,14.558128121010444,14.558128121010444,False,True,corner,False,FN,contrast_up_115,False,,,,,,0.0,0.0,contrast alpha=1.15
E:\TJGY\MinPaper\MyAutoAugument\outputs\datasets\tiled\tiled_1024_ov20_full_safe_no_ok_position\images\val\2025-08-01-18-25-43ps5_NGyuan_tile_0005.jpg,7,碰伤,"[543.9989624023438, 789.001708984375, 570.9977416992188, 800.00048828125]",296.9536147713661,tiny,67.12121212121212,12.43429009826994,12.43429009826994,False,True,center,False,FN,contrast_up_115,False,,,,,,0.0,0.0,contrast alpha=1.15
E:\TJGY\MinPaper\MyAutoAugument\outputs\datasets\tiled\tiled_1024_ov20_full_safe_no_ok_position\images\val\2025-08-01-18-25-43ps5_NGyuan_tile_0010.jpg,7,碰伤,"[543.9989624023438, 730.0018920898438, 570.9977416992188, 741.0006713867188]",296.9536147713661,tiny,67.14141414141415,12.336753635219289,12.336753635219289,False,True,center,False,FN,contrast_up_115,False,,,,,,0.0,0.0,contrast alpha=1.15
E:\TJGY\MinPaper\MyAutoAugument\outputs\datasets\tiled\tiled_1024_ov20_full_safe_no_ok_position\images\val\2025-08-01-19-07-33ps5_tile_0001.jpg,7,碰伤,"[683.999755859375, 750.0001220703125, 761.00146484375, 764.9996337890625]",1154.98803627491,small,77.10822510822511,13.52277129892412,13.52277129892412,False,True,center,False,FN,contrast_up_115,True,0.525776743888855,0.7159326076507568,7,0.5555399060249329,0.6593897342681885,-0.02976316213607788,0.05654287338256836,contrast alpha=1.15
E:\TJGY\MinPaper\MyAutoAugument\outputs\datasets\tiled\tiled_1024_ov20_full_safe_no_ok_position\images\val\2025-08-01-19-07-33ps5_tile_0007.jpg,12,锡膏,"[602.0009155273438, 437.001220703125, 640.9999389648438, 562.0009155273438]",4874.8660281300545,small,132.29107692307693,25.70673247882104,25.70673247882104,False,False,center,False,FN,contrast_up_115,False,,,7,,,0.0,0.0,contrast alpha=1.15
E:\TJGY\MinPaper\MyAutoAugument\outputs\datasets\tiled\tiled_1024_ov20_full_safe_no_ok_position\images\val\2025-08-01-19-15-54ps5_NGyuan_tile_0001.jpg,9,轮廓划伤,"[265.0019836425781, 812.000244140625, 301.0017395019531, 862.0001220703125]",1799.9833984673023,small,92.58722222222222,13.851881262347467,13.851881262347467,False,True,edge,False,FN,contrast_up_115,False,,,4,,,0.0,0.0,contrast alpha=1.15
E:\TJGY\MinPaper\MyAutoAugument\outputs\datasets\tiled\tiled_1024_ov20_full_safe_no_ok_position\images\val\2025-08-01-19-15-54ps5_NGyuan_tile_0001.jpg,7,碰伤,"[678.99853515625, 792.9989013671875, 731.0003662109375, 860.9986572265625]",3536.111815959215,small,97.78082579185521,11.439135858198433,11.439135858198433,False,True,edge,False,FN,contrast_up_115,True,0.9126602411270142,0.4012562930583954,7,0.0,0.8984742164611816,0.9126602411270142,-0.49721792340278625,contrast alpha=1.15
E:\TJGY\MinPaper\MyAutoAugument\outputs\datasets\tiled\tiled_1024_ov20_full_safe_no_ok_position\images\val\2025-08-01-19-15-54ps5_NGyuan_tile_0007.jpg,9,轮廓划伤,"[883.9992065429688, 939.0003051757812, 937.0004272460938, 1011.0007934570312]",3816.1137701272964,small,75.7541928721174,8.36023069434036,8.36023069434036,False,True,corner,False,FN,contrast_up_115,False,,,1,,,0.0,0.0,contrast alpha=1.15
E:\TJGY\MinPaper\MyAutoAugument\outputs\datasets\tiled\tiled_1024_ov20_full_safe_no_ok_position\images\val\2025-08-01-19-15-54ps5_NGyuan_tile_0008.jpg,9,轮廓划伤,"[64.99890899658203, 939.0003051757812, 118.00012969970703, 1011.0007934570312]",3816.1137701272964,small,75.75104821802935,8.342785454022351,8.342785454022351,False,True,corner,False,FN,contrast_up_115,False,,,,,,0.0,0.0,contrast alpha=1.15
E:\TJGY\MinPaper\MyAutoAugument\outputs\datasets\tiled\tiled_1024_ov20_full_safe_no_ok_position\images\val\2025-08-01-19-15-54ps5_NGyuan_tile_0010.jpg,9,轮廓划伤,"[320.0010070800781, 846.0001220703125, 367.0005798339844, 917.000244140625]",3336.975402779877,small,73.16332034761763,7.190210572874346,7.190210572874346,False,True,edge,False,FN,contrast_up_115,False,,,7,,,0.0,0.0,contrast alpha=1.15
E:\TJGY\MinPaper\MyAutoAugument\outputs\datasets\tiled\tiled_1024_ov20_full_safe_no_ok_position\images\val\2025-08-04-12-33-32ps5_NGyuan_tile_0007.jpg,12,锡膏,"[372.0007629394531, 490.9992980957031, 429.0007019042969, 573.0001831054688]",4674.045440619811,small,181.8913136499786,36.092790329431004,36.092790329431004,False,False,center,False,FN,contrast_up_115,False,0.0,0.9742857217788696,12,0.0,0.9773492217063904,0.0,-0.003063499927520752,contrast alpha=1.15
E:\TJGY\MinPaper\MyAutoAugument\outputs\datasets\tiled\tiled_1024_ov20_full_safe_no_ok_position\images\val\2025-08-04-12-33-32ps5_NGyuan_tile_0012.jpg,12,锡膏,"[372.0007629394531, 431.9994812011719, 429.0007019042969, 514.0003662109375]",4674.045440619811,small,181.89602053915277,36.09129258574198,36.09129258574198,False,False,center,False,FN,contrast_up_115,False,0.0,0.9854748249053955,12,0.0,0.984855592250824,0.0,0.0006192326545715332,contrast alpha=1.15
E:\TJGY\MinPaper\MyAutoAugument\outputs\datasets\tiled\tiled_1024_ov20_full_safe_no_ok_position\images\val\2025-08-11-12-08-10ps5_NGyuan_tile_0002.jpg,7,碰伤,"[579.0007934570312, 712.9994506835938, 612.0012817382812, 721.9993286132812]",297.00036615133286,tiny,61.54545454545455,12.719405938158081,12.719405938158081,False,True,center,False,FN,contrast_up_115,False,,,,,,0.0,0.0,contrast alpha=1.15
E:\TJGY\MinPaper\MyAutoAugument\outputs\datasets\tiled\tiled_1024_ov20_full_safe_no_ok_position\images\val\2025-08-11-19-47-12ps5_tile_0002.jpg,10,锡丝残留,"[450.9997863769531, 899.0007934570312, 515.0007934570312, 1014.0011596679688]",7360.139252077788,small,90.81888586956522,29.39094057510151,29.39094057510151,False,False,edge,False,FN,contrast_up_115,False,,,,,,0.0,0.0,contrast alpha=1.15
E:\TJGY\MinPaper\MyAutoAugument\outputs\datasets\tiled\tiled_1024_ov20_full_safe_no_ok_position\images\val\2025-08-11-19-47-12ps5_tile_0012.jpg,10,锡丝残留,"[450.9997863769531, 21.000701904296875, 515.0007934570312, 136.0010223388672]",7360.136322344188,small,90.81589673913044,29.391555325766586,29.391555325766586,False,False,edge,False,FN,contrast_up_115,False,,,1,,,0.0,0.0,contrast alpha=1.15
E:\TJGY\MinPaper\MyAutoAugument\outputs\datasets\tiled\tiled_1024_ov20_full_safe_no_ok_position\images\val\2025-08-11-19-48-33ps5_tile_0002.jpg,10,锡丝残留,"[583.0010375976562, 918.9995727539062, 650.0014038085938, 1013.9990844726562]",6365.002075016499,small,82.86457187745484,29.289360786741216,29.289360786741216,False,False,edge,False,FN,contrast_up_115,False,,,11,,,0.0,0.0,contrast alpha=1.15
E:\TJGY\MinPaper\MyAutoAugument\outputs\datasets\tiled\tiled_1024_ov20_full_safe_no_ok_position\images\val\2025-08-11-19-48-33ps5_tile_0007.jpg,10,锡丝残留,"[583.0010375976562, 99.99923706054688, 650.0014038085938, 194.998779296875]",6365.004119705409,small,82.88578161822467,29.26549908145222,29.26549908145222,False,False,edge,False,FN,contrast_up_115,False,,,11,,,0.0,0.0,contrast alpha=1.15
E:\TJGY\MinPaper\MyAutoAugument\outputs\datasets\tiled\tiled_1024_ov20_full_safe_no_ok_position\images\val\2025-08-11-19-48-33ps5_tile_0012.jpg,10,锡丝残留,"[583.0010375976562, 40.99942398071289, 650.0014038085938, 135.9989776611328]",6365.00488646375,small,82.8725844461901,29.26325957101295,29.26325957101295,False,False,edge,False,FN,contrast_up_115,False,,,11,,,0.0,0.0,contrast alpha=1.15
E:\TJGY\MinPaper\MyAutoAugument\outputs\datasets\tiled\tiled_1024_ov20_full_safe_no_ok_position\images\val\2025-08-11-19-48-39ps5_tile_0002.jpg,11,锡尖,"[260.00177001953125, 969.9993896484375, 426.99981689453125, 1022.0001220703125]",8684.020750522614,small,131.6589129433441,28.84888457853096,28.84888457853096,False,False,edge,False,FN,contrast_up_115,False,,,,,,0.0,0.0,contrast alpha=1.15
E:\TJGY\MinPaper\MyAutoAugument\outputs\datasets\tiled\tiled_1024_ov20_full_safe_no_ok_position\images\val\2025-08-12-01-35-13ps5_NGyuan_tile_0008.jpg,7,碰伤,"[284.9986572265625, 695.0006103515625, 294.9990234375, 707.0008544921875]",120.00683602690697,tiny,68.83333333333333,13.364338949441365,13.364338949441365,False,True,center,False,FN,contrast_up_115,False,,,1,,,0.0,0.0,contrast alpha=1.15
E:\TJGY\MinPaper\MyAutoAugument\outputs\datasets\tiled\tiled_1024_ov20_full_safe_no_ok_position\images\val\2025-08-12-01-35-13ps5_NGyuan_tile_0009.jpg,7,碰伤,"[169.9983367919922, 695.0006103515625, 179.9987335205078, 707.0008544921875]",120.00720224529505,tiny,68.89166666666667,13.415038721110308,13.415038721110308,False,True,edge,False,FN,contrast_up_115,False,,,,,,0.0,0.0,contrast alpha=1.15
E:\TJGY\MinPaper\MyAutoAugument\outputs\datasets\tiled\tiled_1024_ov20_full_safe_no_ok_position\images\val\2025-08-12-01-35-13ps5_NGyuan_tile_0013.jpg,7,碰伤,"[284.9986572265625, 635.999755859375, 294.9990234375, 648.0]",120.00683602690697,tiny,68.75,13.430841373495555,13.430841373495555,False,True,center,False,FN,contrast_up_115,False,,,1,,,0.0,0.0,contrast alpha=1.15
E:\TJGY\MinPaper\MyAutoAugument\outputs\datasets\tiled\tiled_1024_ov20_full_safe_no_ok_position\images\val\2025-08-12-01-35-13ps5_NGyuan_tile_0014.jpg,7,碰伤,"[169.9983367919922, 635.999755859375, 179.9987335205078, 648.0]",120.00720224529505,tiny,68.825,13.406256313129825,13.406256313129825,False,True,edge,False,FN,contrast_up_115,False,,,,,,0.0,0.0,contrast alpha=1.15
E:\TJGY\MinPaper\MyAutoAugument\outputs\datasets\tiled\tiled_1024_ov20_full_safe_no_ok_position\images\val\2025-08-21-05-20-58ps5_NGyuan_tile_0010.jpg,7,碰伤,"[778.0018920898438, 644.0003051757812, 802.0014038085938, 658.0014038085938]",336.0195307135582,tiny,98.25297619047619,9.744885261578911,9.744885261578911,False,True,center,False,FN,contrast_up_115,False,,,,,,0.0,0.0,contrast alpha=1.15
E:\TJGY\MinPaper\MyAutoAugument\outputs\datasets\tiled\tiled_1024_ov20_full_safe_no_ok_position\images\val\2025-09-02-07-01-17ps5_NGyuan_tile_0007.jpg,11,锡尖,"[728.0009765625, 371.9992370605469, 780.0028076171875, 418.9997863769531]",2444.114625029266,small,91.18780687397708,32.5586892764388,32.5586892764388,False,False,center,False,FN,contrast_up_115,True,0.7300167679786682,0.3467086851596832,11,,,0.7300167679786682,0.3467086851596832,contrast alpha=1.15
E:\TJGY\MinPaper\MyAutoAugument\outputs\datasets\tiled\tiled_1024_ov20_full_safe_no_ok_position\images\val\2025-09-02-07-01-17ps5_NGyuan_tile_0012.jpg,11,锡尖,"[728.0009765625, 312.99945068359375, 780.0028076171875, 360.0]",2444.114625029266,small,91.1665302782324,32.57385679580332,32.57385679580332,False,False,center,False,FN,contrast_up_115,False,,,6,,,0.0,0.0,contrast alpha=1.15
E:\TJGY\MinPaper\MyAutoAugument\outputs\datasets\tiled\tiled_1024_ov20_full_safe_no_ok_position\images\val\2025-09-02-08-24-16ps5_NGyuan_tile_0001.jpg,7,碰伤,"[504.9999084472656, 779.999755859375, 529.9998168945312, 790.99853515625]",274.9684754535556,tiny,67.17090909090909,16.44328735908832,16.44328735908832,False,True,center,False,FN,contrast_up_115,False,,,,,,0.0,0.0,contrast alpha=1.15
E:\TJGY\MinPaper\MyAutoAugument\outputs\datasets\tiled\tiled_1024_ov20_full_safe_no_ok_position\images\val\2025-09-02-15-04-54ps5_NGyuan_tile_0007.jpg,6,漏背锡,"[592.9998779296875, 346.0003662109375, 857.9998779296875, 424.99993896484375]",20934.886779785156,medium,93.02302364461428,40.044814221721936,40.044814221721936,False,False,center,False,FN,contrast_up_115,False,0.3308143615722656,0.31114768981933594,6,0.25203555822372437,0.6360679864883423,0.07877880334854126,-0.32492029666900635,contrast alpha=1.15
E:\TJGY\MinPaper\MyAutoAugument\outputs\datasets\tiled\tiled_1024_ov20_full_safe_no_ok_position\images\val\2025-09-02-15-04-54ps5_NGyuan_tile_0012.jpg,6,漏背锡,"[592.9998779296875, 287.0005798339844, 857.9998779296875, 366.0001525878906]",20934.886779785156,medium,93.03625507523286,40.043653921247,40.043653921247,False,False,center,False,FN,contrast_up_115,False,0.26849132776260376,0.7825356125831604,6,0.2679309844970703,0.768899142742157,0.0005603432655334473,0.013636469841003418,contrast alpha=1.15
E:\TJGY\MinPaper\MyAutoAugument\outputs\datasets\tiled\tiled_1024_ov20_full_safe_no_ok_position\images\val\2025-09-02-20-35-27ps5_NGyuan_tile_0007.jpg,6,漏背锡,"[495.9979248046875, 399.0010681152344, 710.9990234375, 448.0005187988281]",10534.935729376972,medium,142.15007119126722,62.38630949557069,62.38630949557069,False,False,center,False,FN,contrast_up_115,False,0.0,0.8790648579597473,6,0.0,0.8630314469337463,0.0,0.016033411026000977,contrast alpha=1.15
E:\TJGY\MinPaper\MyAutoAugument\outputs\datasets\tiled\tiled_1024_ov20_full_safe_no_ok_position\images\val\2025-09-09-21-08-16ps5_tile_0005.jpg,7,碰伤,"[620.9991455078125, 429.00018310546875, 674.0003662109375, 473.9998779296875]",2385.0387569516897,small,83.34633123689727,8.341202081152689,8.341202081152689,False,True,center,False,FN,contrast_up_115,False,,,,,,0.0,0.0,contrast alpha=1.15
E:\TJGY\MinPaper\MyAutoAugument\outputs\datasets\tiled\tiled_1024_ov20_full_safe_no_ok_position\images\val\2025-09-09-21-08-16ps5_tile_0010.jpg,7,碰伤,"[620.9991455078125, 370.0003662109375, 674.0003662109375, 415.00006103515625]",2385.0387569516897,small,83.31949685534592,8.310901718698924,8.310901718698924,False,True,center,False,FN,contrast_up_115,False,,,,,,0.0,0.0,contrast alpha=1.15
E:\TJGY\MinPaper\MyAutoAugument\outputs\datasets\tiled\tiled_1024_ov20_full_safe_no_ok_position\images\val\2025-09-09-21-09-08ps5_tile_0002.jpg,7,碰伤,"[268.99969482421875, 636.000244140625, 350.0001220703125, 668.9996337890625]",2672.964660383761,small,71.33370744481856,13.990167208105312,13.990167208105312,False,True,center,False,FN,contrast_up_115,False,,,,,,0.0,0.0,contrast alpha=1.15
E:\TJGY\MinPaper\MyAutoAugument\outputs\datasets\tiled\tiled_1024_ov20_full_safe_no_ok_position\images\val\2025-09-09-21-09-08ps5_tile_0002.jpg,7,碰伤,"[896.0, 637.0001831054688, 967.99951171875, 685.9995727539062]",3527.932129204273,small,60.058956916099774,24.542952173817785,24.542952173817785,False,False,edge,False,FN,contrast_up_115,False,,,,,,0.0,0.0,contrast alpha=1.15
E:\TJGY\MinPaper\MyAutoAugument\outputs\datasets\tiled\tiled_1024_ov20_full_safe_no_ok_position\images\val\2025-09-09-21-09-08ps5_tile_0003.jpg,7,碰伤,"[77.00070190429688, 637.0001831054688, 149.0001983642578, 685.9995727539062]",3527.9313815329224,small,60.06235827664399,24.52822591520583,24.52822591520583,False,False,edge,False,FN,contrast_up_115,False,,,,,,0.0,0.0,contrast alpha=1.15
E:\TJGY\MinPaper\MyAutoAugument\outputs\datasets\tiled\tiled_1024_ov20_full_safe_no_ok_position\images\val\2025-09-09-21-09-08ps5_tile_0006.jpg,9,轮廓划伤,"[423.0005798339844, 792.00048828125, 472.9994201660156, 853.9996337890625]",3099.8853769674897,small,73.83129032258064,11.283484431491578,11.283484431491578,False,True,edge,False,FN,contrast_up_115,False,,,7,,,0.0,0.0,contrast alpha=1.15
E:\TJGY\MinPaper\MyAutoAugument\outputs\datasets\tiled\tiled_1024_ov20_full_safe_no_ok_position\images\val\2025-09-09-21-09-08ps5_tile_0011.jpg,9,轮廓划伤,"[423.0005798339844, 733.0006713867188, 472.9994201660156, 794.9998168945312]",3099.8853769674897,small,73.80677419354839,11.264664388596808,11.264664388596808,False,True,center,False,FN,contrast_up_115,False,,,7,,,0.0,0.0,contrast alpha=1.15
E:\TJGY\MinPaper\MyAutoAugument\outputs\datasets\tiled\tiled_1024_ov20_full_safe_no_ok_position\images\val\2025-09-15-17-40-22ps5_tile_0002.jpg,2,加强筋打伤,"[780.000244140625, 491.00030517578125, 825.0009765625, 563.0007934570312]",3240.074707388878,small,58.91203703703704,12.028771200385384,12.028771200385384,True,True,center,False,FN,contrast_up_115,False,,,0,,,0.0,0.0,contrast alpha=1.15
E:\TJGY\MinPaper\MyAutoAugument\outputs\datasets\tiled\tiled_1024_ov20_full_safe_no_ok_position\images\val\2025-09-15-17-40-45ps5_tile_0003.jpg,9,轮廓划伤,"[614.99853515625, 768.9994506835938, 658.998779296875, 878.9995727539062]",4840.032226592302,small,43.10144628099174,5.880616532374243,5.880616532374243,True,True,edge,False,FN,contrast_up_115,False,0.0,0.8800206184387207,9,0.0,0.8685526251792908,0.0,0.011467993259429932,contrast alpha=1.15
E:\TJGY\MinPaper\MyAutoAugument\outputs\datasets\tiled\tiled_1024_ov20_full_safe_no_ok_position\images\val\2025-09-15-17-40-45ps5_tile_0005.jpg,7,碰伤,"[658.001953125, 365.9991149902344, 696.00048828125, 410.0003967285156]",1671.9842510521412,small,80.13516746411483,19.512654649717266,19.512654649717266,False,True,center,False,FN,contrast_up_115,False,,,2,,,0.0,0.0,contrast alpha=1.15
E:\TJGY\MinPaper\MyAutoAugument\outputs\datasets\tiled\tiled_1024_ov20_full_safe_no_ok_position\images\val\2025-09-15-17-40-45ps5_tile_0008.jpg,9,轮廓划伤,"[667.999755859375, 143.99948120117188, 736.00048828125, 280.0]",9248.134888075292,small,52.046820934256054,11.056431250044772,11.056431250044772,True,True,center,False,FN,contrast_up_115,False,0.0,0.6571459770202637,9,0.0,0.6813665628433228,0.0,-0.024220585823059082,contrast alpha=1.15
E:\TJGY\MinPaper\MyAutoAugument\outputs\datasets\tiled\tiled_1024_ov20_full_safe_no_ok_position\images\val\2025-09-15-17-40-45ps5_tile_0009.jpg,9,轮廓划伤,"[552.9994506835938, 143.99948120117188, 621.0001831054688, 280.0]",9248.134888075292,small,52.04163062283737,11.041174963422284,11.041174963422284,True,True,center,False,FN,contrast_up_115,False,0.0,0.6023467183113098,9,0.0,0.4902084767818451,0.0,0.11213824152946472,contrast alpha=1.15
E:\TJGY\MinPaper\MyAutoAugument\outputs\datasets\tiled\tiled_1024_ov20_full_safe_no_ok_position\images\val\2025-09-15-17-40-45ps5_tile_0013.jpg,9,轮廓划伤,"[588.0007934570312, 129.9998779296875, 647.0005493164062, 266.998779296875]",8082.901733666658,small,45.12247927749598,7.320491860402777,7.320491860402777,True,True,edge,False,FN,contrast_up_115,False,,,7,,,0.0,0.0,contrast alpha=1.15
E:\TJGY\MinPaper\MyAutoAugument\outputs\datasets\tiled\tiled_1024_ov20_full_safe_no_ok_position\images\val\2025-09-15-17-40-45ps5_tile_0013.jpg,9,轮廓划伤,"[667.999755859375, 84.99967956542969, 736.00048828125, 221.0001983642578]",9248.134888075292,small,52.05590397923876,11.051302284552333,11.051302284552333,True,True,edge,False,FN,contrast_up_115,False,,,7,,,0.0,0.0,contrast alpha=1.15
E:\TJGY\MinPaper\MyAutoAugument\outputs\datasets\tiled\tiled_1024_ov20_full_safe_no_ok_position\images\val\2025-09-17-00-42-01ps5_NGyuan_tile_0002.jpg,9,轮廓划伤,"[569.9998779296875, 440.9994201660156, 608.9989013671875, 531.9992065429688]",3548.902801722288,small,82.39165962242885,19.955258444015058,19.955258444015058,False,True,center,False,FN,contrast_up_115,False,,,7,,,0.0,0.0,contrast alpha=1.15
E:\TJGY\MinPaper\MyAutoAugument\outputs\datasets\tiled\tiled_1024_ov20_full_safe_no_ok_position\images\val\2025-09-17-00-42-01ps5_NGyuan_tile_0003.jpg,9,轮廓划伤,"[88.99993896484375, 451.99920654296875, 134.00064086914062, 546.998779296875]",4275.0474545340985,small,61.53426900584795,16.561533177541072,16.561533177541072,False,True,edge,False,FN,contrast_up_115,False,,,7,,,0.0,0.0,contrast alpha=1.15
E:\TJGY\MinPaper\MyAutoAugument\outputs\datasets\tiled\tiled_1024_ov20_full_safe_no_ok_position\images\val\2025-09-17-00-42-01ps5_NGyuan_tile_0007.jpg,9,轮廓划伤,"[825.9993286132812, 569.0009765625, 861.9990844726562, 658.0008544921875]",3203.9738769829273,small,82.04119850187266,27.04385951819281,27.04385951819281,False,False,edge,False,FN,contrast_up_115,False,,,4,,,0.0,0.0,contrast alpha=1.15
E:\TJGY\MinPaper\MyAutoAugument\outputs\datasets\tiled\tiled_1024_ov20_full_safe_no_ok_position\images\val\2025-09-17-00-42-01ps5_NGyuan_tile_0007.jpg,9,轮廓划伤,"[464.9989318847656, 554.0003662109375, 508.9991760253906, 646.0006103515625]",4048.0332031846046,small,88.09510869565217,25.228170146891692,25.228170146891692,False,False,center,False,FN,contrast_up_115,False,,,4,,,0.0,0.0,contrast alpha=1.15
E:\TJGY\MinPaper\MyAutoAugument\outputs\datasets\tiled\tiled_1024_ov20_full_safe_no_ok_position\images\val\2025-09-17-00-42-01ps5_NGyuan_tile_0008.jpg,9,轮廓划伤,"[6.999040603637695, 569.0009765625, 42.99878692626953, 658.0008544921875]",3203.97302821395,small,82.03558052434457,27.060123698453427,27.060123698453427,False,False,edge,False,FN,contrast_up_115,False,,,4,,,0.0,0.0,contrast alpha=1.15
E:\TJGY\MinPaper\MyAutoAugument\outputs\datasets\tiled\tiled_1024_ov20_full_safe_no_ok_position\images\val\2025-09-17-00-42-01ps5_NGyuan_tile_0012.jpg,9,轮廓划伤,"[825.9993286132812, 510.0011291503906, 861.9990844726562, 599.0010986328125]",3203.977172859013,small,82.05087390761548,27.03131251511788,27.03131251511788,False,False,edge,False,FN,contrast_up_115,False,,,4,,,0.0,0.0,contrast alpha=1.15
E:\TJGY\MinPaper\MyAutoAugument\outputs\datasets\tiled\tiled_1024_ov20_full_safe_no_ok_position\images\val\2025-09-17-00-42-01ps5_NGyuan_tile_0012.jpg,9,轮廓划伤,"[464.9989318847656, 495.0006103515625, 508.9991760253906, 587.0008544921875]",4048.0332031846046,small,88.0909090909091,25.217132883679668,25.217132883679668,False,False,center,False,FN,contrast_up_115,False,,,4,,,0.0,0.0,contrast alpha=1.15
E:\TJGY\MinPaper\MyAutoAugument\outputs\datasets\tiled\tiled_1024_ov20_full_safe_no_ok_position\images\val\2025-09-17-00-42-01ps5_NGyuan_tile_0013.jpg,9,轮廓划伤,"[6.999040603637695, 510.0011291503906, 42.99878692626953, 599.0010986328125]",3203.9763240891625,small,82.05149812734082,27.05617049169587,27.05617049169587,False,False,edge,False,FN,contrast_up_115,False,,,4,,,0.0,0.0,contrast alpha=1.15
E:\TJGY\MinPaper\MyAutoAugument\outputs\datasets\tiled\tiled_1024_ov20_full_safe_no_ok_position\images\val\2025-09-17-01-04-57ps5_NGyuan_tile_0007.jpg,7,碰伤,"[943.9984741210938, 549.001220703125, 1022.9990844726562, 661.000244140625]",8847.991210341454,small,70.38438065099457,27.789816997064424,27.789816997064424,False,False,edge,False,FN,contrast_up_115,False,,,0,,,0.0,0.0,contrast alpha=1.15
E:\TJGY\MinPaper\MyAutoAugument\outputs\datasets\tiled\tiled_1024_ov20_full_safe_no_ok_position\images\val\2025-09-17-01-04-57ps5_NGyuan_tile_0009.jpg,7,碰伤,"[9.997825622558594, 549.001220703125, 88.99839782714844, 661.000244140625]",8847.986937917769,small,70.39500452079567,27.785352623891168,27.785352623891168,False,False,edge,False,FN,contrast_up_115,False,,,,,,0.0,0.0,contrast alpha=1.15
E:\TJGY\MinPaper\MyAutoAugument\outputs\datasets\tiled\tiled_1024_ov20_full_safe_no_ok_position\images\val\2025-09-17-01-04-57ps5_NGyuan_tile_0012.jpg,7,碰伤,"[943.9984741210938, 490.0014343261719, 1022.9990844726562, 602.0004272460938]",8847.988799434155,small,70.38381555153707,27.781154746340547,27.781154746340547,False,False,edge,False,FN,contrast_up_115,False,,,1,,,0.0,0.0,contrast alpha=1.15
E:\TJGY\MinPaper\MyAutoAugument\outputs\datasets\tiled\tiled_1024_ov20_full_safe_no_ok_position\images\val\2025-09-17-01-04-57ps5_NGyuan_tile_0014.jpg,7,碰伤,"[9.997825622558594, 490.0014343261719, 88.99839782714844, 602.0004272460938]",8847.984527011635,small,70.39602169981917,27.783863597371752,27.783863597371752,False,False,edge,False,FN,contrast_up_115,False,,,,,,0.0,0.0,contrast alpha=1.15
E:\TJGY\MinPaper\MyAutoAugument\outputs\datasets\tiled\tiled_1024_ov20_full_safe_no_ok_position\images\val\2025-09-23-01-12-21ps5_NGyuan_tile_0000.jpg,8,脏污,"[867.0013427734375, 503.0005798339844, 929.9998779296875, 558.0006713867188]",3464.925201281905,small,96.83174603174604,20.809539021020875,20.809539021020875,False,False,edge,False,FN,contrast_up_115,False,,,7,,,0.0,0.0,contrast alpha=1.15
E:\TJGY\MinPaper\MyAutoAugument\outputs\datasets\tiled\tiled_1024_ov20_full_safe_no_ok_position\images\val\2025-09-23-01-12-21ps5_NGyuan_tile_0001.jpg,8,脏污,"[48.00102615356445, 503.0005798339844, 110.99955749511719, 558.0006713867188]",3464.9249914732063,small,96.83376623376624,20.802404743265633,20.802404743265633,False,False,edge,False,FN,contrast_up_115,False,,,7,,,0.0,0.0,contrast alpha=1.15
E:\TJGY\MinPaper\MyAutoAugument\outputs\datasets\tiled\tiled_1024_ov20_full_safe_no_ok_position\images\val\2025-09-23-12-23-50ps5_NGyuan_tile_0007.jpg,1,OK3,"[535.99951171875, 675.0003051757812, 712.9979248046875, 710.0006713867188]",6195.009276762605,small,68.44229217110573,12.546360320682469,12.546360320682469,False,True,center,False,FN,contrast_up_115,False,,,0,,,0.0,0.0,contrast alpha=1.15
E:\TJGY\MinPaper\MyAutoAugument\outputs\datasets\tiled\tiled_1024_ov20_full_safe_no_ok_position\images\val\2025-10-11-06-43-38ps5_tile_0004.jpg,7,碰伤,"[785.0004272460938, 780.9996948242188, 939.9992065429688, 1000.9999389648438]",34099.76928681135,medium,53.30431085043988,18.205265879869607,18.205265879869607,True,True,corner,False,FN,contrast_up_115,False,,,,,,0.0,0.0,contrast alpha=1.15
E:\TJGY\MinPaper\MyAutoAugument\outputs\datasets\tiled\tiled_1024_ov20_full_safe_no_ok_position\images\val\2025-10-11-06-43-38ps5_tile_0009.jpg,7,碰伤,"[833.00146484375, 496.00048828125, 952.00048828125, 672.00048828125]",20943.828125,medium,53.00940603514133,15.966843311164997,15.966843311164997,True,True,edge,False,FN,contrast_up_115,False,,,9,,,0.0,0.0,contrast alpha=1.15
E:\TJGY\MinPaper\MyAutoAugument\outputs\datasets\tiled\tiled_1024_ov20_full_safe_no_ok_position\images\val\2025-10-11-06-43-38ps5_tile_0012.jpg,1,OK3,"[825.0009765625, 564.000732421875, 944.9993896484375, 625.9998779296875]",7439.799073621631,small,60.81760752688172,12.480530501060455,12.480530501060455,False,True,edge,False,FN,contrast_up_115,True,0.9261435270309448,0.252577543258667,1,,,0.9261435270309448,0.252577543258667,contrast alpha=1.15
E:\TJGY\MinPaper\MyAutoAugument\outputs\datasets\tiled\tiled_1024_ov20_full_safe_no_ok_position\images\val\2025-10-11-06-43-38ps5_tile_0013.jpg,1,OK3,"[6.001659393310547, 564.000732421875, 126.0001220703125, 625.9998779296875]",7439.802148225252,small,60.82231182795699,12.474237409818958,12.474237409818958,False,True,edge,False,FN,contrast_up_115,True,0.8662165999412537,0.35072022676467896,1,,,0.8662165999412537,0.35072022676467896,contrast alpha=1.15
E:\TJGY\MinPaper\MyAutoAugument\outputs\datasets\tiled\tiled_1024_ov20_full_safe_no_ok_position\images\val\2025-10-11-06-43-38ps5_tile_0014.jpg,7,碰伤,"[833.00146484375, 437.000732421875, 952.00048828125, 613.000732421875]",20943.828125,medium,53.00868983957219,15.957455759330232,15.957455759330232,True,True,edge,False,FN,contrast_up_115,False,,,,,,0.0,0.0,contrast alpha=1.15
E:\TJGY\MinPaper\MyAutoAugument\outputs\datasets\tiled\tiled_1024_ov20_full_safe_no_ok_position\images\val\2025-10-17-13-38-05ps5_NGyuan_tile_0002.jpg,8,脏污,"[97.9993667602539, 625.00146484375, 315.999755859375, 758.0006103515625]",28993.86547055375,medium,92.81903152376354,27.81747796575795,27.81747796575795,False,False,center,False,FN,contrast_up_115,False,,,,,,0.0,0.0,contrast alpha=1.15
E:\TJGY\MinPaper\MyAutoAugument\outputs\datasets\tiled\tiled_1024_ov20_full_safe_no_ok_position\images\val\2025-10-17-15-21-16ps5_NGyuan_tile_0001.jpg,7,碰伤,"[370.9992980957031, 653.0001831054688, 397.9980773925781, 676.9996948242188]",647.9575201272964,tiny,76.18672839506173,7.7350419033912425,7.7350419033912425,False,True,center,False,FN,contrast_up_115,False,0.0,0.7675908207893372,7,0.0,0.711706280708313,0.0,0.05588454008102417,contrast alpha=1.15
E:\TJGY\MinPaper\MyAutoAugument\outputs\datasets\tiled\tiled_1024_ov20_full_safe_no_ok_position\images\val\2025-10-17-15-21-16ps5_NGyuan_tile_0005.jpg,7,碰伤,"[891.9987182617188, 703.99951171875, 935.9989624023438, 729.9998779296875]",1144.022461026907,small,82.23076923076923,6.091169014871003,6.091169014871003,False,True,edge,False,FN,contrast_up_115,False,,,,,,0.0,0.0,contrast alpha=1.15
E:\TJGY\MinPaper\MyAutoAugument\outputs\datasets\tiled\tiled_1024_ov20_full_safe_no_ok_position\images\val\2025-10-17-15-21-16ps5_NGyuan_tile_0010.jpg,7,碰伤,"[891.9987182617188, 644.9996948242188, 935.9989624023438, 671.0000610351562]",1144.022461026907,small,82.25961538461539,6.116146679218979,6.116146679218979,False,True,edge,False,FN,contrast_up_115,False,,,,,,0.0,0.0,contrast alpha=1.15
E:\TJGY\MinPaper\MyAutoAugument\outputs\datasets\tiled\tiled_1024_ov20_full_safe_no_ok_position\images\val\2025-10-17-15-21-16ps5_NGyuan_tile_0011.jpg,7,碰伤,"[72.99839782714844, 644.9996948242188, 116.9986572265625, 671.0000610351562]",1144.0228577610105,small,82.26923076923077,6.0766575138929095,6.0766575138929095,False,True,edge,False,FN,contrast_up_115,False,,,,,,0.0,0.0,contrast alpha=1.15
E:\TJGY\MinPaper\MyAutoAugument\outputs\datasets\tiled\tiled_1024_ov20_full_safe_no_ok_position\images\val\2025-10-22-13-52-23ps5_NGyuan_tile_0007.jpg,12,锡膏,"[213.9990997314453, 268.9996643066406, 273.9983215332031, 304.9994201660156]",2159.957336615771,small,210.7685185185185,35.23007881570474,35.23007881570474,False,False,center,False,FN,contrast_up_115,False,,,0,,,0.0,0.0,contrast alpha=1.15
E:\TJGY\MinPaper\MyAutoAugument\outputs\datasets\tiled\tiled_1024_ov20_full_safe_no_ok_position\images\val\2025-10-22-13-52-23ps5_NGyuan_tile_0012.jpg,12,锡膏,"[213.9990997314453, 209.99986267089844, 273.9983215332031, 245.99961853027344]",2159.957336615771,small,210.7699074074074,35.20862849305262,35.20862849305262,False,False,center,False,FN,contrast_up_115,False,,,0,,,0.0,0.0,contrast alpha=1.15
E:\TJGY\MinPaper\MyAutoAugument\outputs\datasets\tiled\tiled_1024_ov20_full_safe_no_ok_position\images\val\2025-10-31-03-46-08ps5_NGyuan_tile_0006.jpg,5,浅划伤,"[213.99911499023438, 679.99951171875, 291.0008239746094, 736.0]",4312.133301615715,small,87.8409090909091,9.498692220750025,9.498692220750025,False,True,center,False,FN,contrast_up_115,False,,,7,,,0.0,0.0,contrast alpha=1.15
E:\TJGY\MinPaper\MyAutoAugument\outputs\datasets\tiled\tiled_1024_ov20_full_safe_no_ok_position\images\val\2025-10-31-03-46-08ps5_NGyuan_tile_0011.jpg,5,浅划伤,"[213.99911499023438, 620.9996948242188, 291.0008239746094, 677.0001831054688]",4312.133301615715,small,87.8471706864564,9.498318929995587,9.498318929995587,False,True,center,False,FN,contrast_up_115,False,,,7,,,0.0,0.0,contrast alpha=1.15
E:\TJGY\MinPaper\MyAutoAugument\outputs\datasets\tiled\tiled_1024_ov20_full_safe_no_ok_position\images\val\2025-11-01-14-42-20ps5_NGyuan_tile_0003.jpg,7,碰伤,"[500.000244140625, 899.999755859375, 605.9996337890625, 977.00048828125]",8162.030639201403,small,50.66172506738545,18.150312464313096,18.150312464313096,True,True,edge,False,FN,contrast_up_115,False,0.0,0.8470003604888916,7,0.0,0.7693948745727539,0.0,0.0776054859161377,contrast alpha=1.15
E:\TJGY\MinPaper\MyAutoAugument\outputs\datasets\tiled\tiled_1024_ov20_full_safe_no_ok_position\images\val\2025-11-01-14-42-20ps5_NGyuan_tile_0004.jpg,7,碰伤,"[384.99993896484375, 899.999755859375, 490.999267578125, 977.00048828125]",8162.025939449668,small,50.65645675079637,18.16103435712057,18.16103435712057,True,True,edge,False,FN,contrast_up_115,False,,,,,,0.0,0.0,contrast alpha=1.15
E:\TJGY\MinPaper\MyAutoAugument\outputs\datasets\tiled\tiled_1024_ov20_full_safe_no_ok_position\images\val\2025-11-01-14-42-20ps5_NGyuan_tile_0005.jpg,7,碰伤,"[372.0007629394531, 847.9994506835938, 434.9992980957031, 944.9999389648438]",6110.888671159744,small,73.78972344951727,10.3877121956301,10.3877121956301,False,True,edge,False,FN,contrast_up_115,False,,,,,,0.0,0.0,contrast alpha=1.15
E:\TJGY\MinPaper\MyAutoAugument\outputs\datasets\tiled\tiled_1024_ov20_full_safe_no_ok_position\images\val\2025-11-01-14-42-20ps5_NGyuan_tile_0008.jpg,7,碰伤,"[594.0014038085938, 581.9996337890625, 643.0007934570312, 670.99951171875]",4360.939697340131,small,61.634716808071545,8.350099978877372,8.350099978877372,False,True,center,False,FN,contrast_up_115,False,,,9,,,0.0,0.0,contrast alpha=1.15
E:\TJGY\MinPaper\MyAutoAugument\outputs\datasets\tiled\tiled_1024_ov20_full_safe_no_ok_position\images\val\2025-11-01-14-42-20ps5_NGyuan_tile_0008.jpg,7,碰伤,"[342.998046875, 683.0003051757812, 490.998779296875, 816.9999389648438]",19832.04394504428,medium,46.13816054860831,9.892181567104181,9.892181567104181,True,True,center,False,FN,contrast_up_115,False,,,9,,,0.0,0.0,contrast alpha=1.15
E:\TJGY\MinPaper\MyAutoAugument\outputs\datasets\tiled\tiled_1024_ov20_full_safe_no_ok_position\images\val\2025-11-01-14-42-20ps5_NGyuan_tile_0008.jpg,7,碰伤,"[500.000244140625, 80.99942779541016, 605.9996337890625, 158.0001220703125]",8162.026595645584,small,50.6691987258025,18.166714261311874,18.166714261311874,True,True,edge,False,FN,contrast_up_115,False,,,9,,,0.0,0.0,contrast alpha=1.15
E:\TJGY\MinPaper\MyAutoAugument\outputs\datasets\tiled\tiled_1024_ov20_full_safe_no_ok_position\images\val\2025-11-01-14-42-20ps5_NGyuan_tile_0009.jpg,7,碰伤,"[479.0010681152344, 581.9996337890625, 528.00048828125, 670.99951171875]",4360.942413400859,small,61.649163036000914,8.381732074677439,8.381732074677439,False,True,center,False,FN,contrast_up_115,False,0.0,0.3275828957557678,7,0.0,0.36237359046936035,0.0,-0.03479069471359253,contrast alpha=1.15
E:\TJGY\MinPaper\MyAutoAugument\outputs\datasets\tiled\tiled_1024_ov20_full_safe_no_ok_position\images\val\2025-11-01-14-42-20ps5_NGyuan_tile_0009.jpg,7,碰伤,"[384.99993896484375, 80.99942779541016, 490.999267578125, 158.0001220703125]",8162.021895896178,small,50.65853957363392,18.18350789983095,18.18350789983095,True,True,edge,False,FN,contrast_up_115,False,0.0,0.3275828957557678,7,0.0,0.36237359046936035,0.0,-0.03479069471359253,contrast alpha=1.15
E:\TJGY\MinPaper\MyAutoAugument\outputs\datasets\tiled\tiled_1024_ov20_full_safe_no_ok_position\images\val\2025-11-01-14-42-20ps5_NGyuan_tile_0010.jpg,7,碰伤,"[372.0007629394531, 788.9986572265625, 434.9992980957031, 885.9991455078125]",6110.888671159744,small,73.77974144984454,10.409780498474799,10.409780498474799,False,True,edge,False,FN,contrast_up_115,False,,,,,,0.0,0.0,contrast alpha=1.15
E:\TJGY\MinPaper\MyAutoAugument\outputs\datasets\tiled\tiled_1024_ov20_full_safe_no_ok_position\images\val\2025-11-01-14-42-20ps5_NGyuan_tile_0013.jpg,7,碰伤,"[594.0014038085938, 522.998779296875, 643.0007934570312, 611.998779296875]",4360.9456787109375,small,61.65099747764274,8.370885904884908,8.370885904884908,False,True,center,False,FN,contrast_up_115,False,0.0,0.5918591618537903,7,0.0,0.5604667067527771,0.0,0.031392455101013184,contrast alpha=1.15
E:\TJGY\MinPaper\MyAutoAugument\outputs\datasets\tiled\tiled_1024_ov20_full_safe_no_ok_position\images\val\2025-11-01-14-42-20ps5_NGyuan_tile_0013.jpg,7,碰伤,"[500.000244140625, 21.999618530273438, 605.9996337890625, 99.00032043457031]",8162.027404356748,small,50.657926978681694,18.16755758235728,18.16755758235728,True,True,edge,False,FN,contrast_up_115,False,0.0,0.5918591618537903,7,0.0,0.5604667067527771,0.0,0.031392455101013184,contrast alpha=1.15
E:\TJGY\MinPaper\MyAutoAugument\outputs\datasets\tiled\tiled_1024_ov20_full_safe_no_ok_position\images\val\2025-11-01-14-42-20ps5_NGyuan_tile_0014.jpg,7,碰伤,"[384.99993896484375, 21.999618530273438, 490.999267578125, 99.00032043457031]",8162.022704606876,small,50.65290370007351,18.163884330448102,18.163884330448102,True,True,edge,False,FN,contrast_up_115,False,0.0,0.5065451860427856,7,0.0,0.48193860054016113,0.0,0.02460658550262451,contrast alpha=1.15
E:\TJGY\MinPaper\MyAutoAugument\outputs\datasets\tiled\tiled_1024_ov20_full_safe_no_ok_position\images\val\2025-11-12-16-33-42ps5_NGyuan_tile_0006.jpg,7,碰伤,"[650.998291015625, 6.000639915466309, 692.000244140625, 24.999935150146484]",779.0082126203924,tiny,77.55198973042361,16.23695860274999,16.23695860274999,False,True,edge,False,FN,contrast_up_115,True,0.8911459445953369,0.5433902740478516,7,,,0.8911459445953369,0.5433902740478516,contrast alpha=1.15
E:\TJGY\MinPaper\MyAutoAugument\outputs\datasets\tiled\tiled_1024_ov20_full_safe_no_ok_position\images\val\2229344f-2025-05-09-18-28-13ps5_tile_0002.jpg,10,锡丝残留,"[425.9978332519531, 917.0001831054688, 709.9991455078125, 974.9995727539062]",16471.902770195156,medium,51.756313744536186,28.19032209028167,28.19032209028167,True,False,edge,False,FN,contrast_up_115,False,,,,,,0.0,0.0,contrast alpha=1.15
E:\TJGY\MinPaper\MyAutoAugument\outputs\datasets\tiled\tiled_1024_ov20_full_safe_no_ok_position\images\val\2229344f-2025-05-09-18-28-13ps5_tile_0007.jpg,10,锡丝残留,"[425.9978332519531, 97.99987030029297, 709.9991455078125, 155.99923706054688]",16471.89626992098,medium,51.75728508984944,28.200555790248156,28.200555790248156,True,False,edge,False,FN,contrast_up_115,False,,,12,,,0.0,0.0,contrast alpha=1.15
E:\TJGY\MinPaper\MyAutoAugument\outputs\datasets\tiled\tiled_1024_ov20_full_safe_no_ok_position\images\val\a91db891-2025-04-13-11-39-07ps5_tile_0002.jpg,7,碰伤,"[374.00115966796875, 808.00048828125, 396.00177001953125, 816.0]",175.99414032697678,tiny,29.619318181818183,9.131456096604467,9.131456096604467,True,True,center,False,FN,contrast_up_115,False,0.0,0.6456910967826843,7,0.0,0.6018717288970947,0.0,0.0438193678855896,contrast alpha=1.15
E:\TJGY\MinPaper\MyAutoAugument\outputs\datasets\tiled\tiled_1024_ov20_full_safe_no_ok_position\images\val\a91db891-2025-04-13-11-39-07ps5_tile_0004.jpg,7,碰伤,"[334.0006408691406, 957.9996337890625, 346.0008850097656, 973.9996337890625]",192.00390625,tiny,33.760416666666664,13.989761726338381,13.989761726338381,True,True,edge,False,FN,contrast_up_115,False,,,,,,0.0,0.0,contrast alpha=1.15
E:\TJGY\MinPaper\MyAutoAugument\outputs\datasets\tiled\tiled_1024_ov20_full_safe_no_ok_position\images\val\a91db891-2025-04-13-11-39-07ps5_tile_0006.jpg,7,碰伤,"[373.99859619140625, 880.9999389648438, 439.00006103515625, 896.9999389648438]",1040.0234375,tiny,39.90480769230769,16.103558372940746,16.103558372940746,True,True,edge,False,FN,contrast_up_115,False,0.0,0.30045685172080994,7,0.0,0.2767678499221802,0.0,0.02368900179862976,contrast alpha=1.15
E:\TJGY\MinPaper\MyAutoAugument\outputs\datasets\tiled\tiled_1024_ov20_full_safe_no_ok_position\images\val\a91db891-2025-04-13-11-39-07ps5_tile_0009.jpg,7,碰伤,"[334.0006408691406, 138.99929809570312, 346.0008850097656, 154.99929809570312]",192.00390625,tiny,33.739583333333336,13.970388917029316,13.970388917029316,True,True,edge,False,FN,contrast_up_115,False,,,,,,0.0,0.0,contrast alpha=1.15
E:\TJGY\MinPaper\MyAutoAugument\outputs\datasets\tiled\tiled_1024_ov20_full_safe_no_ok_position\images\val\a91db891-2025-04-13-11-39-07ps5_tile_0014.jpg,7,碰伤,"[334.0006408691406, 79.9994888305664, 346.0008850097656, 95.9994888305664]",192.00390625,tiny,33.786458333333336,13.92319796682012,13.92319796682012,True,True,edge,False,FN,contrast_up_115,False,,,,,,0.0,0.0,contrast alpha=1.15
E:\TJGY\MinPaper\MyAutoAugument\outputs\datasets\tiled\tiled_1024_ov20_full_safe_no_ok_position\images\val\ce0d1787-2025-04-25-11-20-04ps5_NGyuan_tile_0007.jpg,12,锡膏,"[463.99896240234375, 184.99891662597656, 601.9993286132812, 294.9990539550781]",15180.059234669432,medium,116.9655467720685,31.009908507174064,31.009908507174064,False,False,center,False,FN,contrast_up_115,False,,,,,,0.0,0.0,contrast alpha=1.15
E:\TJGY\MinPaper\MyAutoAugument\outputs\datasets\tiled\tiled_1024_ov20_full_safe_no_ok_position\images\val\ce0d1787-2025-04-25-11-20-04ps5_NGyuan_tile_0012.jpg,12,锡膏,"[463.99896240234375, 125.99909973144531, 601.9993286132812, 235.9992218017578]",15180.057128950953,medium,116.96752305665349,31.00227688190202,31.00227688190202,False,False,edge,False,FN,contrast_up_115,False,,,,,,0.0,0.0,contrast alpha=1.15
E:\TJGY\MinPaper\MyAutoAugument\outputs\datasets\tiled\tiled_1024_ov20_full_safe_no_ok_position\images\val\105acebc-2025-05-09-18-24-19ps5_tile_0000.jpg,7,碰伤,"[912.9993896484375, 569.9989013671875, 931.0013427734375, 578.998779296875]",162.01538062095642,tiny,33.98765432098765,11.577429966155993,11.577429966155993,True,True,edge,False,FN,contrast_up_130,False,0.2913205921649933,0.9473792314529419,7,0.3009812533855438,0.9500972628593445,-0.009660661220550537,-0.002718031406402588,contrast alpha=1.3
E:\TJGY\MinPaper\MyAutoAugument\outputs\datasets\tiled\tiled_1024_ov20_full_safe_no_ok_position\images\val\13d91ebd-2025-04-13-11-32-17ps5_tile_0010.jpg,7,碰伤,"[525.0022583007812, 711.0015869140625, 550.0011596679688, 735.0010986328125]",599.9614263176918,tiny,31.981666666666666,9.476884010873803,9.476884010873803,True,True,center,False,FN,contrast_up_130,False,0.0,0.8557806015014648,7,0.0,0.837761402130127,0.0,0.01801919937133789,contrast alpha=1.3
E:\TJGY\MinPaper\MyAutoAugument\outputs\datasets\tiled\tiled_1024_ov20_full_safe_no_ok_position\images\val\182e7d02-2025-04-22-16-40-10ps5_NGyuan_tile_0001.jpg,7,碰伤,"[494.002197265625, 576.0, 531.0013427734375, 586.0003662109375]",370.0050045698881,tiny,40.229729729729726,15.822279277922496,15.822279277922496,True,True,center,False,FN,contrast_up_130,False,0.0,0.8642492294311523,7,0.0,0.8648220896720886,0.0,-0.0005728602409362793,contrast alpha=1.3
E:\TJGY\MinPaper\MyAutoAugument\outputs\datasets\tiled\tiled_1024_ov20_full_safe_no_ok_position\images\val\182e7d02-2025-04-22-16-40-10ps5_NGyuan_tile_0007.jpg,12,锡膏,"[311.99896240234375, 112.99890899658203, 425.9998779296875, 240.99993896484375]",14592.2346048248,medium,80.68414199561404,25.61158079643109,25.61158079643109,False,False,edge,False,FN,contrast_up_130,False,,,1,,,0.0,0.0,contrast alpha=1.3
E:\TJGY\MinPaper\MyAutoAugument\outputs\datasets\tiled\tiled_1024_ov20_full_safe_no_ok_position\images\val\2025-05-10-15-39-23ps5_tile_0007.jpg,4,油污,"[15.00006103515625, 628.000244140625, 304.99993896484375, 725.000732421875]",28130.129760682583,medium,54.22619978670458,15.326970402266443,15.326970402266443,True,True,edge,False,FN,contrast_up_130,False,0.14716611802577972,0.6565927267074585,4,0.1353103369474411,0.5343640446662903,0.011855781078338623,0.12222868204116821,contrast alpha=1.3
E:\TJGY\MinPaper\MyAutoAugument\outputs\datasets\tiled\tiled_1024_ov20_full_safe_no_ok_position\images\val\2025-05-10-15-39-23ps5_tile_0012.jpg,4,油污,"[15.00006103515625, 569.0004272460938, 304.99993896484375, 666.0009155273438]",28130.129760682583,medium,54.22321365090651,15.3365902471285,15.3365902471285,True,True,edge,False,FN,contrast_up_130,False,0.19572803378105164,0.8477913737297058,4,0.14986126124858856,0.9171929359436035,0.045866772532463074,-0.0694015622138977,contrast alpha=1.3
E:\TJGY\MinPaper\MyAutoAugument\outputs\datasets\tiled\tiled_1024_ov20_full_safe_no_ok_position\images\val\2025-05-10-15-40-40ps5_tile_0005.jpg,4,油污,"[359.9989929199219, 440.0005187988281, 402.0003967285156, 532.0007934570312]",3864.140686420724,small,34.52329192546584,26.149523784041858,26.149523784041858,True,False,center,False,FN,contrast_up_130,False,,,7,,,0.0,0.0,contrast alpha=1.3
E:\TJGY\MinPaper\MyAutoAugument\outputs\datasets\tiled\tiled_1024_ov20_full_safe_no_ok_position\images\val\2025-05-10-15-40-40ps5_tile_0006.jpg,4,油污,"[66.00038146972656, 801.9993286132812, 299.999755859375, 866.9998168945312]",15210.073592834175,medium,28.58500986193294,14.81777230950077,14.81777230950077,True,True,corner,False,FN,contrast_up_130,False,,,,,,0.0,0.0,contrast alpha=1.3
E:\TJGY\MinPaper\MyAutoAugument\outputs\datasets\tiled\tiled_1024_ov20_full_safe_no_ok_position\images\val\2025-05-10-15-40-40ps5_tile_0007.jpg,6,漏背锡,"[551.99951171875, 300.00128173828125, 830.99853515625, 412.000244140625]",31247.601136267185,medium,87.3754160266257,51.00135128257115,51.00135128257115,False,False,center,False,FN,contrast_up_130,False,,,,,,0.0,0.0,contrast alpha=1.3
E:\TJGY\MinPaper\MyAutoAugument\outputs\datasets\tiled\tiled_1024_ov20_full_safe_no_ok_position\images\val\2025-05-10-15-40-40ps5_tile_0010.jpg,4,油污,"[359.9989929199219, 380.99969482421875, 402.0003967285156, 472.99993896484375]",3864.1394046396017,small,34.53933747412008,26.137962230065977,26.137962230065977,True,False,center,False,FN,contrast_up_130,False,,,,,,0.0,0.0,contrast alpha=1.3
E:\TJGY\MinPaper\MyAutoAugument\outputs\datasets\tiled\tiled_1024_ov20_full_safe_no_ok_position\images\val\2025-05-10-15-40-40ps5_tile_0010.jpg,4,油污,"[357.00018310546875, 160.0, 403.999755859375, 267.9992370605469]",5075.917999593541,small,44.630220646178095,27.09347754794195,27.09347754794195,True,False,center,False,FN,contrast_up_130,False,,,,,,0.0,0.0,contrast alpha=1.3
E:\TJGY\MinPaper\MyAutoAugument\outputs\datasets\tiled\tiled_1024_ov20_full_safe_no_ok_position\images\val\2025-05-10-15-40-40ps5_tile_0012.jpg,6,漏背锡,"[551.99951171875, 241.00146484375, 830.99853515625, 353.00042724609375]",31247.601136267185,medium,87.37426395289299,51.00970071261489,51.00970071261489,False,False,center,False,FN,contrast_up_130,False,,,,,,0.0,0.0,contrast alpha=1.3
E:\TJGY\MinPaper\MyAutoAugument\outputs\datasets\tiled\tiled_1024_ov20_full_safe_no_ok_position\images\val\2025-05-16-16-13-18ps5_tile_0006.jpg,3,开裂,"[632.9978637695312, 607.0006103515625, 825.9993286132812, 713.0009765625]",20458.22595268488,medium,54.9853358099521,35.48760494371061,35.48760494371061,True,False,center,False,FN,contrast_up_130,False,,,8,,,0.0,0.0,contrast alpha=1.3
E:\TJGY\MinPaper\MyAutoAugument\outputs\datasets\tiled\tiled_1024_ov20_full_safe_no_ok_position\images\val\2025-05-16-16-13-18ps5_tile_0006.jpg,7,碰伤,"[877.9985961914062, 616.00048828125, 898.9998168945312, 624.0]",167.99951112270355,tiny,36.892857142857146,13.2718982181497,13.2718982181497,True,True,edge,False,FN,contrast_up_130,False,,,8,,,0.0,0.0,contrast alpha=1.3
E:\TJGY\MinPaper\MyAutoAugument\outputs\datasets\tiled\tiled_1024_ov20_full_safe_no_ok_position\images\val\2025-05-16-16-13-18ps5_tile_0007.jpg,7,碰伤,"[234.0009002685547, 616.0005493164062, 269.00018310546875, 626.0009155273438]",350.00564548932016,tiny,35.331428571428575,10.488572596022816,10.488572596022816,True,True,center,False,FN,contrast_up_130,False,,,,,,0.0,0.0,contrast alpha=1.3
E:\TJGY\MinPaper\MyAutoAugument\outputs\datasets\tiled\tiled_1024_ov20_full_safe_no_ok_position\images\val\2025-05-16-16-13-18ps5_tile_0011.jpg,3,开裂,"[632.9978637695312, 548.0007934570312, 825.9993286132812, 654.0011596679688]",20458.22595268488,medium,54.97976341773389,35.4759722846913,35.4759722846913,True,False,center,False,FN,contrast_up_130,False,,,8,,,0.0,0.0,contrast alpha=1.3
E:\TJGY\MinPaper\MyAutoAugument\outputs\datasets\tiled\tiled_1024_ov20_full_safe_no_ok_position\images\val\2025-05-16-16-13-18ps5_tile_0012.jpg,7,碰伤,"[234.0009002685547, 557.000732421875, 269.00018310546875, 567.0010986328125]",350.00564548932016,tiny,35.25714285714286,10.521658905441146,10.521658905441146,True,True,center,False,FN,contrast_up_130,False,0.0,0.6725709438323975,7,0.0,0.7078184485435486,0.0,-0.03524750471115112,contrast alpha=1.3
E:\TJGY\MinPaper\MyAutoAugument\outputs\datasets\tiled\tiled_1024_ov20_full_safe_no_ok_position\images\val\2025-05-16-16-19-14ps5_tile_0008.jpg,9,轮廓划伤,"[520.9989624023438, 608.0, 567.9984741210938, 710.0006103515625]",4793.978881537914,small,38.24238631622862,9.342376873848142,9.342376873848142,True,True,center,False,FN,contrast_up_130,False,0.0,0.8972116112709045,9,0.0,0.9271972179412842,0.0,-0.02998560667037964,contrast alpha=1.3
E:\TJGY\MinPaper\MyAutoAugument\outputs\datasets\tiled\tiled_1024_ov20_full_safe_no_ok_position\images\val\2025-05-16-16-19-14ps5_tile_0009.jpg,9,轮廓划伤,"[405.99859619140625, 608.0, 452.9981689453125, 710.0006103515625]",4793.985107161105,small,38.23091364205256,9.312466003703815,9.312466003703815,True,True,center,False,FN,contrast_up_130,False,,,1,0.0,0.6587848663330078,0.0,-0.6587848663330078,contrast alpha=1.3
E:\TJGY\MinPaper\MyAutoAugument\outputs\datasets\tiled\tiled_1024_ov20_full_safe_no_ok_position\images\val\2025-05-16-16-19-14ps5_tile_0013.jpg,9,轮廓划伤,"[520.9989624023438, 549.0001831054688, 567.9984741210938, 651.0007934570312]",4793.978881537914,small,38.23967459324155,9.34134155542688,9.34134155542688,True,True,center,False,FN,contrast_up_130,False,0.0,0.5586851239204407,9,0.0,0.7647011280059814,0.0,-0.20601600408554077,contrast alpha=1.3
E:\TJGY\MinPaper\MyAutoAugument\outputs\datasets\tiled\tiled_1024_ov20_full_safe_no_ok_position\images\val\2025-05-16-16-19-14ps5_tile_0014.jpg,9,轮廓划伤,"[405.99859619140625, 549.0001831054688, 452.9981689453125, 651.0007934570312]",4793.985107161105,small,38.253650396328744,9.366384219178354,9.366384219178354,True,True,center,False,FN,contrast_up_130,False,0.0,0.34329259395599365,9,0.0,0.770592987537384,0.0,-0.4273003935813904,contrast alpha=1.3
E:\TJGY\MinPaper\MyAutoAugument\outputs\datasets\tiled\tiled_1024_ov20_full_safe_no_ok_position\images\val\2025-05-16-16-24-29ps5_tile_0003.jpg,8,脏污,"[76.99866485595703, 511.0010681152344, 273.9978332519531, 560.00048828125]",9652.845024591079,small,42.01906143167927,14.004625823723606,14.004625823723606,True,True,edge,False,FN,contrast_up_130,False,,,,,,0.0,0.0,contrast alpha=1.3
E:\TJGY\MinPaper\MyAutoAugument\outputs\datasets\tiled\tiled_1024_ov20_full_safe_no_ok_position\images\val\2025-05-16-16-24-46ps5_tile_0000.jpg,8,脏污,"[506.998291015625, 682.9998168945312, 540.9981689453125, 719.9989624023438]",1257.9664307683706,small,64.9785373608903,29.119271484492103,29.119271484492103,False,False,center,False,FN,contrast_up_130,False,0.016290538012981415,0.3779109716415405,8,0.00951562449336052,0.5130482316017151,0.006774913519620895,-0.13513725996017456,contrast alpha=1.3
E:\TJGY\MinPaper\MyAutoAugument\outputs\datasets\tiled\tiled_1024_ov20_full_safe_no_ok_position\images\val\2025-05-16-17-11-45ps5_tile_0000.jpg,7,碰伤,"[498.998779296875, 856.9999389648438, 522.998291015625, 880.0010375976562]",552.0151361823082,tiny,56.77355072463768,27.305792964522016,27.305792964522016,True,False,edge,False,FN,contrast_up_130,False,0.0,0.31441983580589294,7,,,0.0,0.31441983580589294,contrast alpha=1.3
E:\TJGY\MinPaper\MyAutoAugument\outputs\datasets\tiled\tiled_1024_ov20_full_safe_no_ok_position\images\val\2025-05-16-17-11-45ps5_tile_0005.jpg,7,碰伤,"[498.998779296875, 38.000640869140625, 522.998291015625, 61.00172424316406]",552.0147699788213,tiny,56.75,27.3048245192857,27.3048245192857,True,False,edge,False,FN,contrast_up_130,False,0.0,0.6985973715782166,7,0.0,0.8368571400642395,0.0,-0.13825976848602295,contrast alpha=1.3
E:\TJGY\MinPaper\MyAutoAugument\outputs\datasets\tiled\tiled_1024_ov20_full_safe_no_ok_position\images\val\2025-05-16-17-11-45ps5_tile_0006.jpg,4,油污,"[90.00088500976562, 603.0003051757812, 226.00140380859375, 634.9993286132812]",4351.8837885558605,small,35.973805147058826,14.415089668580242,14.415089668580242,True,True,edge,False,FN,contrast_up_130,False,0.0,0.9815793037414551,4,0.0,0.9706906676292419,0.0,0.010888636112213135,contrast alpha=1.3
E:\TJGY\MinPaper\MyAutoAugument\outputs\datasets\tiled\tiled_1024_ov20_full_safe_no_ok_position\images\val\2025-05-16-17-11-45ps5_tile_0007.jpg,4,油污,"[63.00160217285156, 655.0005493164062, 455.0010986328125, 732.0012817382812]",30184.24833642319,medium,36.6937781606149,14.713793279782761,14.713793279782761,True,True,center,False,FN,contrast_up_130,False,,,12,,,0.0,0.0,contrast alpha=1.3
E:\TJGY\MinPaper\MyAutoAugument\outputs\datasets\tiled\tiled_1024_ov20_full_safe_no_ok_position\images\val\2025-05-16-17-11-45ps5_tile_0011.jpg,4,油污,"[90.00088500976562, 544.00048828125, 226.00140380859375, 575.99951171875]",4351.8837885558605,small,35.9967830882353,14.42663325257906,14.42663325257906,True,True,edge,False,FN,contrast_up_130,False,0.0,0.5849104523658752,4,0.0,0.4782649278640747,0.0,0.10664552450180054,contrast alpha=1.3
E:\TJGY\MinPaper\MyAutoAugument\outputs\datasets\tiled\tiled_1024_ov20_full_safe_no_ok_position\images\val\2025-05-16-17-11-45ps5_tile_0011.jpg,7,碰伤,"[514.9993286132812, 555.0008544921875, 544.0010375976562, 570.0003662109375]",435.01147377491,tiny,47.777011494252875,10.270297549656902,10.270297549656902,True,True,center,False,FN,contrast_up_130,False,0.0,0.8840082287788391,7,0.0,0.8992533087730408,0.0,-0.01524507999420166,contrast alpha=1.3
E:\TJGY\MinPaper\MyAutoAugument\outputs\datasets\tiled\tiled_1024_ov20_full_safe_no_ok_position\images\val\2025-05-16-17-11-45ps5_tile_0012.jpg,4,油污,"[63.00160217285156, 596.000732421875, 455.0010986328125, 673.00146484375]",30184.24833642319,medium,36.6912602703419,14.718103705245113,14.718103705245113,True,True,center,False,FN,contrast_up_130,False,,,12,,,0.0,0.0,contrast alpha=1.3
E:\TJGY\MinPaper\MyAutoAugument\outputs\datasets\tiled\tiled_1024_ov20_full_safe_no_ok_position\images\val\2025-05-19-17-19-55ps5_NGyuan_tile_0003.jpg,9,轮廓划伤,"[356.9981384277344, 562.0003662109375, 386.9992980957031, 649.9998779296875]",2640.087401777506,small,30.10909090909091,8.369963022124741,8.369963022124741,True,True,center,False,FN,contrast_up_130,False,0.0,0.9415087699890137,9,0.0,0.9622868895530701,0.0,-0.020778119564056396,contrast alpha=1.3
E:\TJGY\MinPaper\MyAutoAugument\outputs\datasets\tiled\tiled_1024_ov20_full_safe_no_ok_position\images\val\2025-05-19-17-19-55ps5_NGyuan_tile_0003.jpg,7,碰伤,"[495.0010681152344, 654.0001220703125, 527.0020751953125, 715.999267578125]",1984.0350943543017,small,20.97328629032258,8.269392657632261,8.269392657632261,True,True,center,False,FN,contrast_up_130,False,,,9,,,0.0,0.0,contrast alpha=1.3
E:\TJGY\MinPaper\MyAutoAugument\outputs\datasets\tiled\tiled_1024_ov20_full_safe_no_ok_position\images\val\2025-05-19-17-19-55ps5_NGyuan_tile_0004.jpg,9,轮廓划伤,"[292.0018005371094, 645.9990844726562, 317.0017395019531, 696.9994506835938]",1275.006042458117,small,29.054901960784314,10.289463747254985,10.289463747254985,True,True,center,False,FN,contrast_up_130,False,,,7,,,0.0,0.0,contrast alpha=1.3
E:\TJGY\MinPaper\MyAutoAugument\outputs\datasets\tiled\tiled_1024_ov20_full_safe_no_ok_position\images\val\2025-05-19-17-19-55ps5_NGyuan_tile_0004.jpg,9,轮廓划伤,"[241.99783325195312, 562.0003662109375, 271.9989929199219, 649.9998779296875]",2640.087401777506,small,30.121969696969696,8.38199562549089,8.38199562549089,True,True,center,False,FN,contrast_up_130,False,,,7,,,0.0,0.0,contrast alpha=1.3
E:\TJGY\MinPaper\MyAutoAugument\outputs\datasets\tiled\tiled_1024_ov20_full_safe_no_ok_position\images\val\2025-05-19-17-19-55ps5_NGyuan_tile_0007.jpg,9,轮廓划伤,"[956.9996948242188, 613.9996337890625, 984.9978637695312, 679.0010986328125]",1819.9219943881035,small,48.77582417582418,12.206612697693961,12.206612697693961,True,True,edge,False,FN,contrast_up_130,False,,,12,,,0.0,0.0,contrast alpha=1.3
E:\TJGY\MinPaper\MyAutoAugument\outputs\datasets\tiled\tiled_1024_ov20_full_safe_no_ok_position\images\val\2025-05-19-17-19-55ps5_NGyuan_tile_0008.jpg,9,轮廓划伤,"[137.99935913085938, 613.9996337890625, 165.99755859375, 679.0010986328125]",1819.923978075385,small,48.792307692307695,12.231321087833361,12.231321087833361,True,True,edge,False,FN,contrast_up_130,False,,,1,,,0.0,0.0,contrast alpha=1.3
E:\TJGY\MinPaper\MyAutoAugument\outputs\datasets\tiled\tiled_1024_ov20_full_safe_no_ok_position\images\val\2025-05-19-17-19-55ps5_NGyuan_tile_0009.jpg,9,轮廓划伤,"[23.000064849853516, 613.9996337890625, 50.99827194213867, 679.0010986328125]",1819.9244739972055,small,48.74230769230769,12.227561694967093,12.227561694967093,True,True,edge,False,FN,contrast_up_130,False,,,,,,0.0,0.0,contrast alpha=1.3
E:\TJGY\MinPaper\MyAutoAugument\outputs\datasets\tiled\tiled_1024_ov20_full_safe_no_ok_position\images\val\2025-05-19-17-19-55ps5_NGyuan_tile_0012.jpg,9,轮廓划伤,"[956.9996948242188, 554.9998168945312, 984.9978637695312, 620.0012817382812]",1819.9219943881035,small,48.77967032967033,12.216918727241366,12.216918727241366,True,True,edge,False,FN,contrast_up_130,False,,,12,,,0.0,0.0,contrast alpha=1.3
E:\TJGY\MinPaper\MyAutoAugument\outputs\datasets\tiled\tiled_1024_ov20_full_safe_no_ok_position\images\val\2025-05-19-17-19-55ps5_NGyuan_tile_0014.jpg,9,轮廓划伤,"[23.000064849853516, 554.9998168945312, 50.99827194213867, 620.0012817382812]",1819.9244739972055,small,48.76978021978022,12.244454629850441,12.244454629850441,True,True,edge,False,FN,contrast_up_130,False,,,7,,,0.0,0.0,contrast alpha=1.3
E:\TJGY\MinPaper\MyAutoAugument\outputs\datasets\tiled\tiled_1024_ov20_full_safe_no_ok_position\images\val\2025-05-25-09-48-32ps5_NGyuan_tile_0002.jpg,7,碰伤,"[986.998779296875, 777.0004272460938, 1023.9979248046875, 804.9996948242188]",1035.9489752352238,tiny,44.560810810810814,13.456176866691457,13.456176866691457,True,True,edge,True,FN,contrast_up_130,False,,,,,,0.0,0.0,contrast alpha=1.3
E:\TJGY\MinPaper\MyAutoAugument\outputs\datasets\tiled\tiled_1024_ov20_full_safe_no_ok_position\images\val\2025-05-25-09-48-32ps5_NGyuan_tile_0012.jpg,6,漏背锡,"[379.99920654296875, 354.99981689453125, 444.00128173828125, 413.9996337890625]",3776.110717393458,small,95.13241525423729,63.08038109358812,63.08038109358812,False,False,center,False,FN,contrast_up_130,False,0.0,0.7701325416564941,6,0.0,0.7506036162376404,0.0,0.01952892541885376,contrast alpha=1.3
E:\TJGY\MinPaper\MyAutoAugument\outputs\datasets\tiled\tiled_1024_ov20_full_safe_no_ok_position\images\val\2025-05-26-06-14-31ps5_NGyuan_tile_0012.jpg,12,锡膏,"[282.9997863769531, 2.0003814697265625, 432.9994201660156, 178.00038146972656]",26399.935546875,medium,126.07378787878788,42.335938356921595,42.335938356921595,False,False,edge,False,FN,contrast_up_130,False,,,8,,,0.0,0.0,contrast alpha=1.3
E:\TJGY\MinPaper\MyAutoAugument\outputs\datasets\tiled\tiled_1024_ov20_full_safe_no_ok_position\images\val\2025-05-26-06-26-47ps5_NGyuan_tile_0002.jpg,7,碰伤,"[829.001708984375, 832.9989013671875, 845.000732421875, 854.99951171875]",351.98828065395355,tiny,47.50568181818182,17.70705340942459,17.70705340942459,True,True,corner,False,FN,contrast_up_130,False,0.1153721883893013,0.5421631336212158,7,0.11938972771167755,0.4774206876754761,-0.004017539322376251,0.06474244594573975,contrast alpha=1.3
E:\TJGY\MinPaper\MyAutoAugument\outputs\datasets\tiled\tiled_1024_ov20_full_safe_no_ok_position\images\val\2025-05-26-06-26-47ps5_NGyuan_tile_0003.jpg,7,碰伤,"[10.001408576965332, 832.9989013671875, 26.000385284423828, 854.99951171875]",351.9872525645187,tiny,47.51988636363637,17.69645097921654,17.69645097921654,True,True,corner,False,FN,contrast_up_130,False,0.09484659880399704,0.31565871834754944,7,0.1084621399641037,0.29860982298851013,-0.013615541160106659,0.017048895359039307,contrast alpha=1.3
E:\TJGY\MinPaper\MyAutoAugument\outputs\datasets\tiled\tiled_1024_ov20_full_safe_no_ok_position\images\val\2025-05-26-06-26-47ps5_NGyuan_tile_0007.jpg,7,碰伤,"[829.001708984375, 13.998592376708984, 845.000732421875, 35.99923324584961]",351.98876890540123,tiny,47.5625,17.655689351517054,17.655689351517054,True,True,corner,False,FN,contrast_up_130,False,0.0,0.7029033899307251,7,0.0,0.808347761631012,0.0,-0.10544437170028687,contrast alpha=1.3
E:\TJGY\MinPaper\MyAutoAugument\outputs\datasets\tiled\tiled_1024_ov20_full_safe_no_ok_position\images\val\2025-05-26-06-26-47ps5_NGyuan_tile_0008.jpg,7,碰伤,"[12.001280784606934, 65.0009536743164, 28.000255584716797, 93.00019073486328]",447.9590881539916,tiny,42.59375,17.59439227449839,17.59439227449839,True,True,corner,False,FN,contrast_up_130,False,0.0,0.3153267204761505,7,,,0.0,0.3153267204761505,contrast alpha=1.3
E:\TJGY\MinPaper\MyAutoAugument\outputs\datasets\tiled\tiled_1024_ov20_full_safe_no_ok_position\images\val\2025-05-26-06-26-47ps5_NGyuan_tile_0008.jpg,7,碰伤,"[10.001408576965332, 13.998592376708984, 26.000385284423828, 35.99923324584961]",351.9877408145403,tiny,47.49147727272727,17.715072424336388,17.715072424336388,True,True,corner,False,FN,contrast_up_130,False,0.0,0.3153267204761505,7,,,0.0,0.3153267204761505,contrast alpha=1.3
E:\TJGY\MinPaper\MyAutoAugument\outputs\datasets\tiled\tiled_1024_ov20_full_safe_no_ok_position\images\val\2025-05-26-06-26-47ps5_NGyuan_tile_0013.jpg,7,碰伤,"[12.001280784606934, 6.001152992248535, 28.000255584716797, 34.00038528442383]",447.95901186493484,tiny,42.60267857142857,17.57834991352709,17.57834991352709,True,True,corner,False,FN,contrast_up_130,False,,,,,,0.0,0.0,contrast alpha=1.3
E:\TJGY\MinPaper\MyAutoAugument\outputs\datasets\tiled\tiled_1024_ov20_full_safe_no_ok_position\images\val\2025-05-27-23-28-53ps5_NGyuan_tile_0004.jpg,7,碰伤,"[10.999809265136719, 484.99969482421875, 38.998016357421875, 495.99847412109375]",307.94610051624477,tiny,30.376623376623378,15.92640457304751,15.92640457304751,True,True,edge,False,FN,contrast_up_130,False,,,,,,0.0,0.0,contrast alpha=1.3
E:\TJGY\MinPaper\MyAutoAugument\outputs\datasets\tiled\tiled_1024_ov20_full_safe_no_ok_position\images\val\2025-05-27-23-28-53ps5_NGyuan_tile_0007.jpg,8,脏污,"[483.0003356933594, 140.00025939941406, 576.9994506835938, 275.00030517578125]",12689.884826619644,medium,71.34160756501183,37.9463373440113,37.9463373440113,False,False,center,False,FN,contrast_up_130,False,,,,,,0.0,0.0,contrast alpha=1.3
E:\TJGY\MinPaper\MyAutoAugument\outputs\datasets\tiled\tiled_1024_ov20_full_safe_no_ok_position\images\val\2025-05-27-23-28-53ps5_NGyuan_tile_0012.jpg,8,脏污,"[483.0003356933594, 80.99942016601562, 576.9994506835938, 215.99948120117188]",12689.886260932311,medium,71.33664302600472,37.935428798887585,37.935428798887585,False,False,edge,False,FN,contrast_up_130,False,,,,,,0.0,0.0,contrast alpha=1.3
E:\TJGY\MinPaper\MyAutoAugument\outputs\datasets\tiled\tiled_1024_ov20_full_safe_no_ok_position\images\val\2025-06-05-10-27-17ps5_NGyuan_tile_0012.jpg,8,脏污,"[315.9997253417969, 621.0001831054688, 515.9981689453125, 694.9995727539062]",14799.762757297605,medium,71.54310810810811,26.766541358300476,26.766541358300476,False,False,center,False,FN,contrast_up_130,True,0.921509325504303,0.5886256098747253,8,,,0.921509325504303,0.5886256098747253,contrast alpha=1.3
E:\TJGY\MinPaper\MyAutoAugument\outputs\datasets\tiled\tiled_1024_ov20_full_safe_no_ok_position\images\val\2025-06-05-16-10-10ps5_NGyuan_tile_0000.jpg,5,浅划伤,"[682.9993286132812, 681.0009155273438, 724.0012817382812, 743.0000610351562]",2542.0860579013824,small,48.75177025963808,23.1536479006427,23.1536479006427,True,False,center,False,FN,contrast_up_130,False,,,9,,,0.0,0.0,contrast alpha=1.3
E:\TJGY\MinPaper\MyAutoAugument\outputs\datasets\tiled\tiled_1024_ov20_full_safe_no_ok_position\images\val\2025-06-05-16-10-10ps5_NGyuan_tile_0007.jpg,12,锡膏,"[315.0023498535156, 396.9991760253906, 366.0006408691406, 461.9996032714844]",3314.9107048362494,small,136.19939668174962,49.85802830098024,49.85802830098024,False,False,center,False,FN,contrast_up_130,False,0.0,0.5278230309486389,12,0.0,0.7593369483947754,0.0,-0.23151391744613647,contrast alpha=1.3
E:\TJGY\MinPaper\MyAutoAugument\outputs\datasets\tiled\tiled_1024_ov20_full_safe_no_ok_position\images\val\2025-06-05-16-10-10ps5_NGyuan_tile_0012.jpg,12,锡膏,"[315.0023498535156, 337.9993591308594, 366.0006408691406, 402.9997863769531]",3314.9107048362494,small,136.1867269984917,49.83113994876743,49.83113994876743,False,False,center,False,FN,contrast_up_130,False,,,1,,,0.0,0.0,contrast alpha=1.3
E:\TJGY\MinPaper\MyAutoAugument\outputs\datasets\tiled\tiled_1024_ov20_full_safe_no_ok_position\images\val\2025-06-06-01-33-39ps5_NGyuan_tile_0002.jpg,7,碰伤,"[816.9998779296875, 579.0008544921875, 859.0013427734375, 620.000732421875]",1722.054931461811,small,39.79094076655052,14.073490922084895,14.073490922084895,True,True,edge,False,FN,contrast_up_130,False,0.0,0.5633556842803955,7,0.0,0.5680842399597168,0.0,-0.004728555679321289,contrast alpha=1.3
E:\TJGY\MinPaper\MyAutoAugument\outputs\datasets\tiled\tiled_1024_ov20_full_safe_no_ok_position\images\val\2025-06-06-01-33-39ps5_NGyuan_tile_0003.jpg,7,碰伤,"[0.0, 579.0008544921875, 40.00153732299805, 620.000732421875]",1640.0581472427584,small,39.94634146341463,14.091756759408304,14.091756759408304,True,True,edge,True,FN,contrast_up_130,False,0.0,0.8543561100959778,7,0.0,0.8766747713088989,0.0,-0.022318661212921143,contrast alpha=1.3
E:\TJGY\MinPaper\MyAutoAugument\outputs\datasets\tiled\tiled_1024_ov20_full_safe_no_ok_position\images\val\2025-06-06-02-05-24ps5_NGyuan_tile_0002.jpg,4,油污,"[645.9990844726562, 631.0000610351562, 688.0005493164062, 698.9998168945312]",2856.089355111122,small,24.981442577030812,10.342625088307651,10.342625088307651,True,True,center,False,FN,contrast_up_130,False,,,7,,,0.0,0.0,contrast alpha=1.3
E:\TJGY\MinPaper\MyAutoAugument\outputs\datasets\tiled\tiled_1024_ov20_full_safe_no_ok_position\images\val\2025-06-06-14-52-09ps5_NGyuan_tile_0007.jpg,6,漏背锡,"[223.00006103515625, 270.0001220703125, 468.9986572265625, 337.9998779296875]",16727.8444827646,medium,91.79441654710665,57.06993327056747,57.06993327056747,False,False,center,False,FN,contrast_up_130,False,0.0,0.964259684085846,6,0.0,0.9697856307029724,0.0,-0.005525946617126465,contrast alpha=1.3
E:\TJGY\MinPaper\MyAutoAugument\outputs\datasets\tiled\tiled_1024_ov20_full_safe_no_ok_position\images\val\2025-06-06-14-52-09ps5_NGyuan_tile_0012.jpg,6,漏背锡,"[223.00006103515625, 211.00033569335938, 468.9986572265625, 279.00006103515625]",16727.836975483224,medium,91.79632950741272,57.0763629572775,57.0763629572775,False,False,center,False,FN,contrast_up_130,False,0.0,0.9575023055076599,6,0.0,0.9665181040763855,0.0,-0.009015798568725586,contrast alpha=1.3
E:\TJGY\MinPaper\MyAutoAugument\outputs\datasets\tiled\tiled_1024_ov20_full_safe_no_ok_position\images\val\2025-06-07-10-52-02ps5_NGyuan_tile_0007.jpg,12,锡膏,"[405.000732421875, 214.0011444091797, 530.0014038085938, 398.0006103515625]",23000.056777595542,medium,124.37534782608695,27.617660246438557,27.617660246438557,False,False,center,False,FN,contrast_up_130,False,,,6,,,0.0,0.0,contrast alpha=1.3
E:\TJGY\MinPaper\MyAutoAugument\outputs\datasets\tiled\tiled_1024_ov20_full_safe_no_ok_position\images\val\2025-06-07-10-52-02ps5_NGyuan_tile_0007.jpg,7,碰伤,"[491.0008239746094, 661.0001831054688, 518.9990234375, 671.0005493164062]",279.99224787577987,tiny,44.128571428571426,14.02617087403954,14.02617087403954,True,True,center,False,FN,contrast_up_130,False,,,6,,,0.0,0.0,contrast alpha=1.3
E:\TJGY\MinPaper\MyAutoAugument\outputs\datasets\tiled\tiled_1024_ov20_full_safe_no_ok_position\images\val\2025-06-07-10-52-02ps5_NGyuan_tile_0012.jpg,12,锡膏,"[405.000732421875, 155.0013427734375, 530.0014038085938, 339.0008239746094]",23000.05868495442,medium,124.38108695652174,27.613535411985193,27.613535411985193,False,False,center,False,FN,contrast_up_130,False,,,6,,,0.0,0.0,contrast alpha=1.3
E:\TJGY\MinPaper\MyAutoAugument\outputs\datasets\tiled\tiled_1024_ov20_full_safe_no_ok_position\images\val\2025-06-07-10-52-02ps5_NGyuan_tile_0012.jpg,7,碰伤,"[491.0008239746094, 601.9993896484375, 518.9990234375, 611.999755859375]",279.99224787577987,tiny,44.15714285714286,14.149341947632067,14.149341947632067,True,True,center,False,FN,contrast_up_130,False,,,6,,,0.0,0.0,contrast alpha=1.3
E:\TJGY\MinPaper\MyAutoAugument\outputs\datasets\tiled\tiled_1024_ov20_full_safe_no_ok_position\images\val\2025-06-07-14-43-50ps5_NGyuan_tile_0007.jpg,8,脏污,"[868.9996948242188, 696.00048828125, 923.0003051757812, 792.00048828125]",5184.05859375,small,55.714506172839506,18.48999494396198,18.48999494396198,True,True,edge,False,FN,contrast_up_130,False,,,4,,,0.0,0.0,contrast alpha=1.3
E:\TJGY\MinPaper\MyAutoAugument\outputs\datasets\tiled\tiled_1024_ov20_full_safe_no_ok_position\images\val\2025-06-07-14-43-50ps5_NGyuan_tile_0007.jpg,8,脏污,"[481.0009460449219, 664.9999389648438, 644.9996337890625, 700.0003051757812]",5740.014129158109,small,62.34198606271777,23.746416129226407,23.746416129226407,False,False,center,False,FN,contrast_up_130,False,,,1,,,0.0,0.0,contrast alpha=1.3
E:\TJGY\MinPaper\MyAutoAugument\outputs\datasets\tiled\tiled_1024_ov20_full_safe_no_ok_position\images\val\2025-06-07-14-43-50ps5_NGyuan_tile_0012.jpg,8,脏污,"[481.0009460449219, 605.9990844726562, 644.9996337890625, 640.9994506835938]",5740.014129158109,small,62.34128919860627,23.7636240565938,23.7636240565938,False,False,center,False,FN,contrast_up_130,False,0.0,0.8155732750892639,8,0.0,0.4562271237373352,0.0,0.3593461513519287,contrast alpha=1.3
E:\TJGY\MinPaper\MyAutoAugument\outputs\datasets\tiled\tiled_1024_ov20_full_safe_no_ok_position\images\val\2025-06-07-15-42-24ps5_NGyuan_tile_0002.jpg,8,脏污,"[183.00006103515625, 464.0, 275.999755859375, 541.000732421875]",7161.044616475701,small,69.0078201368524,36.994660186155414,36.994660186155414,False,False,center,False,FN,contrast_up_130,False,,,4,,,0.0,0.0,contrast alpha=1.3
E:\TJGY\MinPaper\MyAutoAugument\outputs\datasets\tiled\tiled_1024_ov20_full_safe_no_ok_position\images\val\2025-06-07-15-42-24ps5_NGyuan_tile_0007.jpg,8,脏污,"[163.0013427734375, 529.0004272460938, 293.9996032714844, 589.0006713867188]",7859.927611880004,small,73.14211195928753,33.43959702171577,33.43959702171577,False,False,center,False,FN,contrast_up_130,False,,,1,,,0.0,0.0,contrast alpha=1.3
E:\TJGY\MinPaper\MyAutoAugument\outputs\datasets\tiled\tiled_1024_ov20_full_safe_no_ok_position\images\val\2025-06-07-15-42-24ps5_NGyuan_tile_0012.jpg,8,脏污,"[163.0013427734375, 470.0006408691406, 293.9996032714844, 530.0009155273438]",7859.931609629653,small,73.14427480916031,33.442560974377976,33.442560974377976,False,False,center,False,FN,contrast_up_130,False,0.0,0.30387499928474426,8,0.0,0.49067533016204834,0.0,-0.18680033087730408,contrast alpha=1.3
E:\TJGY\MinPaper\MyAutoAugument\outputs\datasets\tiled\tiled_1024_ov20_full_safe_no_ok_position\images\val\2025-06-07-16-21-50ps5_NGyuan_tile_0007.jpg,8,脏污,"[150.99903869628906, 744.0005493164062, 569.997314453125, 780.9996948242188]",15502.57817224972,medium,53.16080758562859,24.52833672514371,24.52833672514371,True,False,center,False,FN,contrast_up_130,True,0.6286137104034424,0.4451417922973633,8,,,0.6286137104034424,0.4451417922973633,contrast alpha=1.3
E:\TJGY\MinPaper\MyAutoAugument\outputs\datasets\tiled\tiled_1024_ov20_full_safe_no_ok_position\images\val\2025-06-07-16-21-50ps5_NGyuan_tile_0012.jpg,8,脏污,"[150.99903869628906, 684.9996948242188, 569.997314453125, 721.9988403320312]",15502.57817224972,medium,53.15261562278269,24.522838338374772,24.522838338374772,True,False,center,False,FN,contrast_up_130,False,,,1,,,0.0,0.0,contrast alpha=1.3
E:\TJGY\MinPaper\MyAutoAugument\outputs\datasets\tiled\tiled_1024_ov20_full_safe_no_ok_position\images\val\2025-06-11-19-13-20ps5_NGyuan_tile_0007.jpg,12,锡膏,"[520.9984130859375, 422.9995422363281, 563.999267578125, 485.9991149902344]",2709.035461060703,small,106.23661867847915,31.704531348378858,31.704531348378858,False,False,center,False,FN,contrast_up_130,False,,,5,,,0.0,0.0,contrast alpha=1.3
E:\TJGY\MinPaper\MyAutoAugument\outputs\datasets\tiled\tiled_1024_ov20_full_safe_no_ok_position\images\val\2025-06-11-19-13-20ps5_NGyuan_tile_0007.jpg,5,浅划伤,"[532.0012817382812, 837.0006713867188, 539.0023803710938, 861.0001831054688]",168.0229486823082,tiny,83.0952380952381,39.93972215596513,39.93972215596513,False,False,edge,False,FN,contrast_up_130,False,0.0,0.5428919196128845,5,0.0,0.5088472962379456,0.0,0.034044623374938965,contrast alpha=1.3
E:\TJGY\MinPaper\MyAutoAugument\outputs\datasets\tiled\tiled_1024_ov20_full_safe_no_ok_position\images\val\2025-06-11-19-13-20ps5_NGyuan_tile_0012.jpg,12,锡膏,"[520.9984130859375, 363.9997253417969, 563.999267578125, 426.9992980957031]",2709.035461060703,small,106.20708748615725,31.71080344255586,31.71080344255586,False,False,center,False,FN,contrast_up_130,False,,,5,,,0.0,0.0,contrast alpha=1.3
E:\TJGY\MinPaper\MyAutoAugument\outputs\datasets\tiled\tiled_1024_ov20_full_safe_no_ok_position\images\val\2025-06-14-16-53-39ps5_tile_0005.jpg,9,轮廓划伤,"[906.0018920898438, 573.000244140625, 930.0014038085938, 678.0001220703125]",2519.9458008408546,small,53.296031746031744,20.445661241887965,20.445661241887965,True,False,edge,False,FN,contrast_up_130,True,0.6904956698417664,0.2576117515563965,9,,,0.6904956698417664,0.2576117515563965,contrast alpha=1.3
E:\TJGY\MinPaper\MyAutoAugument\outputs\datasets\tiled\tiled_1024_ov20_full_safe_no_ok_position\images\val\2025-06-14-16-53-39ps5_tile_0006.jpg,9,轮廓划伤,"[87.00160217285156, 573.000244140625, 111.00108337402344, 678.0001220703125]",2519.942596498877,small,53.294444444444444,20.435161906666547,20.435161906666547,True,False,edge,False,FN,contrast_up_130,False,,,,,,0.0,0.0,contrast alpha=1.3
E:\TJGY\MinPaper\MyAutoAugument\outputs\datasets\tiled\tiled_1024_ov20_full_safe_no_ok_position\images\val\2025-06-14-16-53-39ps5_tile_0007.jpg,12,锡膏,"[611.9992065429688, 262.0001220703125, 701.0001831054688, 328.99945068359375]",5963.00567561388,small,101.16149589132986,37.46798170128969,37.46798170128969,False,False,center,False,FN,contrast_up_130,False,,,6,,,0.0,0.0,contrast alpha=1.3
E:\TJGY\MinPaper\MyAutoAugument\outputs\datasets\tiled\tiled_1024_ov20_full_safe_no_ok_position\images\val\2025-06-14-16-53-39ps5_tile_0012.jpg,12,锡膏,"[611.9992065429688, 203.0003204345703, 701.0001831054688, 269.9996337890625]",5963.004317566752,small,101.14522891162167,37.44445544128088,37.44445544128088,False,False,center,False,FN,contrast_up_130,False,,,6,,,0.0,0.0,contrast alpha=1.3
E:\TJGY\MinPaper\MyAutoAugument\outputs\datasets\tiled\tiled_1024_ov20_full_safe_no_ok_position\images\val\2025-06-18-06-39-05ps5_NGyuan_tile_0007.jpg,8,脏污,"[646.9990234375, 797.0001831054688, 813.9970703125, 840.0010375976562]",7181.058714151382,small,55.6344520261802,24.735676710958952,24.735676710958952,True,False,center,False,FN,contrast_up_130,False,,,6,,,0.0,0.0,contrast alpha=1.3
E:\TJGY\MinPaper\MyAutoAugument\outputs\datasets\tiled\tiled_1024_ov20_full_safe_no_ok_position\images\val\2025-06-18-06-39-05ps5_NGyuan_tile_0007.jpg,8,脏污,"[742.9995727539062, 691.0003662109375, 796.0007934570312, 720.0]",1537.0159907639027,small,52.819128171763175,23.727055041545608,23.727055041545608,True,False,center,False,FN,contrast_up_130,False,,,6,,,0.0,0.0,contrast alpha=1.3
E:\TJGY\MinPaper\MyAutoAugument\outputs\datasets\tiled\tiled_1024_ov20_full_safe_no_ok_position\images\val\2025-06-18-06-39-05ps5_NGyuan_tile_0012.jpg,8,脏污,"[646.9990234375, 737.9993286132812, 813.9970703125, 781.0001831054688]",7181.058714151382,small,55.635705333519006,24.722098374748796,24.722098374748796,True,False,center,False,FN,contrast_up_130,False,,,6,,,0.0,0.0,contrast alpha=1.3
E:\TJGY\MinPaper\MyAutoAugument\outputs\datasets\tiled\tiled_1024_ov20_full_safe_no_ok_position\images\val\2025-06-18-06-39-05ps5_NGyuan_tile_0012.jpg,8,脏污,"[742.9995727539062, 632.0005493164062, 796.0007934570312, 661.0001831054688]",1537.0159907639027,small,52.82173064411191,23.741110094534566,23.741110094534566,True,False,center,False,FN,contrast_up_130,False,,,6,,,0.0,0.0,contrast alpha=1.3
E:\TJGY\MinPaper\MyAutoAugument\outputs\datasets\tiled\tiled_1024_ov20_full_safe_no_ok_position\images\val\2025-06-28-00-58-48ps5_NGyuan_tile_0006.jpg,7,碰伤,"[860.0012817382812, 736.0010375976562, 887.9994506835938, 751.0005493164062]",419.9588631987572,tiny,58.654761904761905,26.507723064913893,26.507723064913893,True,False,edge,False,FN,contrast_up_130,False,0.0,0.5671798586845398,7,0.0,0.6023921370506287,0.0,-0.03521227836608887,contrast alpha=1.3
E:\TJGY\MinPaper\MyAutoAugument\outputs\datasets\tiled\tiled_1024_ov20_full_safe_no_ok_position\images\val\2025-06-28-00-58-48ps5_NGyuan_tile_0007.jpg,7,碰伤,"[41.00096130371094, 736.0010375976562, 68.9991683959961, 751.0005493164062]",419.95943538472056,tiny,58.62619047619047,26.560995028727742,26.560995028727742,True,False,edge,False,FN,contrast_up_130,False,,,10,,,0.0,0.0,contrast alpha=1.3
E:\TJGY\MinPaper\MyAutoAugument\outputs\datasets\tiled\tiled_1024_ov20_full_safe_no_ok_position\images\val\2025-06-28-00-58-48ps5_NGyuan_tile_0011.jpg,7,碰伤,"[860.0012817382812, 677.001220703125, 887.9994506835938, 692.000732421875]",419.9588631987572,tiny,58.63095238095238,26.613181375072283,26.613181375072283,True,False,edge,False,FN,contrast_up_130,True,0.8313468098640442,0.4114657938480377,7,,,0.8313468098640442,0.4114657938480377,contrast alpha=1.3
E:\TJGY\MinPaper\MyAutoAugument\outputs\datasets\tiled\tiled_1024_ov20_full_safe_no_ok_position\images\val\2025-06-28-00-58-48ps5_NGyuan_tile_0012.jpg,7,碰伤,"[41.00096130371094, 677.001220703125, 68.9991683959961, 692.000732421875]",419.95943538472056,tiny,58.62380952380953,26.58994447892455,26.58994447892455,True,False,edge,False,FN,contrast_up_130,False,,,1,,,0.0,0.0,contrast alpha=1.3
E:\TJGY\MinPaper\MyAutoAugument\outputs\datasets\tiled\tiled_1024_ov20_full_safe_no_ok_position\images\val\2025-06-28-07-30-46ps5_NGyuan_tile_0011.jpg,7,碰伤,"[370.9992980957031, 788.000732421875, 395.9992370605469, 801.00146484375]",325.01751704514027,tiny,57.65538461538461,8.878219342763774,8.878219342763774,True,True,center,False,FN,contrast_up_130,False,,,,,,0.0,0.0,contrast alpha=1.3
E:\TJGY\MinPaper\MyAutoAugument\outputs\datasets\tiled\tiled_1024_ov20_full_safe_no_ok_position\images\val\2025-06-29-08-27-16ps5_NGyuan_tile_0000.jpg,7,碰伤,"[871.0021362304688, 658.0004272460938, 918.0016479492188, 671.0000610351562]",610.9764406085014,tiny,55.761047463175125,12.578598256206332,12.578598256206332,True,True,edge,False,FN,contrast_up_130,False,0.0,0.9542346596717834,7,0.0,0.9341381192207336,0.0,0.020096540451049805,contrast alpha=1.3
E:\TJGY\MinPaper\MyAutoAugument\outputs\datasets\tiled\tiled_1024_ov20_full_safe_no_ok_position\images\val\2025-06-29-08-27-16ps5_NGyuan_tile_0001.jpg,7,碰伤,"[52.001792907714844, 658.0004272460938, 99.00135040283203, 671.0000610351562]",610.9770356845111,tiny,55.741407528641574,12.561673869036001,12.561673869036001,True,True,edge,False,FN,contrast_up_130,False,,,9,,,0.0,0.0,contrast alpha=1.3
E:\TJGY\MinPaper\MyAutoAugument\outputs\datasets\tiled\tiled_1024_ov20_full_safe_no_ok_position\images\val\2025-06-29-08-27-16ps5_NGyuan_tile_0007.jpg,6,漏背锡,"[618.999267578125, 306.0003967285156, 836.000244140625, 432.0005187988281]",27342.14953625202,medium,104.82481164508815,65.53607339766639,65.53607339766639,False,False,center,False,FN,contrast_up_130,False,,,12,,,0.0,0.0,contrast alpha=1.3
E:\TJGY\MinPaper\MyAutoAugument\outputs\datasets\tiled\tiled_1024_ov20_full_safe_no_ok_position\images\val\2025-06-29-08-27-16ps5_NGyuan_tile_0012.jpg,6,漏背锡,"[618.999267578125, 247.00057983398438, 836.000244140625, 373.0007019042969]",27342.14953625202,medium,104.82283666154633,65.53497091198456,65.53497091198456,False,False,center,False,FN,contrast_up_130,False,,,12,,,0.0,0.0,contrast alpha=1.3
E:\TJGY\MinPaper\MyAutoAugument\outputs\datasets\tiled\tiled_1024_ov20_full_safe_no_ok_position\images\val\2025-07-13-20-08-46ps5_NGyuan_tile_0007.jpg,7,碰伤,"[928.0010375976562, 9.999872207641602, 975.0005493164062, 28.000768661499023]",846.0333438310772,tiny,54.854609929078016,14.40297763660568,14.40297763660568,True,True,corner,False,FN,contrast_up_130,False,0.0,0.2896636128425598,7,,,0.0,0.2896636128425598,contrast alpha=1.3
E:\TJGY\MinPaper\MyAutoAugument\outputs\datasets\tiled\tiled_1024_ov20_full_safe_no_ok_position\images\val\2025-07-13-20-08-46ps5_NGyuan_tile_0007.jpg,11,锡尖,"[421.001220703125, 619.9987182617188, 494.99957275390625, 666.9993286132812]",3477.9677113965154,small,123.09488211615871,65.90531720864378,65.90531720864378,False,False,center,False,FN,contrast_up_130,False,0.0,0.989421010017395,11,0.0,0.9944475889205933,0.0,-0.005026578903198242,contrast alpha=1.3
E:\TJGY\MinPaper\MyAutoAugument\outputs\datasets\tiled\tiled_1024_ov20_full_safe_no_ok_position\images\val\2025-07-13-20-08-46ps5_NGyuan_tile_0008.jpg,7,碰伤,"[109.0017318725586, 9.999872207641602, 156.00128173828125, 28.000768661499023]",846.034030510782,tiny,54.892434988179666,14.35571448989137,14.35571448989137,True,True,corner,False,FN,contrast_up_130,False,,,,,,0.0,0.0,contrast alpha=1.3
E:\TJGY\MinPaper\MyAutoAugument\outputs\datasets\tiled\tiled_1024_ov20_full_safe_no_ok_position\images\val\2025-07-13-20-08-46ps5_NGyuan_tile_0008.jpg,1,OK3,"[3.9976959228515625, 835.999755859375, 160.99942016601562, 889.9993896484375]",8478.035613382235,small,36.99728709601321,7.181065191702025,7.181065191702025,True,True,corner,False,FN,contrast_up_130,False,,,,,,0.0,0.0,contrast alpha=1.3
E:\TJGY\MinPaper\MyAutoAugument\outputs\datasets\tiled\tiled_1024_ov20_full_safe_no_ok_position\images\val\2025-07-13-20-08-46ps5_NGyuan_tile_0012.jpg,11,锡尖,"[421.001220703125, 560.9989013671875, 494.99957275390625, 607.99951171875]",3477.9677113965154,small,123.08539390454284,65.88729036054909,65.88729036054909,False,False,center,False,FN,contrast_up_130,False,0.0,0.9973324537277222,11,0.0,0.9976463913917542,0.0,-0.0003139376640319824,contrast alpha=1.3
E:\TJGY\MinPaper\MyAutoAugument\outputs\datasets\tiled\tiled_1024_ov20_full_safe_no_ok_position\images\val\2025-07-13-20-08-46ps5_NGyuan_tile_0013.jpg,1,OK3,"[3.9976959228515625, 776.9999389648438, 160.99942016601562, 830.9995727539062]",8478.035613382235,small,37.001179523472516,7.193464342911849,7.193464342911849,True,True,edge,False,FN,contrast_up_130,False,,,,,,0.0,0.0,contrast alpha=1.3
E:\TJGY\MinPaper\MyAutoAugument\outputs\datasets\tiled\tiled_1024_ov20_full_safe_no_ok_position\images\val\2025-07-14-19-29-20ps5_tile_0007.jpg,7,碰伤,"[916.0017700195312, -0.0005116462707519531, 937.0020141601562, 11.999744415283203]",252.00830704264808,tiny,30.4484126984127,7.5693432870978965,7.5693432870978965,True,True,corner,True,FN,contrast_up_130,False,,,11,,,0.0,0.0,contrast alpha=1.3
E:\TJGY\MinPaper\MyAutoAugument\outputs\datasets\tiled\tiled_1024_ov20_full_safe_no_ok_position\images\val\2025-07-14-19-29-20ps5_tile_0008.jpg,7,碰伤,"[97.00147247314453, -0.0005116462707519531, 118.00167083740234, 11.999744415283203]",252.00775771452027,tiny,30.48015873015873,7.472409779402671,7.472409779402671,True,True,corner,True,FN,contrast_up_130,False,,,,,,0.0,0.0,contrast alpha=1.3
E:\TJGY\MinPaper\MyAutoAugument\outputs\datasets\tiled\tiled_1024_ov20_full_safe_no_ok_position\images\val\2025-07-21-20-56-48ps5_NGyuan_tile_0000.jpg,7,碰伤,"[873.9989013671875, 906.0003662109375, 905.9998779296875, 920.00048828125]",448.0175782442093,tiny,74.57589285714286,14.53255425351571,14.53255425351571,False,True,corner,False,FN,contrast_up_130,False,,,,,,0.0,0.0,contrast alpha=1.3
E:\TJGY\MinPaper\MyAutoAugument\outputs\datasets\tiled\tiled_1024_ov20_full_safe_no_ok_position\images\val\2025-07-21-20-56-48ps5_NGyuan_tile_0001.jpg,7,碰伤,"[54.99852752685547, 906.0003662109375, 86.99954986572266, 920.00048828125]",448.01821911893785,tiny,74.62946428571429,14.538318447621059,14.538318447621059,False,True,corner,False,FN,contrast_up_130,False,,,,,,0.0,0.0,contrast alpha=1.3
E:\TJGY\MinPaper\MyAutoAugument\outputs\datasets\tiled\tiled_1024_ov20_full_safe_no_ok_position\images\val\2025-07-21-20-56-48ps5_NGyuan_tile_0005.jpg,7,碰伤,"[873.9989013671875, 87.00006866455078, 905.9998779296875, 101.00019073486328]",448.0175782442093,tiny,74.60714285714286,14.57989512433936,14.57989512433936,False,True,corner,False,FN,contrast_up_130,False,,,,,,0.0,0.0,contrast alpha=1.3
E:\TJGY\MinPaper\MyAutoAugument\outputs\datasets\tiled\tiled_1024_ov20_full_safe_no_ok_position\images\val\2025-07-21-20-56-48ps5_NGyuan_tile_0006.jpg,7,碰伤,"[54.99852752685547, 87.00006866455078, 86.99954986572266, 101.00019073486328]",448.01821911893785,tiny,74.55357142857143,14.568397356285017,14.568397356285017,False,True,corner,False,FN,contrast_up_130,False,,,,,,0.0,0.0,contrast alpha=1.3
E:\TJGY\MinPaper\MyAutoAugument\outputs\datasets\tiled\tiled_1024_ov20_full_safe_no_ok_position\images\val\2025-07-21-20-56-48ps5_NGyuan_tile_0010.jpg,7,碰伤,"[873.9989013671875, 28.000255584716797, 905.9998779296875, 42.00038528442383]",448.01782239228487,tiny,74.62276785714286,14.539604761639193,14.539604761639193,False,True,corner,False,FN,contrast_up_130,False,,,,,,0.0,0.0,contrast alpha=1.3
E:\TJGY\MinPaper\MyAutoAugument\outputs\datasets\tiled\tiled_1024_ov20_full_safe_no_ok_position\images\val\2025-07-21-20-56-48ps5_NGyuan_tile_0011.jpg,7,碰伤,"[54.99852752685547, 28.000255584716797, 86.99954986572266, 42.00038528442383]",448.0184632673627,tiny,74.55357142857143,14.558128121010444,14.558128121010444,False,True,corner,False,FN,contrast_up_130,False,,,,,,0.0,0.0,contrast alpha=1.3
E:\TJGY\MinPaper\MyAutoAugument\outputs\datasets\tiled\tiled_1024_ov20_full_safe_no_ok_position\images\val\2025-08-01-18-25-43ps5_NGyuan_tile_0005.jpg,7,碰伤,"[543.9989624023438, 789.001708984375, 570.9977416992188, 800.00048828125]",296.9536147713661,tiny,67.12121212121212,12.43429009826994,12.43429009826994,False,True,center,False,FN,contrast_up_130,False,,,,,,0.0,0.0,contrast alpha=1.3
E:\TJGY\MinPaper\MyAutoAugument\outputs\datasets\tiled\tiled_1024_ov20_full_safe_no_ok_position\images\val\2025-08-01-18-25-43ps5_NGyuan_tile_0010.jpg,7,碰伤,"[543.9989624023438, 730.0018920898438, 570.9977416992188, 741.0006713867188]",296.9536147713661,tiny,67.14141414141415,12.336753635219289,12.336753635219289,False,True,center,False,FN,contrast_up_130,False,,,,,,0.0,0.0,contrast alpha=1.3
E:\TJGY\MinPaper\MyAutoAugument\outputs\datasets\tiled\tiled_1024_ov20_full_safe_no_ok_position\images\val\2025-08-01-19-07-33ps5_tile_0001.jpg,7,碰伤,"[683.999755859375, 750.0001220703125, 761.00146484375, 764.9996337890625]",1154.98803627491,small,77.10822510822511,13.52277129892412,13.52277129892412,False,True,center,False,FN,contrast_up_130,True,0.5219223499298096,0.7227833271026611,7,0.5555399060249329,0.6593897342681885,-0.03361755609512329,0.06339359283447266,contrast alpha=1.3
E:\TJGY\MinPaper\MyAutoAugument\outputs\datasets\tiled\tiled_1024_ov20_full_safe_no_ok_position\images\val\2025-08-01-19-07-33ps5_tile_0007.jpg,12,锡膏,"[602.0009155273438, 437.001220703125, 640.9999389648438, 562.0009155273438]",4874.8660281300545,small,132.29107692307693,25.70673247882104,25.70673247882104,False,False,center,False,FN,contrast_up_130,False,,,7,,,0.0,0.0,contrast alpha=1.3
E:\TJGY\MinPaper\MyAutoAugument\outputs\datasets\tiled\tiled_1024_ov20_full_safe_no_ok_position\images\val\2025-08-01-19-15-54ps5_NGyuan_tile_0001.jpg,9,轮廓划伤,"[265.0019836425781, 812.000244140625, 301.0017395019531, 862.0001220703125]",1799.9833984673023,small,92.58722222222222,13.851881262347467,13.851881262347467,False,True,edge,False,FN,contrast_up_130,False,,,7,,,0.0,0.0,contrast alpha=1.3
E:\TJGY\MinPaper\MyAutoAugument\outputs\datasets\tiled\tiled_1024_ov20_full_safe_no_ok_position\images\val\2025-08-01-19-15-54ps5_NGyuan_tile_0001.jpg,7,碰伤,"[678.99853515625, 792.9989013671875, 731.0003662109375, 860.9986572265625]",3536.111815959215,small,97.78082579185521,11.439135858198433,11.439135858198433,False,True,edge,False,FN,contrast_up_130,True,0.9356798529624939,0.6055945158004761,7,0.0,0.8984742164611816,0.9356798529624939,-0.29287970066070557,contrast alpha=1.3
E:\TJGY\MinPaper\MyAutoAugument\outputs\datasets\tiled\tiled_1024_ov20_full_safe_no_ok_position\images\val\2025-08-01-19-15-54ps5_NGyuan_tile_0007.jpg,9,轮廓划伤,"[883.9992065429688, 939.0003051757812, 937.0004272460938, 1011.0007934570312]",3816.1137701272964,small,75.7541928721174,8.36023069434036,8.36023069434036,False,True,corner,False,FN,contrast_up_130,False,,,1,,,0.0,0.0,contrast alpha=1.3
E:\TJGY\MinPaper\MyAutoAugument\outputs\datasets\tiled\tiled_1024_ov20_full_safe_no_ok_position\images\val\2025-08-01-19-15-54ps5_NGyuan_tile_0008.jpg,9,轮廓划伤,"[64.99890899658203, 939.0003051757812, 118.00012969970703, 1011.0007934570312]",3816.1137701272964,small,75.75104821802935,8.342785454022351,8.342785454022351,False,True,corner,False,FN,contrast_up_130,False,,,,,,0.0,0.0,contrast alpha=1.3
E:\TJGY\MinPaper\MyAutoAugument\outputs\datasets\tiled\tiled_1024_ov20_full_safe_no_ok_position\images\val\2025-08-01-19-15-54ps5_NGyuan_tile_0010.jpg,9,轮廓划伤,"[320.0010070800781, 846.0001220703125, 367.0005798339844, 917.000244140625]",3336.975402779877,small,73.16332034761763,7.190210572874346,7.190210572874346,False,True,edge,False,FN,contrast_up_130,False,,,7,,,0.0,0.0,contrast alpha=1.3
E:\TJGY\MinPaper\MyAutoAugument\outputs\datasets\tiled\tiled_1024_ov20_full_safe_no_ok_position\images\val\2025-08-04-12-33-32ps5_NGyuan_tile_0007.jpg,12,锡膏,"[372.0007629394531, 490.9992980957031, 429.0007019042969, 573.0001831054688]",4674.045440619811,small,181.8913136499786,36.092790329431004,36.092790329431004,False,False,center,False,FN,contrast_up_130,False,0.0,0.9694015979766846,12,0.0,0.9773492217063904,0.0,-0.00794762372970581,contrast alpha=1.3
E:\TJGY\MinPaper\MyAutoAugument\outputs\datasets\tiled\tiled_1024_ov20_full_safe_no_ok_position\images\val\2025-08-04-12-33-32ps5_NGyuan_tile_0012.jpg,12,锡膏,"[372.0007629394531, 431.9994812011719, 429.0007019042969, 514.0003662109375]",4674.045440619811,small,181.89602053915277,36.09129258574198,36.09129258574198,False,False,center,False,FN,contrast_up_130,False,0.0,0.9842950105667114,12,0.0,0.984855592250824,0.0,-0.0005605816841125488,contrast alpha=1.3
E:\TJGY\MinPaper\MyAutoAugument\outputs\datasets\tiled\tiled_1024_ov20_full_safe_no_ok_position\images\val\2025-08-11-12-08-10ps5_NGyuan_tile_0002.jpg,7,碰伤,"[579.0007934570312, 712.9994506835938, 612.0012817382812, 721.9993286132812]",297.00036615133286,tiny,61.54545454545455,12.719405938158081,12.719405938158081,False,True,center,False,FN,contrast_up_130,False,,,,,,0.0,0.0,contrast alpha=1.3
E:\TJGY\MinPaper\MyAutoAugument\outputs\datasets\tiled\tiled_1024_ov20_full_safe_no_ok_position\images\val\2025-08-11-19-47-12ps5_tile_0002.jpg,10,锡丝残留,"[450.9997863769531, 899.0007934570312, 515.0007934570312, 1014.0011596679688]",7360.139252077788,small,90.81888586956522,29.39094057510151,29.39094057510151,False,False,edge,False,FN,contrast_up_130,False,,,,,,0.0,0.0,contrast alpha=1.3
E:\TJGY\MinPaper\MyAutoAugument\outputs\datasets\tiled\tiled_1024_ov20_full_safe_no_ok_position\images\val\2025-08-11-19-47-12ps5_tile_0012.jpg,10,锡丝残留,"[450.9997863769531, 21.000701904296875, 515.0007934570312, 136.0010223388672]",7360.136322344188,small,90.81589673913044,29.391555325766586,29.391555325766586,False,False,edge,False,FN,contrast_up_130,False,,,1,,,0.0,0.0,contrast alpha=1.3
E:\TJGY\MinPaper\MyAutoAugument\outputs\datasets\tiled\tiled_1024_ov20_full_safe_no_ok_position\images\val\2025-08-11-19-48-33ps5_tile_0002.jpg,10,锡丝残留,"[583.0010375976562, 918.9995727539062, 650.0014038085938, 1013.9990844726562]",6365.002075016499,small,82.86457187745484,29.289360786741216,29.289360786741216,False,False,edge,False,FN,contrast_up_130,False,,,11,,,0.0,0.0,contrast alpha=1.3
E:\TJGY\MinPaper\MyAutoAugument\outputs\datasets\tiled\tiled_1024_ov20_full_safe_no_ok_position\images\val\2025-08-11-19-48-33ps5_tile_0007.jpg,10,锡丝残留,"[583.0010375976562, 99.99923706054688, 650.0014038085938, 194.998779296875]",6365.004119705409,small,82.88578161822467,29.26549908145222,29.26549908145222,False,False,edge,False,FN,contrast_up_130,False,,,11,,,0.0,0.0,contrast alpha=1.3
E:\TJGY\MinPaper\MyAutoAugument\outputs\datasets\tiled\tiled_1024_ov20_full_safe_no_ok_position\images\val\2025-08-11-19-48-33ps5_tile_0012.jpg,10,锡丝残留,"[583.0010375976562, 40.99942398071289, 650.0014038085938, 135.9989776611328]",6365.00488646375,small,82.8725844461901,29.26325957101295,29.26325957101295,False,False,edge,False,FN,contrast_up_130,False,,,11,,,0.0,0.0,contrast alpha=1.3
E:\TJGY\MinPaper\MyAutoAugument\outputs\datasets\tiled\tiled_1024_ov20_full_safe_no_ok_position\images\val\2025-08-11-19-48-39ps5_tile_0002.jpg,11,锡尖,"[260.00177001953125, 969.9993896484375, 426.99981689453125, 1022.0001220703125]",8684.020750522614,small,131.6589129433441,28.84888457853096,28.84888457853096,False,False,edge,False,FN,contrast_up_130,False,,,,,,0.0,0.0,contrast alpha=1.3
E:\TJGY\MinPaper\MyAutoAugument\outputs\datasets\tiled\tiled_1024_ov20_full_safe_no_ok_position\images\val\2025-08-12-01-35-13ps5_NGyuan_tile_0008.jpg,7,碰伤,"[284.9986572265625, 695.0006103515625, 294.9990234375, 707.0008544921875]",120.00683602690697,tiny,68.83333333333333,13.364338949441365,13.364338949441365,False,True,center,False,FN,contrast_up_130,False,,,1,,,0.0,0.0,contrast alpha=1.3
E:\TJGY\MinPaper\MyAutoAugument\outputs\datasets\tiled\tiled_1024_ov20_full_safe_no_ok_position\images\val\2025-08-12-01-35-13ps5_NGyuan_tile_0009.jpg,7,碰伤,"[169.9983367919922, 695.0006103515625, 179.9987335205078, 707.0008544921875]",120.00720224529505,tiny,68.89166666666667,13.415038721110308,13.415038721110308,False,True,edge,False,FN,contrast_up_130,False,,,,,,0.0,0.0,contrast alpha=1.3
E:\TJGY\MinPaper\MyAutoAugument\outputs\datasets\tiled\tiled_1024_ov20_full_safe_no_ok_position\images\val\2025-08-12-01-35-13ps5_NGyuan_tile_0013.jpg,7,碰伤,"[284.9986572265625, 635.999755859375, 294.9990234375, 648.0]",120.00683602690697,tiny,68.75,13.430841373495555,13.430841373495555,False,True,center,False,FN,contrast_up_130,False,,,1,,,0.0,0.0,contrast alpha=1.3
E:\TJGY\MinPaper\MyAutoAugument\outputs\datasets\tiled\tiled_1024_ov20_full_safe_no_ok_position\images\val\2025-08-12-01-35-13ps5_NGyuan_tile_0014.jpg,7,碰伤,"[169.9983367919922, 635.999755859375, 179.9987335205078, 648.0]",120.00720224529505,tiny,68.825,13.406256313129825,13.406256313129825,False,True,edge,False,FN,contrast_up_130,False,,,,,,0.0,0.0,contrast alpha=1.3
E:\TJGY\MinPaper\MyAutoAugument\outputs\datasets\tiled\tiled_1024_ov20_full_safe_no_ok_position\images\val\2025-08-21-05-20-58ps5_NGyuan_tile_0010.jpg,7,碰伤,"[778.0018920898438, 644.0003051757812, 802.0014038085938, 658.0014038085938]",336.0195307135582,tiny,98.25297619047619,9.744885261578911,9.744885261578911,False,True,center,False,FN,contrast_up_130,False,,,,,,0.0,0.0,contrast alpha=1.3
E:\TJGY\MinPaper\MyAutoAugument\outputs\datasets\tiled\tiled_1024_ov20_full_safe_no_ok_position\images\val\2025-09-02-07-01-17ps5_NGyuan_tile_0007.jpg,11,锡尖,"[728.0009765625, 371.9992370605469, 780.0028076171875, 418.9997863769531]",2444.114625029266,small,91.18780687397708,32.5586892764388,32.5586892764388,False,False,center,False,FN,contrast_up_130,True,0.7180749773979187,0.29065120220184326,11,,,0.7180749773979187,0.29065120220184326,contrast alpha=1.3
E:\TJGY\MinPaper\MyAutoAugument\outputs\datasets\tiled\tiled_1024_ov20_full_safe_no_ok_position\images\val\2025-09-02-07-01-17ps5_NGyuan_tile_0012.jpg,11,锡尖,"[728.0009765625, 312.99945068359375, 780.0028076171875, 360.0]",2444.114625029266,small,91.1665302782324,32.57385679580332,32.57385679580332,False,False,center,False,FN,contrast_up_130,False,,,6,,,0.0,0.0,contrast alpha=1.3
E:\TJGY\MinPaper\MyAutoAugument\outputs\datasets\tiled\tiled_1024_ov20_full_safe_no_ok_position\images\val\2025-09-02-08-24-16ps5_NGyuan_tile_0001.jpg,7,碰伤,"[504.9999084472656, 779.999755859375, 529.9998168945312, 790.99853515625]",274.9684754535556,tiny,67.17090909090909,16.44328735908832,16.44328735908832,False,True,center,False,FN,contrast_up_130,False,,,,,,0.0,0.0,contrast alpha=1.3
E:\TJGY\MinPaper\MyAutoAugument\outputs\datasets\tiled\tiled_1024_ov20_full_safe_no_ok_position\images\val\2025-09-02-15-04-54ps5_NGyuan_tile_0007.jpg,6,漏背锡,"[592.9998779296875, 346.0003662109375, 857.9998779296875, 424.99993896484375]",20934.886779785156,medium,93.02302364461428,40.044814221721936,40.044814221721936,False,False,center,False,FN,contrast_up_130,False,0.345473051071167,0.3993489742279053,6,0.25203555822372437,0.6360679864883423,0.09343749284744263,-0.236719012260437,contrast alpha=1.3
E:\TJGY\MinPaper\MyAutoAugument\outputs\datasets\tiled\tiled_1024_ov20_full_safe_no_ok_position\images\val\2025-09-02-15-04-54ps5_NGyuan_tile_0012.jpg,6,漏背锡,"[592.9998779296875, 287.0005798339844, 857.9998779296875, 366.0001525878906]",20934.886779785156,medium,93.03625507523286,40.043653921247,40.043653921247,False,False,center,False,FN,contrast_up_130,False,0.2627723813056946,0.8100913166999817,6,0.2679309844970703,0.768899142742157,-0.005158603191375732,0.04119217395782471,contrast alpha=1.3
E:\TJGY\MinPaper\MyAutoAugument\outputs\datasets\tiled\tiled_1024_ov20_full_safe_no_ok_position\images\val\2025-09-02-20-35-27ps5_NGyuan_tile_0007.jpg,6,漏背锡,"[495.9979248046875, 399.0010681152344, 710.9990234375, 448.0005187988281]",10534.935729376972,medium,142.15007119126722,62.38630949557069,62.38630949557069,False,False,center,False,FN,contrast_up_130,False,0.0,0.896280825138092,6,0.0,0.8630314469337463,0.0,0.0332493782043457,contrast alpha=1.3
E:\TJGY\MinPaper\MyAutoAugument\outputs\datasets\tiled\tiled_1024_ov20_full_safe_no_ok_position\images\val\2025-09-09-21-08-16ps5_tile_0005.jpg,7,碰伤,"[620.9991455078125, 429.00018310546875, 674.0003662109375, 473.9998779296875]",2385.0387569516897,small,83.34633123689727,8.341202081152689,8.341202081152689,False,True,center,False,FN,contrast_up_130,False,,,,,,0.0,0.0,contrast alpha=1.3
E:\TJGY\MinPaper\MyAutoAugument\outputs\datasets\tiled\tiled_1024_ov20_full_safe_no_ok_position\images\val\2025-09-09-21-08-16ps5_tile_0010.jpg,7,碰伤,"[620.9991455078125, 370.0003662109375, 674.0003662109375, 415.00006103515625]",2385.0387569516897,small,83.31949685534592,8.310901718698924,8.310901718698924,False,True,center,False,FN,contrast_up_130,False,,,,,,0.0,0.0,contrast alpha=1.3
E:\TJGY\MinPaper\MyAutoAugument\outputs\datasets\tiled\tiled_1024_ov20_full_safe_no_ok_position\images\val\2025-09-09-21-09-08ps5_tile_0002.jpg,7,碰伤,"[268.99969482421875, 636.000244140625, 350.0001220703125, 668.9996337890625]",2672.964660383761,small,71.33370744481856,13.990167208105312,13.990167208105312,False,True,center,False,FN,contrast_up_130,False,0.0,0.2560954689979553,7,,,0.0,0.2560954689979553,contrast alpha=1.3
E:\TJGY\MinPaper\MyAutoAugument\outputs\datasets\tiled\tiled_1024_ov20_full_safe_no_ok_position\images\val\2025-09-09-21-09-08ps5_tile_0002.jpg,7,碰伤,"[896.0, 637.0001831054688, 967.99951171875, 685.9995727539062]",3527.932129204273,small,60.058956916099774,24.542952173817785,24.542952173817785,False,False,edge,False,FN,contrast_up_130,False,0.0,0.2560954689979553,7,,,0.0,0.2560954689979553,contrast alpha=1.3
E:\TJGY\MinPaper\MyAutoAugument\outputs\datasets\tiled\tiled_1024_ov20_full_safe_no_ok_position\images\val\2025-09-09-21-09-08ps5_tile_0003.jpg,7,碰伤,"[77.00070190429688, 637.0001831054688, 149.0001983642578, 685.9995727539062]",3527.9313815329224,small,60.06235827664399,24.52822591520583,24.52822591520583,False,False,edge,False,FN,contrast_up_130,False,,,,,,0.0,0.0,contrast alpha=1.3
E:\TJGY\MinPaper\MyAutoAugument\outputs\datasets\tiled\tiled_1024_ov20_full_safe_no_ok_position\images\val\2025-09-09-21-09-08ps5_tile_0006.jpg,9,轮廓划伤,"[423.0005798339844, 792.00048828125, 472.9994201660156, 853.9996337890625]",3099.8853769674897,small,73.83129032258064,11.283484431491578,11.283484431491578,False,True,edge,False,FN,contrast_up_130,False,,,7,,,0.0,0.0,contrast alpha=1.3
E:\TJGY\MinPaper\MyAutoAugument\outputs\datasets\tiled\tiled_1024_ov20_full_safe_no_ok_position\images\val\2025-09-09-21-09-08ps5_tile_0011.jpg,9,轮廓划伤,"[423.0005798339844, 733.0006713867188, 472.9994201660156, 794.9998168945312]",3099.8853769674897,small,73.80677419354839,11.264664388596808,11.264664388596808,False,True,center,False,FN,contrast_up_130,False,,,7,,,0.0,0.0,contrast alpha=1.3
E:\TJGY\MinPaper\MyAutoAugument\outputs\datasets\tiled\tiled_1024_ov20_full_safe_no_ok_position\images\val\2025-09-15-17-40-22ps5_tile_0002.jpg,2,加强筋打伤,"[780.000244140625, 491.00030517578125, 825.0009765625, 563.0007934570312]",3240.074707388878,small,58.91203703703704,12.028771200385384,12.028771200385384,True,True,center,False,FN,contrast_up_130,True,0.5092369318008423,0.2632957100868225,2,,,0.5092369318008423,0.2632957100868225,contrast alpha=1.3
E:\TJGY\MinPaper\MyAutoAugument\outputs\datasets\tiled\tiled_1024_ov20_full_safe_no_ok_position\images\val\2025-09-15-17-40-45ps5_tile_0003.jpg,9,轮廓划伤,"[614.99853515625, 768.9994506835938, 658.998779296875, 878.9995727539062]",4840.032226592302,small,43.10144628099174,5.880616532374243,5.880616532374243,True,True,edge,False,FN,contrast_up_130,False,0.0,0.8784162998199463,9,0.0,0.8685526251792908,0.0,0.009863674640655518,contrast alpha=1.3
E:\TJGY\MinPaper\MyAutoAugument\outputs\datasets\tiled\tiled_1024_ov20_full_safe_no_ok_position\images\val\2025-09-15-17-40-45ps5_tile_0005.jpg,7,碰伤,"[658.001953125, 365.9991149902344, 696.00048828125, 410.0003967285156]",1671.9842510521412,small,80.13516746411483,19.512654649717266,19.512654649717266,False,True,center,False,FN,contrast_up_130,False,,,2,,,0.0,0.0,contrast alpha=1.3
E:\TJGY\MinPaper\MyAutoAugument\outputs\datasets\tiled\tiled_1024_ov20_full_safe_no_ok_position\images\val\2025-09-15-17-40-45ps5_tile_0008.jpg,9,轮廓划伤,"[667.999755859375, 143.99948120117188, 736.00048828125, 280.0]",9248.134888075292,small,52.046820934256054,11.056431250044772,11.056431250044772,True,True,center,False,FN,contrast_up_130,False,0.0,0.6899431347846985,9,0.0,0.6813665628433228,0.0,0.008576571941375732,contrast alpha=1.3
E:\TJGY\MinPaper\MyAutoAugument\outputs\datasets\tiled\tiled_1024_ov20_full_safe_no_ok_position\images\val\2025-09-15-17-40-45ps5_tile_0009.jpg,9,轮廓划伤,"[552.9994506835938, 143.99948120117188, 621.0001831054688, 280.0]",9248.134888075292,small,52.04163062283737,11.041174963422284,11.041174963422284,True,True,center,False,FN,contrast_up_130,False,0.0,0.6918439269065857,9,0.0,0.4902084767818451,0.0,0.2016354501247406,contrast alpha=1.3
E:\TJGY\MinPaper\MyAutoAugument\outputs\datasets\tiled\tiled_1024_ov20_full_safe_no_ok_position\images\val\2025-09-15-17-40-45ps5_tile_0013.jpg,9,轮廓划伤,"[588.0007934570312, 129.9998779296875, 647.0005493164062, 266.998779296875]",8082.901733666658,small,45.12247927749598,7.320491860402777,7.320491860402777,True,True,edge,False,FN,contrast_up_130,False,,,7,,,0.0,0.0,contrast alpha=1.3
E:\TJGY\MinPaper\MyAutoAugument\outputs\datasets\tiled\tiled_1024_ov20_full_safe_no_ok_position\images\val\2025-09-15-17-40-45ps5_tile_0013.jpg,9,轮廓划伤,"[667.999755859375, 84.99967956542969, 736.00048828125, 221.0001983642578]",9248.134888075292,small,52.05590397923876,11.051302284552333,11.051302284552333,True,True,edge,False,FN,contrast_up_130,False,,,7,,,0.0,0.0,contrast alpha=1.3
E:\TJGY\MinPaper\MyAutoAugument\outputs\datasets\tiled\tiled_1024_ov20_full_safe_no_ok_position\images\val\2025-09-17-00-42-01ps5_NGyuan_tile_0002.jpg,9,轮廓划伤,"[569.9998779296875, 440.9994201660156, 608.9989013671875, 531.9992065429688]",3548.902801722288,small,82.39165962242885,19.955258444015058,19.955258444015058,False,True,center,False,FN,contrast_up_130,False,,,7,,,0.0,0.0,contrast alpha=1.3
E:\TJGY\MinPaper\MyAutoAugument\outputs\datasets\tiled\tiled_1024_ov20_full_safe_no_ok_position\images\val\2025-09-17-00-42-01ps5_NGyuan_tile_0003.jpg,9,轮廓划伤,"[88.99993896484375, 451.99920654296875, 134.00064086914062, 546.998779296875]",4275.0474545340985,small,61.53426900584795,16.561533177541072,16.561533177541072,False,True,edge,False,FN,contrast_up_130,False,,,7,,,0.0,0.0,contrast alpha=1.3
E:\TJGY\MinPaper\MyAutoAugument\outputs\datasets\tiled\tiled_1024_ov20_full_safe_no_ok_position\images\val\2025-09-17-00-42-01ps5_NGyuan_tile_0007.jpg,9,轮廓划伤,"[825.9993286132812, 569.0009765625, 861.9990844726562, 658.0008544921875]",3203.9738769829273,small,82.04119850187266,27.04385951819281,27.04385951819281,False,False,edge,False,FN,contrast_up_130,False,,,7,,,0.0,0.0,contrast alpha=1.3
E:\TJGY\MinPaper\MyAutoAugument\outputs\datasets\tiled\tiled_1024_ov20_full_safe_no_ok_position\images\val\2025-09-17-00-42-01ps5_NGyuan_tile_0007.jpg,9,轮廓划伤,"[464.9989318847656, 554.0003662109375, 508.9991760253906, 646.0006103515625]",4048.0332031846046,small,88.09510869565217,25.228170146891692,25.228170146891692,False,False,center,False,FN,contrast_up_130,False,,,4,,,0.0,0.0,contrast alpha=1.3
E:\TJGY\MinPaper\MyAutoAugument\outputs\datasets\tiled\tiled_1024_ov20_full_safe_no_ok_position\images\val\2025-09-17-00-42-01ps5_NGyuan_tile_0008.jpg,9,轮廓划伤,"[6.999040603637695, 569.0009765625, 42.99878692626953, 658.0008544921875]",3203.97302821395,small,82.03558052434457,27.060123698453427,27.060123698453427,False,False,edge,False,FN,contrast_up_130,False,,,4,,,0.0,0.0,contrast alpha=1.3
E:\TJGY\MinPaper\MyAutoAugument\outputs\datasets\tiled\tiled_1024_ov20_full_safe_no_ok_position\images\val\2025-09-17-00-42-01ps5_NGyuan_tile_0012.jpg,9,轮廓划伤,"[825.9993286132812, 510.0011291503906, 861.9990844726562, 599.0010986328125]",3203.977172859013,small,82.05087390761548,27.03131251511788,27.03131251511788,False,False,edge,False,FN,contrast_up_130,False,,,4,,,0.0,0.0,contrast alpha=1.3
E:\TJGY\MinPaper\MyAutoAugument\outputs\datasets\tiled\tiled_1024_ov20_full_safe_no_ok_position\images\val\2025-09-17-00-42-01ps5_NGyuan_tile_0012.jpg,9,轮廓划伤,"[464.9989318847656, 495.0006103515625, 508.9991760253906, 587.0008544921875]",4048.0332031846046,small,88.0909090909091,25.217132883679668,25.217132883679668,False,False,center,False,FN,contrast_up_130,False,,,4,,,0.0,0.0,contrast alpha=1.3
E:\TJGY\MinPaper\MyAutoAugument\outputs\datasets\tiled\tiled_1024_ov20_full_safe_no_ok_position\images\val\2025-09-17-00-42-01ps5_NGyuan_tile_0013.jpg,9,轮廓划伤,"[6.999040603637695, 510.0011291503906, 42.99878692626953, 599.0010986328125]",3203.9763240891625,small,82.05149812734082,27.05617049169587,27.05617049169587,False,False,edge,False,FN,contrast_up_130,False,,,4,,,0.0,0.0,contrast alpha=1.3
E:\TJGY\MinPaper\MyAutoAugument\outputs\datasets\tiled\tiled_1024_ov20_full_safe_no_ok_position\images\val\2025-09-17-01-04-57ps5_NGyuan_tile_0007.jpg,7,碰伤,"[943.9984741210938, 549.001220703125, 1022.9990844726562, 661.000244140625]",8847.991210341454,small,70.38438065099457,27.789816997064424,27.789816997064424,False,False,edge,False,FN,contrast_up_130,False,,,0,,,0.0,0.0,contrast alpha=1.3
E:\TJGY\MinPaper\MyAutoAugument\outputs\datasets\tiled\tiled_1024_ov20_full_safe_no_ok_position\images\val\2025-09-17-01-04-57ps5_NGyuan_tile_0009.jpg,7,碰伤,"[9.997825622558594, 549.001220703125, 88.99839782714844, 661.000244140625]",8847.986937917769,small,70.39500452079567,27.785352623891168,27.785352623891168,False,False,edge,False,FN,contrast_up_130,False,,,,,,0.0,0.0,contrast alpha=1.3
E:\TJGY\MinPaper\MyAutoAugument\outputs\datasets\tiled\tiled_1024_ov20_full_safe_no_ok_position\images\val\2025-09-17-01-04-57ps5_NGyuan_tile_0012.jpg,7,碰伤,"[943.9984741210938, 490.0014343261719, 1022.9990844726562, 602.0004272460938]",8847.988799434155,small,70.38381555153707,27.781154746340547,27.781154746340547,False,False,edge,False,FN,contrast_up_130,False,,,1,,,0.0,0.0,contrast alpha=1.3
E:\TJGY\MinPaper\MyAutoAugument\outputs\datasets\tiled\tiled_1024_ov20_full_safe_no_ok_position\images\val\2025-09-17-01-04-57ps5_NGyuan_tile_0014.jpg,7,碰伤,"[9.997825622558594, 490.0014343261719, 88.99839782714844, 602.0004272460938]",8847.984527011635,small,70.39602169981917,27.783863597371752,27.783863597371752,False,False,edge,False,FN,contrast_up_130,False,,,,,,0.0,0.0,contrast alpha=1.3
E:\TJGY\MinPaper\MyAutoAugument\outputs\datasets\tiled\tiled_1024_ov20_full_safe_no_ok_position\images\val\2025-09-23-01-12-21ps5_NGyuan_tile_0000.jpg,8,脏污,"[867.0013427734375, 503.0005798339844, 929.9998779296875, 558.0006713867188]",3464.925201281905,small,96.83174603174604,20.809539021020875,20.809539021020875,False,False,edge,False,FN,contrast_up_130,False,,,7,,,0.0,0.0,contrast alpha=1.3
E:\TJGY\MinPaper\MyAutoAugument\outputs\datasets\tiled\tiled_1024_ov20_full_safe_no_ok_position\images\val\2025-09-23-01-12-21ps5_NGyuan_tile_0001.jpg,8,脏污,"[48.00102615356445, 503.0005798339844, 110.99955749511719, 558.0006713867188]",3464.9249914732063,small,96.83376623376624,20.802404743265633,20.802404743265633,False,False,edge,False,FN,contrast_up_130,False,,,7,,,0.0,0.0,contrast alpha=1.3
E:\TJGY\MinPaper\MyAutoAugument\outputs\datasets\tiled\tiled_1024_ov20_full_safe_no_ok_position\images\val\2025-09-23-12-23-50ps5_NGyuan_tile_0007.jpg,1,OK3,"[535.99951171875, 675.0003051757812, 712.9979248046875, 710.0006713867188]",6195.009276762605,small,68.44229217110573,12.546360320682469,12.546360320682469,False,True,center,False,FN,contrast_up_130,False,,,0,,,0.0,0.0,contrast alpha=1.3
E:\TJGY\MinPaper\MyAutoAugument\outputs\datasets\tiled\tiled_1024_ov20_full_safe_no_ok_position\images\val\2025-10-11-06-43-38ps5_tile_0004.jpg,7,碰伤,"[785.0004272460938, 780.9996948242188, 939.9992065429688, 1000.9999389648438]",34099.76928681135,medium,53.30431085043988,18.205265879869607,18.205265879869607,True,True,corner,False,FN,contrast_up_130,False,,,,,,0.0,0.0,contrast alpha=1.3
E:\TJGY\MinPaper\MyAutoAugument\outputs\datasets\tiled\tiled_1024_ov20_full_safe_no_ok_position\images\val\2025-10-11-06-43-38ps5_tile_0009.jpg,7,碰伤,"[833.00146484375, 496.00048828125, 952.00048828125, 672.00048828125]",20943.828125,medium,53.00940603514133,15.966843311164997,15.966843311164997,True,True,edge,False,FN,contrast_up_130,False,,,9,,,0.0,0.0,contrast alpha=1.3
E:\TJGY\MinPaper\MyAutoAugument\outputs\datasets\tiled\tiled_1024_ov20_full_safe_no_ok_position\images\val\2025-10-11-06-43-38ps5_tile_0012.jpg,1,OK3,"[825.0009765625, 564.000732421875, 944.9993896484375, 625.9998779296875]",7439.799073621631,small,60.81760752688172,12.480530501060455,12.480530501060455,False,True,edge,False,FN,contrast_up_130,True,0.9233692288398743,0.27471375465393066,1,,,0.9233692288398743,0.27471375465393066,contrast alpha=1.3
E:\TJGY\MinPaper\MyAutoAugument\outputs\datasets\tiled\tiled_1024_ov20_full_safe_no_ok_position\images\val\2025-10-11-06-43-38ps5_tile_0013.jpg,1,OK3,"[6.001659393310547, 564.000732421875, 126.0001220703125, 625.9998779296875]",7439.802148225252,small,60.82231182795699,12.474237409818958,12.474237409818958,False,True,edge,False,FN,contrast_up_130,True,0.8684179186820984,0.3987557590007782,1,,,0.8684179186820984,0.3987557590007782,contrast alpha=1.3
E:\TJGY\MinPaper\MyAutoAugument\outputs\datasets\tiled\tiled_1024_ov20_full_safe_no_ok_position\images\val\2025-10-11-06-43-38ps5_tile_0014.jpg,7,碰伤,"[833.00146484375, 437.000732421875, 952.00048828125, 613.000732421875]",20943.828125,medium,53.00868983957219,15.957455759330232,15.957455759330232,True,True,edge,False,FN,contrast_up_130,False,,,9,,,0.0,0.0,contrast alpha=1.3
E:\TJGY\MinPaper\MyAutoAugument\outputs\datasets\tiled\tiled_1024_ov20_full_safe_no_ok_position\images\val\2025-10-17-13-38-05ps5_NGyuan_tile_0002.jpg,8,脏污,"[97.9993667602539, 625.00146484375, 315.999755859375, 758.0006103515625]",28993.86547055375,medium,92.81903152376354,27.81747796575795,27.81747796575795,False,False,center,False,FN,contrast_up_130,True,0.8381858468055725,0.4060954451560974,8,,,0.8381858468055725,0.4060954451560974,contrast alpha=1.3
E:\TJGY\MinPaper\MyAutoAugument\outputs\datasets\tiled\tiled_1024_ov20_full_safe_no_ok_position\images\val\2025-10-17-15-21-16ps5_NGyuan_tile_0001.jpg,7,碰伤,"[370.9992980957031, 653.0001831054688, 397.9980773925781, 676.9996948242188]",647.9575201272964,tiny,76.18672839506173,7.7350419033912425,7.7350419033912425,False,True,center,False,FN,contrast_up_130,False,0.0,0.8086791038513184,7,0.0,0.711706280708313,0.0,0.09697282314300537,contrast alpha=1.3
E:\TJGY\MinPaper\MyAutoAugument\outputs\datasets\tiled\tiled_1024_ov20_full_safe_no_ok_position\images\val\2025-10-17-15-21-16ps5_NGyuan_tile_0005.jpg,7,碰伤,"[891.9987182617188, 703.99951171875, 935.9989624023438, 729.9998779296875]",1144.022461026907,small,82.23076923076923,6.091169014871003,6.091169014871003,False,True,edge,False,FN,contrast_up_130,False,,,,,,0.0,0.0,contrast alpha=1.3
E:\TJGY\MinPaper\MyAutoAugument\outputs\datasets\tiled\tiled_1024_ov20_full_safe_no_ok_position\images\val\2025-10-17-15-21-16ps5_NGyuan_tile_0010.jpg,7,碰伤,"[891.9987182617188, 644.9996948242188, 935.9989624023438, 671.0000610351562]",1144.022461026907,small,82.25961538461539,6.116146679218979,6.116146679218979,False,True,edge,False,FN,contrast_up_130,False,,,,,,0.0,0.0,contrast alpha=1.3
E:\TJGY\MinPaper\MyAutoAugument\outputs\datasets\tiled\tiled_1024_ov20_full_safe_no_ok_position\images\val\2025-10-17-15-21-16ps5_NGyuan_tile_0011.jpg,7,碰伤,"[72.99839782714844, 644.9996948242188, 116.9986572265625, 671.0000610351562]",1144.0228577610105,small,82.26923076923077,6.0766575138929095,6.0766575138929095,False,True,edge,False,FN,contrast_up_130,False,,,,,,0.0,0.0,contrast alpha=1.3
E:\TJGY\MinPaper\MyAutoAugument\outputs\datasets\tiled\tiled_1024_ov20_full_safe_no_ok_position\images\val\2025-10-22-13-52-23ps5_NGyuan_tile_0007.jpg,12,锡膏,"[213.9990997314453, 268.9996643066406, 273.9983215332031, 304.9994201660156]",2159.957336615771,small,210.7685185185185,35.23007881570474,35.23007881570474,False,False,center,False,FN,contrast_up_130,False,,,0,,,0.0,0.0,contrast alpha=1.3
E:\TJGY\MinPaper\MyAutoAugument\outputs\datasets\tiled\tiled_1024_ov20_full_safe_no_ok_position\images\val\2025-10-22-13-52-23ps5_NGyuan_tile_0012.jpg,12,锡膏,"[213.9990997314453, 209.99986267089844, 273.9983215332031, 245.99961853027344]",2159.957336615771,small,210.7699074074074,35.20862849305262,35.20862849305262,False,False,center,False,FN,contrast_up_130,False,,,0,,,0.0,0.0,contrast alpha=1.3
E:\TJGY\MinPaper\MyAutoAugument\outputs\datasets\tiled\tiled_1024_ov20_full_safe_no_ok_position\images\val\2025-10-31-03-46-08ps5_NGyuan_tile_0006.jpg,5,浅划伤,"[213.99911499023438, 679.99951171875, 291.0008239746094, 736.0]",4312.133301615715,small,87.8409090909091,9.498692220750025,9.498692220750025,False,True,center,False,FN,contrast_up_130,False,,,7,,,0.0,0.0,contrast alpha=1.3
E:\TJGY\MinPaper\MyAutoAugument\outputs\datasets\tiled\tiled_1024_ov20_full_safe_no_ok_position\images\val\2025-10-31-03-46-08ps5_NGyuan_tile_0011.jpg,5,浅划伤,"[213.99911499023438, 620.9996948242188, 291.0008239746094, 677.0001831054688]",4312.133301615715,small,87.8471706864564,9.498318929995587,9.498318929995587,False,True,center,False,FN,contrast_up_130,False,,,7,,,0.0,0.0,contrast alpha=1.3
E:\TJGY\MinPaper\MyAutoAugument\outputs\datasets\tiled\tiled_1024_ov20_full_safe_no_ok_position\images\val\2025-11-01-14-42-20ps5_NGyuan_tile_0003.jpg,7,碰伤,"[500.000244140625, 899.999755859375, 605.9996337890625, 977.00048828125]",8162.030639201403,small,50.66172506738545,18.150312464313096,18.150312464313096,True,True,edge,False,FN,contrast_up_130,False,0.0,0.8789015412330627,7,0.0,0.7693948745727539,0.0,0.10950666666030884,contrast alpha=1.3
E:\TJGY\MinPaper\MyAutoAugument\outputs\datasets\tiled\tiled_1024_ov20_full_safe_no_ok_position\images\val\2025-11-01-14-42-20ps5_NGyuan_tile_0004.jpg,7,碰伤,"[384.99993896484375, 899.999755859375, 490.999267578125, 977.00048828125]",8162.025939449668,small,50.65645675079637,18.16103435712057,18.16103435712057,True,True,edge,False,FN,contrast_up_130,False,,,,,,0.0,0.0,contrast alpha=1.3
E:\TJGY\MinPaper\MyAutoAugument\outputs\datasets\tiled\tiled_1024_ov20_full_safe_no_ok_position\images\val\2025-11-01-14-42-20ps5_NGyuan_tile_0005.jpg,7,碰伤,"[372.0007629394531, 847.9994506835938, 434.9992980957031, 944.9999389648438]",6110.888671159744,small,73.78972344951727,10.3877121956301,10.3877121956301,False,True,edge,False,FN,contrast_up_130,False,,,,,,0.0,0.0,contrast alpha=1.3
E:\TJGY\MinPaper\MyAutoAugument\outputs\datasets\tiled\tiled_1024_ov20_full_safe_no_ok_position\images\val\2025-11-01-14-42-20ps5_NGyuan_tile_0008.jpg,7,碰伤,"[594.0014038085938, 581.9996337890625, 643.0007934570312, 670.99951171875]",4360.939697340131,small,61.634716808071545,8.350099978877372,8.350099978877372,False,True,center,False,FN,contrast_up_130,False,,,9,,,0.0,0.0,contrast alpha=1.3
E:\TJGY\MinPaper\MyAutoAugument\outputs\datasets\tiled\tiled_1024_ov20_full_safe_no_ok_position\images\val\2025-11-01-14-42-20ps5_NGyuan_tile_0008.jpg,7,碰伤,"[342.998046875, 683.0003051757812, 490.998779296875, 816.9999389648438]",19832.04394504428,medium,46.13816054860831,9.892181567104181,9.892181567104181,True,True,center,False,FN,contrast_up_130,False,,,9,,,0.0,0.0,contrast alpha=1.3
E:\TJGY\MinPaper\MyAutoAugument\outputs\datasets\tiled\tiled_1024_ov20_full_safe_no_ok_position\images\val\2025-11-01-14-42-20ps5_NGyuan_tile_0008.jpg,7,碰伤,"[500.000244140625, 80.99942779541016, 605.9996337890625, 158.0001220703125]",8162.026595645584,small,50.6691987258025,18.166714261311874,18.166714261311874,True,True,edge,False,FN,contrast_up_130,False,,,9,,,0.0,0.0,contrast alpha=1.3
E:\TJGY\MinPaper\MyAutoAugument\outputs\datasets\tiled\tiled_1024_ov20_full_safe_no_ok_position\images\val\2025-11-01-14-42-20ps5_NGyuan_tile_0009.jpg,7,碰伤,"[479.0010681152344, 581.9996337890625, 528.00048828125, 670.99951171875]",4360.942413400859,small,61.649163036000914,8.381732074677439,8.381732074677439,False,True,center,False,FN,contrast_up_130,False,,,9,0.0,0.36237359046936035,0.0,-0.36237359046936035,contrast alpha=1.3
E:\TJGY\MinPaper\MyAutoAugument\outputs\datasets\tiled\tiled_1024_ov20_full_safe_no_ok_position\images\val\2025-11-01-14-42-20ps5_NGyuan_tile_0009.jpg,7,碰伤,"[384.99993896484375, 80.99942779541016, 490.999267578125, 158.0001220703125]",8162.021895896178,small,50.65853957363392,18.18350789983095,18.18350789983095,True,True,edge,False,FN,contrast_up_130,False,,,9,0.0,0.36237359046936035,0.0,-0.36237359046936035,contrast alpha=1.3
E:\TJGY\MinPaper\MyAutoAugument\outputs\datasets\tiled\tiled_1024_ov20_full_safe_no_ok_position\images\val\2025-11-01-14-42-20ps5_NGyuan_tile_0010.jpg,7,碰伤,"[372.0007629394531, 788.9986572265625, 434.9992980957031, 885.9991455078125]",6110.888671159744,small,73.77974144984454,10.409780498474799,10.409780498474799,False,True,edge,False,FN,contrast_up_130,False,,,,,,0.0,0.0,contrast alpha=1.3
E:\TJGY\MinPaper\MyAutoAugument\outputs\datasets\tiled\tiled_1024_ov20_full_safe_no_ok_position\images\val\2025-11-01-14-42-20ps5_NGyuan_tile_0013.jpg,7,碰伤,"[594.0014038085938, 522.998779296875, 643.0007934570312, 611.998779296875]",4360.9456787109375,small,61.65099747764274,8.370885904884908,8.370885904884908,False,True,center,False,FN,contrast_up_130,False,0.0,0.5826733112335205,7,0.0,0.5604667067527771,0.0,0.022206604480743408,contrast alpha=1.3
E:\TJGY\MinPaper\MyAutoAugument\outputs\datasets\tiled\tiled_1024_ov20_full_safe_no_ok_position\images\val\2025-11-01-14-42-20ps5_NGyuan_tile_0013.jpg,7,碰伤,"[500.000244140625, 21.999618530273438, 605.9996337890625, 99.00032043457031]",8162.027404356748,small,50.657926978681694,18.16755758235728,18.16755758235728,True,True,edge,False,FN,contrast_up_130,False,0.0,0.5826733112335205,7,0.0,0.5604667067527771,0.0,0.022206604480743408,contrast alpha=1.3
E:\TJGY\MinPaper\MyAutoAugument\outputs\datasets\tiled\tiled_1024_ov20_full_safe_no_ok_position\images\val\2025-11-01-14-42-20ps5_NGyuan_tile_0014.jpg,7,碰伤,"[384.99993896484375, 21.999618530273438, 490.999267578125, 99.00032043457031]",8162.022704606876,small,50.65290370007351,18.163884330448102,18.163884330448102,True,True,edge,False,FN,contrast_up_130,False,0.0,0.3750852644443512,7,0.0,0.48193860054016113,0.0,-0.10685333609580994,contrast alpha=1.3
E:\TJGY\MinPaper\MyAutoAugument\outputs\datasets\tiled\tiled_1024_ov20_full_safe_no_ok_position\images\val\2025-11-12-16-33-42ps5_NGyuan_tile_0006.jpg,7,碰伤,"[650.998291015625, 6.000639915466309, 692.000244140625, 24.999935150146484]",779.0082126203924,tiny,77.55198973042361,16.23695860274999,16.23695860274999,False,True,edge,False,FN,contrast_up_130,True,0.8740387558937073,0.6605278849601746,7,,,0.8740387558937073,0.6605278849601746,contrast alpha=1.3
E:\TJGY\MinPaper\MyAutoAugument\outputs\datasets\tiled\tiled_1024_ov20_full_safe_no_ok_position\images\val\2229344f-2025-05-09-18-28-13ps5_tile_0002.jpg,10,锡丝残留,"[425.9978332519531, 917.0001831054688, 709.9991455078125, 974.9995727539062]",16471.902770195156,medium,51.756313744536186,28.19032209028167,28.19032209028167,True,False,edge,False,FN,contrast_up_130,False,,,,,,0.0,0.0,contrast alpha=1.3
E:\TJGY\MinPaper\MyAutoAugument\outputs\datasets\tiled\tiled_1024_ov20_full_safe_no_ok_position\images\val\2229344f-2025-05-09-18-28-13ps5_tile_0007.jpg,10,锡丝残留,"[425.9978332519531, 97.99987030029297, 709.9991455078125, 155.99923706054688]",16471.89626992098,medium,51.75728508984944,28.200555790248156,28.200555790248156,True,False,edge,False,FN,contrast_up_130,False,,,12,,,0.0,0.0,contrast alpha=1.3
E:\TJGY\MinPaper\MyAutoAugument\outputs\datasets\tiled\tiled_1024_ov20_full_safe_no_ok_position\images\val\a91db891-2025-04-13-11-39-07ps5_tile_0002.jpg,7,碰伤,"[374.00115966796875, 808.00048828125, 396.00177001953125, 816.0]",175.99414032697678,tiny,29.619318181818183,9.131456096604467,9.131456096604467,True,True,center,False,FN,contrast_up_130,False,0.0,0.6515865921974182,7,0.0,0.6018717288970947,0.0,0.049714863300323486,contrast alpha=1.3
E:\TJGY\MinPaper\MyAutoAugument\outputs\datasets\tiled\tiled_1024_ov20_full_safe_no_ok_position\images\val\a91db891-2025-04-13-11-39-07ps5_tile_0004.jpg,7,碰伤,"[334.0006408691406, 957.9996337890625, 346.0008850097656, 973.9996337890625]",192.00390625,tiny,33.760416666666664,13.989761726338381,13.989761726338381,True,True,edge,False,FN,contrast_up_130,False,,,,,,0.0,0.0,contrast alpha=1.3
E:\TJGY\MinPaper\MyAutoAugument\outputs\datasets\tiled\tiled_1024_ov20_full_safe_no_ok_position\images\val\a91db891-2025-04-13-11-39-07ps5_tile_0006.jpg,7,碰伤,"[373.99859619140625, 880.9999389648438, 439.00006103515625, 896.9999389648438]",1040.0234375,tiny,39.90480769230769,16.103558372940746,16.103558372940746,True,True,edge,False,FN,contrast_up_130,False,0.0,0.30424997210502625,7,0.0,0.2767678499221802,0.0,0.02748212218284607,contrast alpha=1.3
E:\TJGY\MinPaper\MyAutoAugument\outputs\datasets\tiled\tiled_1024_ov20_full_safe_no_ok_position\images\val\a91db891-2025-04-13-11-39-07ps5_tile_0009.jpg,7,碰伤,"[334.0006408691406, 138.99929809570312, 346.0008850097656, 154.99929809570312]",192.00390625,tiny,33.739583333333336,13.970388917029316,13.970388917029316,True,True,edge,False,FN,contrast_up_130,False,,,,,,0.0,0.0,contrast alpha=1.3
E:\TJGY\MinPaper\MyAutoAugument\outputs\datasets\tiled\tiled_1024_ov20_full_safe_no_ok_position\images\val\a91db891-2025-04-13-11-39-07ps5_tile_0014.jpg,7,碰伤,"[334.0006408691406, 79.9994888305664, 346.0008850097656, 95.9994888305664]",192.00390625,tiny,33.786458333333336,13.92319796682012,13.92319796682012,True,True,edge,False,FN,contrast_up_130,False,,,,,,0.0,0.0,contrast alpha=1.3
E:\TJGY\MinPaper\MyAutoAugument\outputs\datasets\tiled\tiled_1024_ov20_full_safe_no_ok_position\images\val\ce0d1787-2025-04-25-11-20-04ps5_NGyuan_tile_0007.jpg,12,锡膏,"[463.99896240234375, 184.99891662597656, 601.9993286132812, 294.9990539550781]",15180.059234669432,medium,116.9655467720685,31.009908507174064,31.009908507174064,False,False,center,False,FN,contrast_up_130,False,,,,,,0.0,0.0,contrast alpha=1.3
E:\TJGY\MinPaper\MyAutoAugument\outputs\datasets\tiled\tiled_1024_ov20_full_safe_no_ok_position\images\val\ce0d1787-2025-04-25-11-20-04ps5_NGyuan_tile_0012.jpg,12,锡膏,"[463.99896240234375, 125.99909973144531, 601.9993286132812, 235.9992218017578]",15180.057128950953,medium,116.96752305665349,31.00227688190202,31.00227688190202,False,False,edge,False,FN,contrast_up_130,False,,,,,,0.0,0.0,contrast alpha=1.3
E:\TJGY\MinPaper\MyAutoAugument\outputs\datasets\tiled\tiled_1024_ov20_full_safe_no_ok_position\images\val\105acebc-2025-05-09-18-24-19ps5_tile_0000.jpg,7,碰伤,"[912.9993896484375, 569.9989013671875, 931.0013427734375, 578.998779296875]",162.01538062095642,tiny,33.98765432098765,11.577429966155993,11.577429966155993,True,True,edge,False,FN,gamma_brighten_075,False,0.31303784251213074,0.9395799040794373,7,0.3009812533855438,0.9500972628593445,0.012056589126586914,-0.010517358779907227,gamma brighten gamma=0.75
E:\TJGY\MinPaper\MyAutoAugument\outputs\datasets\tiled\tiled_1024_ov20_full_safe_no_ok_position\images\val\13d91ebd-2025-04-13-11-32-17ps5_tile_0010.jpg,7,碰伤,"[525.0022583007812, 711.0015869140625, 550.0011596679688, 735.0010986328125]",599.9614263176918,tiny,31.981666666666666,9.476884010873803,9.476884010873803,True,True,center,False,FN,gamma_brighten_075,False,0.0,0.822448194026947,7,0.0,0.837761402130127,0.0,-0.015313208103179932,gamma brighten gamma=0.75
E:\TJGY\MinPaper\MyAutoAugument\outputs\datasets\tiled\tiled_1024_ov20_full_safe_no_ok_position\images\val\182e7d02-2025-04-22-16-40-10ps5_NGyuan_tile_0001.jpg,7,碰伤,"[494.002197265625, 576.0, 531.0013427734375, 586.0003662109375]",370.0050045698881,tiny,40.229729729729726,15.822279277922496,15.822279277922496,True,True,center,False,FN,gamma_brighten_075,False,0.0,0.8836303949356079,7,0.0,0.8648220896720886,0.0,0.018808305263519287,gamma brighten gamma=0.75
E:\TJGY\MinPaper\MyAutoAugument\outputs\datasets\tiled\tiled_1024_ov20_full_safe_no_ok_position\images\val\182e7d02-2025-04-22-16-40-10ps5_NGyuan_tile_0007.jpg,12,锡膏,"[311.99896240234375, 112.99890899658203, 425.9998779296875, 240.99993896484375]",14592.2346048248,medium,80.68414199561404,25.61158079643109,25.61158079643109,False,False,edge,False,FN,gamma_brighten_075,False,,,1,,,0.0,0.0,gamma brighten gamma=0.75
E:\TJGY\MinPaper\MyAutoAugument\outputs\datasets\tiled\tiled_1024_ov20_full_safe_no_ok_position\images\val\2025-05-10-15-39-23ps5_tile_0007.jpg,4,油污,"[15.00006103515625, 628.000244140625, 304.99993896484375, 725.000732421875]",28130.129760682583,medium,54.22619978670458,15.326970402266443,15.326970402266443,True,True,edge,False,FN,gamma_brighten_075,False,0.14328734576702118,0.46098077297210693,4,0.1353103369474411,0.5343640446662903,0.007977008819580078,-0.07338327169418335,gamma brighten gamma=0.75
E:\TJGY\MinPaper\MyAutoAugument\outputs\datasets\tiled\tiled_1024_ov20_full_safe_no_ok_position\images\val\2025-05-10-15-39-23ps5_tile_0012.jpg,4,油污,"[15.00006103515625, 569.0004272460938, 304.99993896484375, 666.0009155273438]",28130.129760682583,medium,54.22321365090651,15.3365902471285,15.3365902471285,True,True,edge,False,FN,gamma_brighten_075,False,0.18975237011909485,0.8901598453521729,4,0.14986126124858856,0.9171929359436035,0.03989110887050629,-0.027033090591430664,gamma brighten gamma=0.75
E:\TJGY\MinPaper\MyAutoAugument\outputs\datasets\tiled\tiled_1024_ov20_full_safe_no_ok_position\images\val\2025-05-10-15-40-40ps5_tile_0005.jpg,4,油污,"[359.9989929199219, 440.0005187988281, 402.0003967285156, 532.0007934570312]",3864.140686420724,small,34.52329192546584,26.149523784041858,26.149523784041858,True,False,center,False,FN,gamma_brighten_075,False,,,7,,,0.0,0.0,gamma brighten gamma=0.75
E:\TJGY\MinPaper\MyAutoAugument\outputs\datasets\tiled\tiled_1024_ov20_full_safe_no_ok_position\images\val\2025-05-10-15-40-40ps5_tile_0006.jpg,4,油污,"[66.00038146972656, 801.9993286132812, 299.999755859375, 866.9998168945312]",15210.073592834175,medium,28.58500986193294,14.81777230950077,14.81777230950077,True,True,corner,False,FN,gamma_brighten_075,False,,,,,,0.0,0.0,gamma brighten gamma=0.75
E:\TJGY\MinPaper\MyAutoAugument\outputs\datasets\tiled\tiled_1024_ov20_full_safe_no_ok_position\images\val\2025-05-10-15-40-40ps5_tile_0007.jpg,6,漏背锡,"[551.99951171875, 300.00128173828125, 830.99853515625, 412.000244140625]",31247.601136267185,medium,87.3754160266257,51.00135128257115,51.00135128257115,False,False,center,False,FN,gamma_brighten_075,False,,,,,,0.0,0.0,gamma brighten gamma=0.75
E:\TJGY\MinPaper\MyAutoAugument\outputs\datasets\tiled\tiled_1024_ov20_full_safe_no_ok_position\images\val\2025-05-10-15-40-40ps5_tile_0010.jpg,4,油污,"[359.9989929199219, 380.99969482421875, 402.0003967285156, 472.99993896484375]",3864.1394046396017,small,34.53933747412008,26.137962230065977,26.137962230065977,True,False,center,False,FN,gamma_brighten_075,False,,,,,,0.0,0.0,gamma brighten gamma=0.75
E:\TJGY\MinPaper\MyAutoAugument\outputs\datasets\tiled\tiled_1024_ov20_full_safe_no_ok_position\images\val\2025-05-10-15-40-40ps5_tile_0010.jpg,4,油污,"[357.00018310546875, 160.0, 403.999755859375, 267.9992370605469]",5075.917999593541,small,44.630220646178095,27.09347754794195,27.09347754794195,True,False,center,False,FN,gamma_brighten_075,False,,,,,,0.0,0.0,gamma brighten gamma=0.75
E:\TJGY\MinPaper\MyAutoAugument\outputs\datasets\tiled\tiled_1024_ov20_full_safe_no_ok_position\images\val\2025-05-10-15-40-40ps5_tile_0012.jpg,6,漏背锡,"[551.99951171875, 241.00146484375, 830.99853515625, 353.00042724609375]",31247.601136267185,medium,87.37426395289299,51.00970071261489,51.00970071261489,False,False,center,False,FN,gamma_brighten_075,False,,,,,,0.0,0.0,gamma brighten gamma=0.75
E:\TJGY\MinPaper\MyAutoAugument\outputs\datasets\tiled\tiled_1024_ov20_full_safe_no_ok_position\images\val\2025-05-16-16-13-18ps5_tile_0006.jpg,3,开裂,"[632.9978637695312, 607.0006103515625, 825.9993286132812, 713.0009765625]",20458.22595268488,medium,54.9853358099521,35.48760494371061,35.48760494371061,True,False,center,False,FN,gamma_brighten_075,False,,,8,,,0.0,0.0,gamma brighten gamma=0.75
E:\TJGY\MinPaper\MyAutoAugument\outputs\datasets\tiled\tiled_1024_ov20_full_safe_no_ok_position\images\val\2025-05-16-16-13-18ps5_tile_0006.jpg,7,碰伤,"[877.9985961914062, 616.00048828125, 898.9998168945312, 624.0]",167.99951112270355,tiny,36.892857142857146,13.2718982181497,13.2718982181497,True,True,edge,False,FN,gamma_brighten_075,False,,,8,,,0.0,0.0,gamma brighten gamma=0.75
E:\TJGY\MinPaper\MyAutoAugument\outputs\datasets\tiled\tiled_1024_ov20_full_safe_no_ok_position\images\val\2025-05-16-16-13-18ps5_tile_0007.jpg,7,碰伤,"[234.0009002685547, 616.0005493164062, 269.00018310546875, 626.0009155273438]",350.00564548932016,tiny,35.331428571428575,10.488572596022816,10.488572596022816,True,True,center,False,FN,gamma_brighten_075,False,0.0,0.4255315363407135,7,,,0.0,0.4255315363407135,gamma brighten gamma=0.75
E:\TJGY\MinPaper\MyAutoAugument\outputs\datasets\tiled\tiled_1024_ov20_full_safe_no_ok_position\images\val\2025-05-16-16-13-18ps5_tile_0011.jpg,3,开裂,"[632.9978637695312, 548.0007934570312, 825.9993286132812, 654.0011596679688]",20458.22595268488,medium,54.97976341773389,35.4759722846913,35.4759722846913,True,False,center,False,FN,gamma_brighten_075,False,,,8,,,0.0,0.0,gamma brighten gamma=0.75
E:\TJGY\MinPaper\MyAutoAugument\outputs\datasets\tiled\tiled_1024_ov20_full_safe_no_ok_position\images\val\2025-05-16-16-13-18ps5_tile_0012.jpg,7,碰伤,"[234.0009002685547, 557.000732421875, 269.00018310546875, 567.0010986328125]",350.00564548932016,tiny,35.25714285714286,10.521658905441146,10.521658905441146,True,True,center,False,FN,gamma_brighten_075,False,0.0,0.7333915829658508,7,0.0,0.7078184485435486,0.0,0.025573134422302246,gamma brighten gamma=0.75
E:\TJGY\MinPaper\MyAutoAugument\outputs\datasets\tiled\tiled_1024_ov20_full_safe_no_ok_position\images\val\2025-05-16-16-19-14ps5_tile_0008.jpg,9,轮廓划伤,"[520.9989624023438, 608.0, 567.9984741210938, 710.0006103515625]",4793.978881537914,small,38.24238631622862,9.342376873848142,9.342376873848142,True,True,center,False,FN,gamma_brighten_075,False,0.0,0.8490845561027527,9,0.0,0.9271972179412842,0.0,-0.0781126618385315,gamma brighten gamma=0.75
E:\TJGY\MinPaper\MyAutoAugument\outputs\datasets\tiled\tiled_1024_ov20_full_safe_no_ok_position\images\val\2025-05-16-16-19-14ps5_tile_0009.jpg,9,轮廓划伤,"[405.99859619140625, 608.0, 452.9981689453125, 710.0006103515625]",4793.985107161105,small,38.23091364205256,9.312466003703815,9.312466003703815,True,True,center,False,FN,gamma_brighten_075,False,,,1,0.0,0.6587848663330078,0.0,-0.6587848663330078,gamma brighten gamma=0.75
E:\TJGY\MinPaper\MyAutoAugument\outputs\datasets\tiled\tiled_1024_ov20_full_safe_no_ok_position\images\val\2025-05-16-16-19-14ps5_tile_0013.jpg,9,轮廓划伤,"[520.9989624023438, 549.0001831054688, 567.9984741210938, 651.0007934570312]",4793.978881537914,small,38.23967459324155,9.34134155542688,9.34134155542688,True,True,center,False,FN,gamma_brighten_075,False,0.0,0.64195716381073,9,0.0,0.7647011280059814,0.0,-0.12274396419525146,gamma brighten gamma=0.75
E:\TJGY\MinPaper\MyAutoAugument\outputs\datasets\tiled\tiled_1024_ov20_full_safe_no_ok_position\images\val\2025-05-16-16-19-14ps5_tile_0014.jpg,9,轮廓划伤,"[405.99859619140625, 549.0001831054688, 452.9981689453125, 651.0007934570312]",4793.985107161105,small,38.253650396328744,9.366384219178354,9.366384219178354,True,True,center,False,FN,gamma_brighten_075,False,0.0,0.3458237051963806,9,0.0,0.770592987537384,0.0,-0.4247692823410034,gamma brighten gamma=0.75
E:\TJGY\MinPaper\MyAutoAugument\outputs\datasets\tiled\tiled_1024_ov20_full_safe_no_ok_position\images\val\2025-05-16-16-24-29ps5_tile_0003.jpg,8,脏污,"[76.99866485595703, 511.0010681152344, 273.9978332519531, 560.00048828125]",9652.845024591079,small,42.01906143167927,14.004625823723606,14.004625823723606,True,True,edge,False,FN,gamma_brighten_075,False,,,,,,0.0,0.0,gamma brighten gamma=0.75
E:\TJGY\MinPaper\MyAutoAugument\outputs\datasets\tiled\tiled_1024_ov20_full_safe_no_ok_position\images\val\2025-05-16-16-24-46ps5_tile_0000.jpg,8,脏污,"[506.998291015625, 682.9998168945312, 540.9981689453125, 719.9989624023438]",1257.9664307683706,small,64.9785373608903,29.119271484492103,29.119271484492103,False,False,center,False,FN,gamma_brighten_075,False,0.0205377247184515,0.49792781472206116,8,0.00951562449336052,0.5130482316017151,0.01102210022509098,-0.01512041687965393,gamma brighten gamma=0.75
E:\TJGY\MinPaper\MyAutoAugument\outputs\datasets\tiled\tiled_1024_ov20_full_safe_no_ok_position\images\val\2025-05-16-17-11-45ps5_tile_0000.jpg,7,碰伤,"[498.998779296875, 856.9999389648438, 522.998291015625, 880.0010375976562]",552.0151361823082,tiny,56.77355072463768,27.305792964522016,27.305792964522016,True,False,edge,False,FN,gamma_brighten_075,False,,,,,,0.0,0.0,gamma brighten gamma=0.75
E:\TJGY\MinPaper\MyAutoAugument\outputs\datasets\tiled\tiled_1024_ov20_full_safe_no_ok_position\images\val\2025-05-16-17-11-45ps5_tile_0005.jpg,7,碰伤,"[498.998779296875, 38.000640869140625, 522.998291015625, 61.00172424316406]",552.0147699788213,tiny,56.75,27.3048245192857,27.3048245192857,True,False,edge,False,FN,gamma_brighten_075,False,0.0,0.8091593980789185,7,0.0,0.8368571400642395,0.0,-0.027697741985321045,gamma brighten gamma=0.75
E:\TJGY\MinPaper\MyAutoAugument\outputs\datasets\tiled\tiled_1024_ov20_full_safe_no_ok_position\images\val\2025-05-16-17-11-45ps5_tile_0006.jpg,4,油污,"[90.00088500976562, 603.0003051757812, 226.00140380859375, 634.9993286132812]",4351.8837885558605,small,35.973805147058826,14.415089668580242,14.415089668580242,True,True,edge,False,FN,gamma_brighten_075,False,0.0,0.9684562087059021,4,0.0,0.9706906676292419,0.0,-0.0022344589233398438,gamma brighten gamma=0.75
E:\TJGY\MinPaper\MyAutoAugument\outputs\datasets\tiled\tiled_1024_ov20_full_safe_no_ok_position\images\val\2025-05-16-17-11-45ps5_tile_0007.jpg,4,油污,"[63.00160217285156, 655.0005493164062, 455.0010986328125, 732.0012817382812]",30184.24833642319,medium,36.6937781606149,14.713793279782761,14.713793279782761,True,True,center,False,FN,gamma_brighten_075,False,,,12,,,0.0,0.0,gamma brighten gamma=0.75
E:\TJGY\MinPaper\MyAutoAugument\outputs\datasets\tiled\tiled_1024_ov20_full_safe_no_ok_position\images\val\2025-05-16-17-11-45ps5_tile_0011.jpg,4,油污,"[90.00088500976562, 544.00048828125, 226.00140380859375, 575.99951171875]",4351.8837885558605,small,35.9967830882353,14.42663325257906,14.42663325257906,True,True,edge,False,FN,gamma_brighten_075,False,0.0,0.5240849852561951,4,0.0,0.4782649278640747,0.0,0.04582005739212036,gamma brighten gamma=0.75
E:\TJGY\MinPaper\MyAutoAugument\outputs\datasets\tiled\tiled_1024_ov20_full_safe_no_ok_position\images\val\2025-05-16-17-11-45ps5_tile_0011.jpg,7,碰伤,"[514.9993286132812, 555.0008544921875, 544.0010375976562, 570.0003662109375]",435.01147377491,tiny,47.777011494252875,10.270297549656902,10.270297549656902,True,True,center,False,FN,gamma_brighten_075,False,0.0,0.9307898879051208,7,0.0,0.8992533087730408,0.0,0.03153657913208008,gamma brighten gamma=0.75
E:\TJGY\MinPaper\MyAutoAugument\outputs\datasets\tiled\tiled_1024_ov20_full_safe_no_ok_position\images\val\2025-05-16-17-11-45ps5_tile_0012.jpg,4,油污,"[63.00160217285156, 596.000732421875, 455.0010986328125, 673.00146484375]",30184.24833642319,medium,36.6912602703419,14.718103705245113,14.718103705245113,True,True,center,False,FN,gamma_brighten_075,False,,,12,,,0.0,0.0,gamma brighten gamma=0.75
E:\TJGY\MinPaper\MyAutoAugument\outputs\datasets\tiled\tiled_1024_ov20_full_safe_no_ok_position\images\val\2025-05-19-17-19-55ps5_NGyuan_tile_0003.jpg,9,轮廓划伤,"[356.9981384277344, 562.0003662109375, 386.9992980957031, 649.9998779296875]",2640.087401777506,small,30.10909090909091,8.369963022124741,8.369963022124741,True,True,center,False,FN,gamma_brighten_075,False,0.0,0.7171292901039124,9,0.0,0.9622868895530701,0.0,-0.24515759944915771,gamma brighten gamma=0.75
E:\TJGY\MinPaper\MyAutoAugument\outputs\datasets\tiled\tiled_1024_ov20_full_safe_no_ok_position\images\val\2025-05-19-17-19-55ps5_NGyuan_tile_0003.jpg,7,碰伤,"[495.0010681152344, 654.0001220703125, 527.0020751953125, 715.999267578125]",1984.0350943543017,small,20.97328629032258,8.269392657632261,8.269392657632261,True,True,center,False,FN,gamma_brighten_075,False,0.0,0.43349403142929077,7,,,0.0,0.43349403142929077,gamma brighten gamma=0.75
E:\TJGY\MinPaper\MyAutoAugument\outputs\datasets\tiled\tiled_1024_ov20_full_safe_no_ok_position\images\val\2025-05-19-17-19-55ps5_NGyuan_tile_0004.jpg,9,轮廓划伤,"[292.0018005371094, 645.9990844726562, 317.0017395019531, 696.9994506835938]",1275.006042458117,small,29.054901960784314,10.289463747254985,10.289463747254985,True,True,center,False,FN,gamma_brighten_075,False,,,7,,,0.0,0.0,gamma brighten gamma=0.75
E:\TJGY\MinPaper\MyAutoAugument\outputs\datasets\tiled\tiled_1024_ov20_full_safe_no_ok_position\images\val\2025-05-19-17-19-55ps5_NGyuan_tile_0004.jpg,9,轮廓划伤,"[241.99783325195312, 562.0003662109375, 271.9989929199219, 649.9998779296875]",2640.087401777506,small,30.121969696969696,8.38199562549089,8.38199562549089,True,True,center,False,FN,gamma_brighten_075,False,,,7,,,0.0,0.0,gamma brighten gamma=0.75
E:\TJGY\MinPaper\MyAutoAugument\outputs\datasets\tiled\tiled_1024_ov20_full_safe_no_ok_position\images\val\2025-05-19-17-19-55ps5_NGyuan_tile_0007.jpg,9,轮廓划伤,"[956.9996948242188, 613.9996337890625, 984.9978637695312, 679.0010986328125]",1819.9219943881035,small,48.77582417582418,12.206612697693961,12.206612697693961,True,True,edge,False,FN,gamma_brighten_075,False,,,12,,,0.0,0.0,gamma brighten gamma=0.75
E:\TJGY\MinPaper\MyAutoAugument\outputs\datasets\tiled\tiled_1024_ov20_full_safe_no_ok_position\images\val\2025-05-19-17-19-55ps5_NGyuan_tile_0008.jpg,9,轮廓划伤,"[137.99935913085938, 613.9996337890625, 165.99755859375, 679.0010986328125]",1819.923978075385,small,48.792307692307695,12.231321087833361,12.231321087833361,True,True,edge,False,FN,gamma_brighten_075,False,,,7,,,0.0,0.0,gamma brighten gamma=0.75
E:\TJGY\MinPaper\MyAutoAugument\outputs\datasets\tiled\tiled_1024_ov20_full_safe_no_ok_position\images\val\2025-05-19-17-19-55ps5_NGyuan_tile_0009.jpg,9,轮廓划伤,"[23.000064849853516, 613.9996337890625, 50.99827194213867, 679.0010986328125]",1819.9244739972055,small,48.74230769230769,12.227561694967093,12.227561694967093,True,True,edge,False,FN,gamma_brighten_075,False,,,,,,0.0,0.0,gamma brighten gamma=0.75
E:\TJGY\MinPaper\MyAutoAugument\outputs\datasets\tiled\tiled_1024_ov20_full_safe_no_ok_position\images\val\2025-05-19-17-19-55ps5_NGyuan_tile_0012.jpg,9,轮廓划伤,"[956.9996948242188, 554.9998168945312, 984.9978637695312, 620.0012817382812]",1819.9219943881035,small,48.77967032967033,12.216918727241366,12.216918727241366,True,True,edge,False,FN,gamma_brighten_075,False,,,12,,,0.0,0.0,gamma brighten gamma=0.75
E:\TJGY\MinPaper\MyAutoAugument\outputs\datasets\tiled\tiled_1024_ov20_full_safe_no_ok_position\images\val\2025-05-19-17-19-55ps5_NGyuan_tile_0014.jpg,9,轮廓划伤,"[23.000064849853516, 554.9998168945312, 50.99827194213867, 620.0012817382812]",1819.9244739972055,small,48.76978021978022,12.244454629850441,12.244454629850441,True,True,edge,False,FN,gamma_brighten_075,False,,,7,,,0.0,0.0,gamma brighten gamma=0.75
E:\TJGY\MinPaper\MyAutoAugument\outputs\datasets\tiled\tiled_1024_ov20_full_safe_no_ok_position\images\val\2025-05-25-09-48-32ps5_NGyuan_tile_0002.jpg,7,碰伤,"[986.998779296875, 777.0004272460938, 1023.9979248046875, 804.9996948242188]",1035.9489752352238,tiny,44.560810810810814,13.456176866691457,13.456176866691457,True,True,edge,True,FN,gamma_brighten_075,False,,,,,,0.0,0.0,gamma brighten gamma=0.75
E:\TJGY\MinPaper\MyAutoAugument\outputs\datasets\tiled\tiled_1024_ov20_full_safe_no_ok_position\images\val\2025-05-25-09-48-32ps5_NGyuan_tile_0012.jpg,6,漏背锡,"[379.99920654296875, 354.99981689453125, 444.00128173828125, 413.9996337890625]",3776.110717393458,small,95.13241525423729,63.08038109358812,63.08038109358812,False,False,center,False,FN,gamma_brighten_075,False,0.0,0.7666494250297546,6,0.0,0.7506036162376404,0.0,0.016045808792114258,gamma brighten gamma=0.75
E:\TJGY\MinPaper\MyAutoAugument\outputs\datasets\tiled\tiled_1024_ov20_full_safe_no_ok_position\images\val\2025-05-26-06-14-31ps5_NGyuan_tile_0012.jpg,12,锡膏,"[282.9997863769531, 2.0003814697265625, 432.9994201660156, 178.00038146972656]",26399.935546875,medium,126.07378787878788,42.335938356921595,42.335938356921595,False,False,edge,False,FN,gamma_brighten_075,False,,,1,,,0.0,0.0,gamma brighten gamma=0.75
E:\TJGY\MinPaper\MyAutoAugument\outputs\datasets\tiled\tiled_1024_ov20_full_safe_no_ok_position\images\val\2025-05-26-06-26-47ps5_NGyuan_tile_0002.jpg,7,碰伤,"[829.001708984375, 832.9989013671875, 845.000732421875, 854.99951171875]",351.98828065395355,tiny,47.50568181818182,17.70705340942459,17.70705340942459,True,True,corner,False,FN,gamma_brighten_075,False,0.10533945262432098,0.4468744397163391,7,0.11938972771167755,0.4774206876754761,-0.014050275087356567,-0.030546247959136963,gamma brighten gamma=0.75
E:\TJGY\MinPaper\MyAutoAugument\outputs\datasets\tiled\tiled_1024_ov20_full_safe_no_ok_position\images\val\2025-05-26-06-26-47ps5_NGyuan_tile_0003.jpg,7,碰伤,"[10.001408576965332, 832.9989013671875, 26.000385284423828, 854.99951171875]",351.9872525645187,tiny,47.51988636363637,17.69645097921654,17.69645097921654,True,True,corner,False,FN,gamma_brighten_075,False,,,,0.1084621399641037,0.29860982298851013,-0.1084621399641037,-0.29860982298851013,gamma brighten gamma=0.75
E:\TJGY\MinPaper\MyAutoAugument\outputs\datasets\tiled\tiled_1024_ov20_full_safe_no_ok_position\images\val\2025-05-26-06-26-47ps5_NGyuan_tile_0007.jpg,7,碰伤,"[829.001708984375, 13.998592376708984, 845.000732421875, 35.99923324584961]",351.98876890540123,tiny,47.5625,17.655689351517054,17.655689351517054,True,True,corner,False,FN,gamma_brighten_075,False,0.0,0.7744638323783875,7,0.0,0.808347761631012,0.0,-0.03388392925262451,gamma brighten gamma=0.75
E:\TJGY\MinPaper\MyAutoAugument\outputs\datasets\tiled\tiled_1024_ov20_full_safe_no_ok_position\images\val\2025-05-26-06-26-47ps5_NGyuan_tile_0008.jpg,7,碰伤,"[12.001280784606934, 65.0009536743164, 28.000255584716797, 93.00019073486328]",447.9590881539916,tiny,42.59375,17.59439227449839,17.59439227449839,True,True,corner,False,FN,gamma_brighten_075,False,,,,,,0.0,0.0,gamma brighten gamma=0.75
E:\TJGY\MinPaper\MyAutoAugument\outputs\datasets\tiled\tiled_1024_ov20_full_safe_no_ok_position\images\val\2025-05-26-06-26-47ps5_NGyuan_tile_0008.jpg,7,碰伤,"[10.001408576965332, 13.998592376708984, 26.000385284423828, 35.99923324584961]",351.9877408145403,tiny,47.49147727272727,17.715072424336388,17.715072424336388,True,True,corner,False,FN,gamma_brighten_075,False,,,,,,0.0,0.0,gamma brighten gamma=0.75
E:\TJGY\MinPaper\MyAutoAugument\outputs\datasets\tiled\tiled_1024_ov20_full_safe_no_ok_position\images\val\2025-05-26-06-26-47ps5_NGyuan_tile_0013.jpg,7,碰伤,"[12.001280784606934, 6.001152992248535, 28.000255584716797, 34.00038528442383]",447.95901186493484,tiny,42.60267857142857,17.57834991352709,17.57834991352709,True,True,corner,False,FN,gamma_brighten_075,False,,,,,,0.0,0.0,gamma brighten gamma=0.75
E:\TJGY\MinPaper\MyAutoAugument\outputs\datasets\tiled\tiled_1024_ov20_full_safe_no_ok_position\images\val\2025-05-27-23-28-53ps5_NGyuan_tile_0004.jpg,7,碰伤,"[10.999809265136719, 484.99969482421875, 38.998016357421875, 495.99847412109375]",307.94610051624477,tiny,30.376623376623378,15.92640457304751,15.92640457304751,True,True,edge,False,FN,gamma_brighten_075,False,,,,,,0.0,0.0,gamma brighten gamma=0.75
E:\TJGY\MinPaper\MyAutoAugument\outputs\datasets\tiled\tiled_1024_ov20_full_safe_no_ok_position\images\val\2025-05-27-23-28-53ps5_NGyuan_tile_0007.jpg,8,脏污,"[483.0003356933594, 140.00025939941406, 576.9994506835938, 275.00030517578125]",12689.884826619644,medium,71.34160756501183,37.9463373440113,37.9463373440113,False,False,center,False,FN,gamma_brighten_075,False,,,,,,0.0,0.0,gamma brighten gamma=0.75
E:\TJGY\MinPaper\MyAutoAugument\outputs\datasets\tiled\tiled_1024_ov20_full_safe_no_ok_position\images\val\2025-05-27-23-28-53ps5_NGyuan_tile_0012.jpg,8,脏污,"[483.0003356933594, 80.99942016601562, 576.9994506835938, 215.99948120117188]",12689.886260932311,medium,71.33664302600472,37.935428798887585,37.935428798887585,False,False,edge,False,FN,gamma_brighten_075,False,,,12,,,0.0,0.0,gamma brighten gamma=0.75
E:\TJGY\MinPaper\MyAutoAugument\outputs\datasets\tiled\tiled_1024_ov20_full_safe_no_ok_position\images\val\2025-06-05-10-27-17ps5_NGyuan_tile_0012.jpg,8,脏污,"[315.9997253417969, 621.0001831054688, 515.9981689453125, 694.9995727539062]",14799.762757297605,medium,71.54310810810811,26.766541358300476,26.766541358300476,False,False,center,False,FN,gamma_brighten_075,False,,,1,,,0.0,0.0,gamma brighten gamma=0.75
E:\TJGY\MinPaper\MyAutoAugument\outputs\datasets\tiled\tiled_1024_ov20_full_safe_no_ok_position\images\val\2025-06-05-16-10-10ps5_NGyuan_tile_0000.jpg,5,浅划伤,"[682.9993286132812, 681.0009155273438, 724.0012817382812, 743.0000610351562]",2542.0860579013824,small,48.75177025963808,23.1536479006427,23.1536479006427,True,False,center,False,FN,gamma_brighten_075,False,,,9,,,0.0,0.0,gamma brighten gamma=0.75
E:\TJGY\MinPaper\MyAutoAugument\outputs\datasets\tiled\tiled_1024_ov20_full_safe_no_ok_position\images\val\2025-06-05-16-10-10ps5_NGyuan_tile_0007.jpg,12,锡膏,"[315.0023498535156, 396.9991760253906, 366.0006408691406, 461.9996032714844]",3314.9107048362494,small,136.19939668174962,49.85802830098024,49.85802830098024,False,False,center,False,FN,gamma_brighten_075,False,0.0,0.7225562930107117,12,0.0,0.7593369483947754,0.0,-0.03678065538406372,gamma brighten gamma=0.75
E:\TJGY\MinPaper\MyAutoAugument\outputs\datasets\tiled\tiled_1024_ov20_full_safe_no_ok_position\images\val\2025-06-05-16-10-10ps5_NGyuan_tile_0012.jpg,12,锡膏,"[315.0023498535156, 337.9993591308594, 366.0006408691406, 402.9997863769531]",3314.9107048362494,small,136.1867269984917,49.83113994876743,49.83113994876743,False,False,center,False,FN,gamma_brighten_075,False,0.0,0.31105345487594604,12,,,0.0,0.31105345487594604,gamma brighten gamma=0.75
E:\TJGY\MinPaper\MyAutoAugument\outputs\datasets\tiled\tiled_1024_ov20_full_safe_no_ok_position\images\val\2025-06-06-01-33-39ps5_NGyuan_tile_0002.jpg,7,碰伤,"[816.9998779296875, 579.0008544921875, 859.0013427734375, 620.000732421875]",1722.054931461811,small,39.79094076655052,14.073490922084895,14.073490922084895,True,True,edge,False,FN,gamma_brighten_075,False,0.0,0.33126652240753174,7,0.0,0.5680842399597168,0.0,-0.23681771755218506,gamma brighten gamma=0.75
E:\TJGY\MinPaper\MyAutoAugument\outputs\datasets\tiled\tiled_1024_ov20_full_safe_no_ok_position\images\val\2025-06-06-01-33-39ps5_NGyuan_tile_0003.jpg,7,碰伤,"[0.0, 579.0008544921875, 40.00153732299805, 620.000732421875]",1640.0581472427584,small,39.94634146341463,14.091756759408304,14.091756759408304,True,True,edge,True,FN,gamma_brighten_075,False,0.0,0.8159167170524597,7,0.0,0.8766747713088989,0.0,-0.06075805425643921,gamma brighten gamma=0.75
E:\TJGY\MinPaper\MyAutoAugument\outputs\datasets\tiled\tiled_1024_ov20_full_safe_no_ok_position\images\val\2025-06-06-02-05-24ps5_NGyuan_tile_0002.jpg,4,油污,"[645.9990844726562, 631.0000610351562, 688.0005493164062, 698.9998168945312]",2856.089355111122,small,24.981442577030812,10.342625088307651,10.342625088307651,True,True,center,False,FN,gamma_brighten_075,False,,,7,,,0.0,0.0,gamma brighten gamma=0.75
E:\TJGY\MinPaper\MyAutoAugument\outputs\datasets\tiled\tiled_1024_ov20_full_safe_no_ok_position\images\val\2025-06-06-14-52-09ps5_NGyuan_tile_0007.jpg,6,漏背锡,"[223.00006103515625, 270.0001220703125, 468.9986572265625, 337.9998779296875]",16727.8444827646,medium,91.79441654710665,57.06993327056747,57.06993327056747,False,False,center,False,FN,gamma_brighten_075,False,0.0,0.9668666124343872,6,0.0,0.9697856307029724,0.0,-0.002919018268585205,gamma brighten gamma=0.75
E:\TJGY\MinPaper\MyAutoAugument\outputs\datasets\tiled\tiled_1024_ov20_full_safe_no_ok_position\images\val\2025-06-06-14-52-09ps5_NGyuan_tile_0012.jpg,6,漏背锡,"[223.00006103515625, 211.00033569335938, 468.9986572265625, 279.00006103515625]",16727.836975483224,medium,91.79632950741272,57.0763629572775,57.0763629572775,False,False,center,False,FN,gamma_brighten_075,False,0.0,0.9659315943717957,6,0.0,0.9665181040763855,0.0,-0.0005865097045898438,gamma brighten gamma=0.75
E:\TJGY\MinPaper\MyAutoAugument\outputs\datasets\tiled\tiled_1024_ov20_full_safe_no_ok_position\images\val\2025-06-07-10-52-02ps5_NGyuan_tile_0007.jpg,12,锡膏,"[405.000732421875, 214.0011444091797, 530.0014038085938, 398.0006103515625]",23000.056777595542,medium,124.37534782608695,27.617660246438557,27.617660246438557,False,False,center,False,FN,gamma_brighten_075,False,,,6,,,0.0,0.0,gamma brighten gamma=0.75
E:\TJGY\MinPaper\MyAutoAugument\outputs\datasets\tiled\tiled_1024_ov20_full_safe_no_ok_position\images\val\2025-06-07-10-52-02ps5_NGyuan_tile_0007.jpg,7,碰伤,"[491.0008239746094, 661.0001831054688, 518.9990234375, 671.0005493164062]",279.99224787577987,tiny,44.128571428571426,14.02617087403954,14.02617087403954,True,True,center,False,FN,gamma_brighten_075,False,,,6,,,0.0,0.0,gamma brighten gamma=0.75
E:\TJGY\MinPaper\MyAutoAugument\outputs\datasets\tiled\tiled_1024_ov20_full_safe_no_ok_position\images\val\2025-06-07-10-52-02ps5_NGyuan_tile_0012.jpg,12,锡膏,"[405.000732421875, 155.0013427734375, 530.0014038085938, 339.0008239746094]",23000.05868495442,medium,124.38108695652174,27.613535411985193,27.613535411985193,False,False,center,False,FN,gamma_brighten_075,False,,,6,,,0.0,0.0,gamma brighten gamma=0.75
E:\TJGY\MinPaper\MyAutoAugument\outputs\datasets\tiled\tiled_1024_ov20_full_safe_no_ok_position\images\val\2025-06-07-10-52-02ps5_NGyuan_tile_0012.jpg,7,碰伤,"[491.0008239746094, 601.9993896484375, 518.9990234375, 611.999755859375]",279.99224787577987,tiny,44.15714285714286,14.149341947632067,14.149341947632067,True,True,center,False,FN,gamma_brighten_075,False,,,6,,,0.0,0.0,gamma brighten gamma=0.75
E:\TJGY\MinPaper\MyAutoAugument\outputs\datasets\tiled\tiled_1024_ov20_full_safe_no_ok_position\images\val\2025-06-07-14-43-50ps5_NGyuan_tile_0007.jpg,8,脏污,"[868.9996948242188, 696.00048828125, 923.0003051757812, 792.00048828125]",5184.05859375,small,55.714506172839506,18.48999494396198,18.48999494396198,True,True,edge,False,FN,gamma_brighten_075,False,,,4,,,0.0,0.0,gamma brighten gamma=0.75
E:\TJGY\MinPaper\MyAutoAugument\outputs\datasets\tiled\tiled_1024_ov20_full_safe_no_ok_position\images\val\2025-06-07-14-43-50ps5_NGyuan_tile_0007.jpg,8,脏污,"[481.0009460449219, 664.9999389648438, 644.9996337890625, 700.0003051757812]",5740.014129158109,small,62.34198606271777,23.746416129226407,23.746416129226407,False,False,center,False,FN,gamma_brighten_075,False,,,1,,,0.0,0.0,gamma brighten gamma=0.75
E:\TJGY\MinPaper\MyAutoAugument\outputs\datasets\tiled\tiled_1024_ov20_full_safe_no_ok_position\images\val\2025-06-07-14-43-50ps5_NGyuan_tile_0012.jpg,8,脏污,"[481.0009460449219, 605.9990844726562, 644.9996337890625, 640.9994506835938]",5740.014129158109,small,62.34128919860627,23.7636240565938,23.7636240565938,False,False,center,False,FN,gamma_brighten_075,False,0.0,0.44945046305656433,8,0.0,0.4562271237373352,0.0,-0.006776660680770874,gamma brighten gamma=0.75
E:\TJGY\MinPaper\MyAutoAugument\outputs\datasets\tiled\tiled_1024_ov20_full_safe_no_ok_position\images\val\2025-06-07-15-42-24ps5_NGyuan_tile_0002.jpg,8,脏污,"[183.00006103515625, 464.0, 275.999755859375, 541.000732421875]",7161.044616475701,small,69.0078201368524,36.994660186155414,36.994660186155414,False,False,center,False,FN,gamma_brighten_075,False,,,4,,,0.0,0.0,gamma brighten gamma=0.75
E:\TJGY\MinPaper\MyAutoAugument\outputs\datasets\tiled\tiled_1024_ov20_full_safe_no_ok_position\images\val\2025-06-07-15-42-24ps5_NGyuan_tile_0007.jpg,8,脏污,"[163.0013427734375, 529.0004272460938, 293.9996032714844, 589.0006713867188]",7859.927611880004,small,73.14211195928753,33.43959702171577,33.43959702171577,False,False,center,False,FN,gamma_brighten_075,False,,,1,,,0.0,0.0,gamma brighten gamma=0.75
E:\TJGY\MinPaper\MyAutoAugument\outputs\datasets\tiled\tiled_1024_ov20_full_safe_no_ok_position\images\val\2025-06-07-15-42-24ps5_NGyuan_tile_0012.jpg,8,脏污,"[163.0013427734375, 470.0006408691406, 293.9996032714844, 530.0009155273438]",7859.931609629653,small,73.14427480916031,33.442560974377976,33.442560974377976,False,False,center,False,FN,gamma_brighten_075,False,0.0,0.4460432231426239,8,0.0,0.49067533016204834,0.0,-0.04463210701942444,gamma brighten gamma=0.75
E:\TJGY\MinPaper\MyAutoAugument\outputs\datasets\tiled\tiled_1024_ov20_full_safe_no_ok_position\images\val\2025-06-07-16-21-50ps5_NGyuan_tile_0007.jpg,8,脏污,"[150.99903869628906, 744.0005493164062, 569.997314453125, 780.9996948242188]",15502.57817224972,medium,53.16080758562859,24.52833672514371,24.52833672514371,True,False,center,False,FN,gamma_brighten_075,True,0.6596492528915405,0.3148058354854584,8,,,0.6596492528915405,0.3148058354854584,gamma brighten gamma=0.75
E:\TJGY\MinPaper\MyAutoAugument\outputs\datasets\tiled\tiled_1024_ov20_full_safe_no_ok_position\images\val\2025-06-07-16-21-50ps5_NGyuan_tile_0012.jpg,8,脏污,"[150.99903869628906, 684.9996948242188, 569.997314453125, 721.9988403320312]",15502.57817224972,medium,53.15261562278269,24.522838338374772,24.522838338374772,True,False,center,False,FN,gamma_brighten_075,False,,,1,,,0.0,0.0,gamma brighten gamma=0.75
E:\TJGY\MinPaper\MyAutoAugument\outputs\datasets\tiled\tiled_1024_ov20_full_safe_no_ok_position\images\val\2025-06-11-19-13-20ps5_NGyuan_tile_0007.jpg,12,锡膏,"[520.9984130859375, 422.9995422363281, 563.999267578125, 485.9991149902344]",2709.035461060703,small,106.23661867847915,31.704531348378858,31.704531348378858,False,False,center,False,FN,gamma_brighten_075,False,,,5,,,0.0,0.0,gamma brighten gamma=0.75
E:\TJGY\MinPaper\MyAutoAugument\outputs\datasets\tiled\tiled_1024_ov20_full_safe_no_ok_position\images\val\2025-06-11-19-13-20ps5_NGyuan_tile_0007.jpg,5,浅划伤,"[532.0012817382812, 837.0006713867188, 539.0023803710938, 861.0001831054688]",168.0229486823082,tiny,83.0952380952381,39.93972215596513,39.93972215596513,False,False,edge,False,FN,gamma_brighten_075,False,0.0,0.5133844614028931,5,0.0,0.5088472962379456,0.0,0.00453716516494751,gamma brighten gamma=0.75
E:\TJGY\MinPaper\MyAutoAugument\outputs\datasets\tiled\tiled_1024_ov20_full_safe_no_ok_position\images\val\2025-06-11-19-13-20ps5_NGyuan_tile_0012.jpg,12,锡膏,"[520.9984130859375, 363.9997253417969, 563.999267578125, 426.9992980957031]",2709.035461060703,small,106.20708748615725,31.71080344255586,31.71080344255586,False,False,center,False,FN,gamma_brighten_075,False,,,5,,,0.0,0.0,gamma brighten gamma=0.75
E:\TJGY\MinPaper\MyAutoAugument\outputs\datasets\tiled\tiled_1024_ov20_full_safe_no_ok_position\images\val\2025-06-14-16-53-39ps5_tile_0005.jpg,9,轮廓划伤,"[906.0018920898438, 573.000244140625, 930.0014038085938, 678.0001220703125]",2519.9458008408546,small,53.296031746031744,20.445661241887965,20.445661241887965,True,False,edge,False,FN,gamma_brighten_075,False,,,,,,0.0,0.0,gamma brighten gamma=0.75
E:\TJGY\MinPaper\MyAutoAugument\outputs\datasets\tiled\tiled_1024_ov20_full_safe_no_ok_position\images\val\2025-06-14-16-53-39ps5_tile_0006.jpg,9,轮廓划伤,"[87.00160217285156, 573.000244140625, 111.00108337402344, 678.0001220703125]",2519.942596498877,small,53.294444444444444,20.435161906666547,20.435161906666547,True,False,edge,False,FN,gamma_brighten_075,False,,,5,,,0.0,0.0,gamma brighten gamma=0.75
E:\TJGY\MinPaper\MyAutoAugument\outputs\datasets\tiled\tiled_1024_ov20_full_safe_no_ok_position\images\val\2025-06-14-16-53-39ps5_tile_0007.jpg,12,锡膏,"[611.9992065429688, 262.0001220703125, 701.0001831054688, 328.99945068359375]",5963.00567561388,small,101.16149589132986,37.46798170128969,37.46798170128969,False,False,center,False,FN,gamma_brighten_075,False,,,6,,,0.0,0.0,gamma brighten gamma=0.75
E:\TJGY\MinPaper\MyAutoAugument\outputs\datasets\tiled\tiled_1024_ov20_full_safe_no_ok_position\images\val\2025-06-14-16-53-39ps5_tile_0012.jpg,12,锡膏,"[611.9992065429688, 203.0003204345703, 701.0001831054688, 269.9996337890625]",5963.004317566752,small,101.14522891162167,37.44445544128088,37.44445544128088,False,False,center,False,FN,gamma_brighten_075,False,,,6,,,0.0,0.0,gamma brighten gamma=0.75
E:\TJGY\MinPaper\MyAutoAugument\outputs\datasets\tiled\tiled_1024_ov20_full_safe_no_ok_position\images\val\2025-06-18-06-39-05ps5_NGyuan_tile_0007.jpg,8,脏污,"[646.9990234375, 797.0001831054688, 813.9970703125, 840.0010375976562]",7181.058714151382,small,55.6344520261802,24.735676710958952,24.735676710958952,True,False,center,False,FN,gamma_brighten_075,False,,,6,,,0.0,0.0,gamma brighten gamma=0.75
E:\TJGY\MinPaper\MyAutoAugument\outputs\datasets\tiled\tiled_1024_ov20_full_safe_no_ok_position\images\val\2025-06-18-06-39-05ps5_NGyuan_tile_0007.jpg,8,脏污,"[742.9995727539062, 691.0003662109375, 796.0007934570312, 720.0]",1537.0159907639027,small,52.819128171763175,23.727055041545608,23.727055041545608,True,False,center,False,FN,gamma_brighten_075,False,,,6,,,0.0,0.0,gamma brighten gamma=0.75
E:\TJGY\MinPaper\MyAutoAugument\outputs\datasets\tiled\tiled_1024_ov20_full_safe_no_ok_position\images\val\2025-06-18-06-39-05ps5_NGyuan_tile_0012.jpg,8,脏污,"[646.9990234375, 737.9993286132812, 813.9970703125, 781.0001831054688]",7181.058714151382,small,55.635705333519006,24.722098374748796,24.722098374748796,True,False,center,False,FN,gamma_brighten_075,False,,,6,,,0.0,0.0,gamma brighten gamma=0.75
E:\TJGY\MinPaper\MyAutoAugument\outputs\datasets\tiled\tiled_1024_ov20_full_safe_no_ok_position\images\val\2025-06-18-06-39-05ps5_NGyuan_tile_0012.jpg,8,脏污,"[742.9995727539062, 632.0005493164062, 796.0007934570312, 661.0001831054688]",1537.0159907639027,small,52.82173064411191,23.741110094534566,23.741110094534566,True,False,center,False,FN,gamma_brighten_075,False,,,6,,,0.0,0.0,gamma brighten gamma=0.75
E:\TJGY\MinPaper\MyAutoAugument\outputs\datasets\tiled\tiled_1024_ov20_full_safe_no_ok_position\images\val\2025-06-28-00-58-48ps5_NGyuan_tile_0006.jpg,7,碰伤,"[860.0012817382812, 736.0010375976562, 887.9994506835938, 751.0005493164062]",419.9588631987572,tiny,58.654761904761905,26.507723064913893,26.507723064913893,True,False,edge,False,FN,gamma_brighten_075,False,0.0,0.7048912644386292,7,0.0,0.6023921370506287,0.0,0.10249912738800049,gamma brighten gamma=0.75
E:\TJGY\MinPaper\MyAutoAugument\outputs\datasets\tiled\tiled_1024_ov20_full_safe_no_ok_position\images\val\2025-06-28-00-58-48ps5_NGyuan_tile_0007.jpg,7,碰伤,"[41.00096130371094, 736.0010375976562, 68.9991683959961, 751.0005493164062]",419.95943538472056,tiny,58.62619047619047,26.560995028727742,26.560995028727742,True,False,edge,False,FN,gamma_brighten_075,False,,,1,,,0.0,0.0,gamma brighten gamma=0.75
E:\TJGY\MinPaper\MyAutoAugument\outputs\datasets\tiled\tiled_1024_ov20_full_safe_no_ok_position\images\val\2025-06-28-00-58-48ps5_NGyuan_tile_0011.jpg,7,碰伤,"[860.0012817382812, 677.001220703125, 887.9994506835938, 692.000732421875]",419.9588631987572,tiny,58.63095238095238,26.613181375072283,26.613181375072283,True,False,edge,False,FN,gamma_brighten_075,False,,,,,,0.0,0.0,gamma brighten gamma=0.75
E:\TJGY\MinPaper\MyAutoAugument\outputs\datasets\tiled\tiled_1024_ov20_full_safe_no_ok_position\images\val\2025-06-28-00-58-48ps5_NGyuan_tile_0012.jpg,7,碰伤,"[41.00096130371094, 677.001220703125, 68.9991683959961, 692.000732421875]",419.95943538472056,tiny,58.62380952380953,26.58994447892455,26.58994447892455,True,False,edge,False,FN,gamma_brighten_075,False,,,1,,,0.0,0.0,gamma brighten gamma=0.75
E:\TJGY\MinPaper\MyAutoAugument\outputs\datasets\tiled\tiled_1024_ov20_full_safe_no_ok_position\images\val\2025-06-28-07-30-46ps5_NGyuan_tile_0011.jpg,7,碰伤,"[370.9992980957031, 788.000732421875, 395.9992370605469, 801.00146484375]",325.01751704514027,tiny,57.65538461538461,8.878219342763774,8.878219342763774,True,True,center,False,FN,gamma_brighten_075,False,,,,,,0.0,0.0,gamma brighten gamma=0.75
E:\TJGY\MinPaper\MyAutoAugument\outputs\datasets\tiled\tiled_1024_ov20_full_safe_no_ok_position\images\val\2025-06-29-08-27-16ps5_NGyuan_tile_0000.jpg,7,碰伤,"[871.0021362304688, 658.0004272460938, 918.0016479492188, 671.0000610351562]",610.9764406085014,tiny,55.761047463175125,12.578598256206332,12.578598256206332,True,True,edge,False,FN,gamma_brighten_075,False,0.0,0.9233493208885193,7,0.0,0.9341381192207336,0.0,-0.010788798332214355,gamma brighten gamma=0.75
E:\TJGY\MinPaper\MyAutoAugument\outputs\datasets\tiled\tiled_1024_ov20_full_safe_no_ok_position\images\val\2025-06-29-08-27-16ps5_NGyuan_tile_0001.jpg,7,碰伤,"[52.001792907714844, 658.0004272460938, 99.00135040283203, 671.0000610351562]",610.9770356845111,tiny,55.741407528641574,12.561673869036001,12.561673869036001,True,True,edge,False,FN,gamma_brighten_075,False,,,9,,,0.0,0.0,gamma brighten gamma=0.75
E:\TJGY\MinPaper\MyAutoAugument\outputs\datasets\tiled\tiled_1024_ov20_full_safe_no_ok_position\images\val\2025-06-29-08-27-16ps5_NGyuan_tile_0007.jpg,6,漏背锡,"[618.999267578125, 306.0003967285156, 836.000244140625, 432.0005187988281]",27342.14953625202,medium,104.82481164508815,65.53607339766639,65.53607339766639,False,False,center,False,FN,gamma_brighten_075,False,,,12,,,0.0,0.0,gamma brighten gamma=0.75
E:\TJGY\MinPaper\MyAutoAugument\outputs\datasets\tiled\tiled_1024_ov20_full_safe_no_ok_position\images\val\2025-06-29-08-27-16ps5_NGyuan_tile_0012.jpg,6,漏背锡,"[618.999267578125, 247.00057983398438, 836.000244140625, 373.0007019042969]",27342.14953625202,medium,104.82283666154633,65.53497091198456,65.53497091198456,False,False,center,False,FN,gamma_brighten_075,False,,,12,,,0.0,0.0,gamma brighten gamma=0.75
E:\TJGY\MinPaper\MyAutoAugument\outputs\datasets\tiled\tiled_1024_ov20_full_safe_no_ok_position\images\val\2025-07-13-20-08-46ps5_NGyuan_tile_0007.jpg,7,碰伤,"[928.0010375976562, 9.999872207641602, 975.0005493164062, 28.000768661499023]",846.0333438310772,tiny,54.854609929078016,14.40297763660568,14.40297763660568,True,True,corner,False,FN,gamma_brighten_075,False,,,11,,,0.0,0.0,gamma brighten gamma=0.75
E:\TJGY\MinPaper\MyAutoAugument\outputs\datasets\tiled\tiled_1024_ov20_full_safe_no_ok_position\images\val\2025-07-13-20-08-46ps5_NGyuan_tile_0007.jpg,11,锡尖,"[421.001220703125, 619.9987182617188, 494.99957275390625, 666.9993286132812]",3477.9677113965154,small,123.09488211615871,65.90531720864378,65.90531720864378,False,False,center,False,FN,gamma_brighten_075,False,0.0,0.9944520592689514,11,0.0,0.9944475889205933,0.0,4.470348358154297e-06,gamma brighten gamma=0.75
E:\TJGY\MinPaper\MyAutoAugument\outputs\datasets\tiled\tiled_1024_ov20_full_safe_no_ok_position\images\val\2025-07-13-20-08-46ps5_NGyuan_tile_0008.jpg,7,碰伤,"[109.0017318725586, 9.999872207641602, 156.00128173828125, 28.000768661499023]",846.034030510782,tiny,54.892434988179666,14.35571448989137,14.35571448989137,True,True,corner,False,FN,gamma_brighten_075,False,,,,,,0.0,0.0,gamma brighten gamma=0.75
E:\TJGY\MinPaper\MyAutoAugument\outputs\datasets\tiled\tiled_1024_ov20_full_safe_no_ok_position\images\val\2025-07-13-20-08-46ps5_NGyuan_tile_0008.jpg,1,OK3,"[3.9976959228515625, 835.999755859375, 160.99942016601562, 889.9993896484375]",8478.035613382235,small,36.99728709601321,7.181065191702025,7.181065191702025,True,True,corner,False,FN,gamma_brighten_075,False,,,,,,0.0,0.0,gamma brighten gamma=0.75
E:\TJGY\MinPaper\MyAutoAugument\outputs\datasets\tiled\tiled_1024_ov20_full_safe_no_ok_position\images\val\2025-07-13-20-08-46ps5_NGyuan_tile_0012.jpg,11,锡尖,"[421.001220703125, 560.9989013671875, 494.99957275390625, 607.99951171875]",3477.9677113965154,small,123.08539390454284,65.88729036054909,65.88729036054909,False,False,center,False,FN,gamma_brighten_075,False,0.0,0.9982959628105164,11,0.0,0.9976463913917542,0.0,0.000649571418762207,gamma brighten gamma=0.75
E:\TJGY\MinPaper\MyAutoAugument\outputs\datasets\tiled\tiled_1024_ov20_full_safe_no_ok_position\images\val\2025-07-13-20-08-46ps5_NGyuan_tile_0013.jpg,1,OK3,"[3.9976959228515625, 776.9999389648438, 160.99942016601562, 830.9995727539062]",8478.035613382235,small,37.001179523472516,7.193464342911849,7.193464342911849,True,True,edge,False,FN,gamma_brighten_075,False,,,,,,0.0,0.0,gamma brighten gamma=0.75
E:\TJGY\MinPaper\MyAutoAugument\outputs\datasets\tiled\tiled_1024_ov20_full_safe_no_ok_position\images\val\2025-07-14-19-29-20ps5_tile_0007.jpg,7,碰伤,"[916.0017700195312, -0.0005116462707519531, 937.0020141601562, 11.999744415283203]",252.00830704264808,tiny,30.4484126984127,7.5693432870978965,7.5693432870978965,True,True,corner,True,FN,gamma_brighten_075,False,,,11,,,0.0,0.0,gamma brighten gamma=0.75
E:\TJGY\MinPaper\MyAutoAugument\outputs\datasets\tiled\tiled_1024_ov20_full_safe_no_ok_position\images\val\2025-07-14-19-29-20ps5_tile_0008.jpg,7,碰伤,"[97.00147247314453, -0.0005116462707519531, 118.00167083740234, 11.999744415283203]",252.00775771452027,tiny,30.48015873015873,7.472409779402671,7.472409779402671,True,True,corner,True,FN,gamma_brighten_075,False,,,,,,0.0,0.0,gamma brighten gamma=0.75
E:\TJGY\MinPaper\MyAutoAugument\outputs\datasets\tiled\tiled_1024_ov20_full_safe_no_ok_position\images\val\2025-07-21-20-56-48ps5_NGyuan_tile_0000.jpg,7,碰伤,"[873.9989013671875, 906.0003662109375, 905.9998779296875, 920.00048828125]",448.0175782442093,tiny,74.57589285714286,14.53255425351571,14.53255425351571,False,True,corner,False,FN,gamma_brighten_075,False,,,,,,0.0,0.0,gamma brighten gamma=0.75
E:\TJGY\MinPaper\MyAutoAugument\outputs\datasets\tiled\tiled_1024_ov20_full_safe_no_ok_position\images\val\2025-07-21-20-56-48ps5_NGyuan_tile_0001.jpg,7,碰伤,"[54.99852752685547, 906.0003662109375, 86.99954986572266, 920.00048828125]",448.01821911893785,tiny,74.62946428571429,14.538318447621059,14.538318447621059,False,True,corner,False,FN,gamma_brighten_075,False,,,,,,0.0,0.0,gamma brighten gamma=0.75
E:\TJGY\MinPaper\MyAutoAugument\outputs\datasets\tiled\tiled_1024_ov20_full_safe_no_ok_position\images\val\2025-07-21-20-56-48ps5_NGyuan_tile_0005.jpg,7,碰伤,"[873.9989013671875, 87.00006866455078, 905.9998779296875, 101.00019073486328]",448.0175782442093,tiny,74.60714285714286,14.57989512433936,14.57989512433936,False,True,corner,False,FN,gamma_brighten_075,False,,,,,,0.0,0.0,gamma brighten gamma=0.75
E:\TJGY\MinPaper\MyAutoAugument\outputs\datasets\tiled\tiled_1024_ov20_full_safe_no_ok_position\images\val\2025-07-21-20-56-48ps5_NGyuan_tile_0006.jpg,7,碰伤,"[54.99852752685547, 87.00006866455078, 86.99954986572266, 101.00019073486328]",448.01821911893785,tiny,74.55357142857143,14.568397356285017,14.568397356285017,False,True,corner,False,FN,gamma_brighten_075,False,,,,,,0.0,0.0,gamma brighten gamma=0.75
E:\TJGY\MinPaper\MyAutoAugument\outputs\datasets\tiled\tiled_1024_ov20_full_safe_no_ok_position\images\val\2025-07-21-20-56-48ps5_NGyuan_tile_0010.jpg,7,碰伤,"[873.9989013671875, 28.000255584716797, 905.9998779296875, 42.00038528442383]",448.01782239228487,tiny,74.62276785714286,14.539604761639193,14.539604761639193,False,True,corner,False,FN,gamma_brighten_075,False,,,,,,0.0,0.0,gamma brighten gamma=0.75
E:\TJGY\MinPaper\MyAutoAugument\outputs\datasets\tiled\tiled_1024_ov20_full_safe_no_ok_position\images\val\2025-07-21-20-56-48ps5_NGyuan_tile_0011.jpg,7,碰伤,"[54.99852752685547, 28.000255584716797, 86.99954986572266, 42.00038528442383]",448.0184632673627,tiny,74.55357142857143,14.558128121010444,14.558128121010444,False,True,corner,False,FN,gamma_brighten_075,False,,,,,,0.0,0.0,gamma brighten gamma=0.75
E:\TJGY\MinPaper\MyAutoAugument\outputs\datasets\tiled\tiled_1024_ov20_full_safe_no_ok_position\images\val\2025-08-01-18-25-43ps5_NGyuan_tile_0005.jpg,7,碰伤,"[543.9989624023438, 789.001708984375, 570.9977416992188, 800.00048828125]",296.9536147713661,tiny,67.12121212121212,12.43429009826994,12.43429009826994,False,True,center,False,FN,gamma_brighten_075,False,,,,,,0.0,0.0,gamma brighten gamma=0.75
E:\TJGY\MinPaper\MyAutoAugument\outputs\datasets\tiled\tiled_1024_ov20_full_safe_no_ok_position\images\val\2025-08-01-18-25-43ps5_NGyuan_tile_0010.jpg,7,碰伤,"[543.9989624023438, 730.0018920898438, 570.9977416992188, 741.0006713867188]",296.9536147713661,tiny,67.14141414141415,12.336753635219289,12.336753635219289,False,True,center,False,FN,gamma_brighten_075,False,,,,,,0.0,0.0,gamma brighten gamma=0.75
E:\TJGY\MinPaper\MyAutoAugument\outputs\datasets\tiled\tiled_1024_ov20_full_safe_no_ok_position\images\val\2025-08-01-19-07-33ps5_tile_0001.jpg,7,碰伤,"[683.999755859375, 750.0001220703125, 761.00146484375, 764.9996337890625]",1154.98803627491,small,77.10822510822511,13.52277129892412,13.52277129892412,False,True,center,False,FN,gamma_brighten_075,True,0.5483510494232178,0.5624560713768005,7,0.5555399060249329,0.6593897342681885,-0.007188856601715088,-0.09693366289138794,gamma brighten gamma=0.75
E:\TJGY\MinPaper\MyAutoAugument\outputs\datasets\tiled\tiled_1024_ov20_full_safe_no_ok_position\images\val\2025-08-01-19-07-33ps5_tile_0007.jpg,12,锡膏,"[602.0009155273438, 437.001220703125, 640.9999389648438, 562.0009155273438]",4874.8660281300545,small,132.29107692307693,25.70673247882104,25.70673247882104,False,False,center,False,FN,gamma_brighten_075,False,,,7,,,0.0,0.0,gamma brighten gamma=0.75
E:\TJGY\MinPaper\MyAutoAugument\outputs\datasets\tiled\tiled_1024_ov20_full_safe_no_ok_position\images\val\2025-08-01-19-15-54ps5_NGyuan_tile_0001.jpg,9,轮廓划伤,"[265.0019836425781, 812.000244140625, 301.0017395019531, 862.0001220703125]",1799.9833984673023,small,92.58722222222222,13.851881262347467,13.851881262347467,False,True,edge,False,FN,gamma_brighten_075,False,,,4,,,0.0,0.0,gamma brighten gamma=0.75
E:\TJGY\MinPaper\MyAutoAugument\outputs\datasets\tiled\tiled_1024_ov20_full_safe_no_ok_position\images\val\2025-08-01-19-15-54ps5_NGyuan_tile_0001.jpg,7,碰伤,"[678.99853515625, 792.9989013671875, 731.0003662109375, 860.9986572265625]",3536.111815959215,small,97.78082579185521,11.439135858198433,11.439135858198433,False,True,edge,False,FN,gamma_brighten_075,False,0.0,0.8354617953300476,7,0.0,0.8984742164611816,0.0,-0.06301242113113403,gamma brighten gamma=0.75
E:\TJGY\MinPaper\MyAutoAugument\outputs\datasets\tiled\tiled_1024_ov20_full_safe_no_ok_position\images\val\2025-08-01-19-15-54ps5_NGyuan_tile_0007.jpg,9,轮廓划伤,"[883.9992065429688, 939.0003051757812, 937.0004272460938, 1011.0007934570312]",3816.1137701272964,small,75.7541928721174,8.36023069434036,8.36023069434036,False,True,corner,False,FN,gamma_brighten_075,False,,,1,,,0.0,0.0,gamma brighten gamma=0.75
E:\TJGY\MinPaper\MyAutoAugument\outputs\datasets\tiled\tiled_1024_ov20_full_safe_no_ok_position\images\val\2025-08-01-19-15-54ps5_NGyuan_tile_0008.jpg,9,轮廓划伤,"[64.99890899658203, 939.0003051757812, 118.00012969970703, 1011.0007934570312]",3816.1137701272964,small,75.75104821802935,8.342785454022351,8.342785454022351,False,True,corner,False,FN,gamma_brighten_075,False,,,,,,0.0,0.0,gamma brighten gamma=0.75
E:\TJGY\MinPaper\MyAutoAugument\outputs\datasets\tiled\tiled_1024_ov20_full_safe_no_ok_position\images\val\2025-08-01-19-15-54ps5_NGyuan_tile_0010.jpg,9,轮廓划伤,"[320.0010070800781, 846.0001220703125, 367.0005798339844, 917.000244140625]",3336.975402779877,small,73.16332034761763,7.190210572874346,7.190210572874346,False,True,edge,False,FN,gamma_brighten_075,False,,,7,,,0.0,0.0,gamma brighten gamma=0.75
E:\TJGY\MinPaper\MyAutoAugument\outputs\datasets\tiled\tiled_1024_ov20_full_safe_no_ok_position\images\val\2025-08-04-12-33-32ps5_NGyuan_tile_0007.jpg,12,锡膏,"[372.0007629394531, 490.9992980957031, 429.0007019042969, 573.0001831054688]",4674.045440619811,small,181.8913136499786,36.092790329431004,36.092790329431004,False,False,center,False,FN,gamma_brighten_075,False,0.0,0.9569128155708313,12,0.0,0.9773492217063904,0.0,-0.020436406135559082,gamma brighten gamma=0.75
E:\TJGY\MinPaper\MyAutoAugument\outputs\datasets\tiled\tiled_1024_ov20_full_safe_no_ok_position\images\val\2025-08-04-12-33-32ps5_NGyuan_tile_0012.jpg,12,锡膏,"[372.0007629394531, 431.9994812011719, 429.0007019042969, 514.0003662109375]",4674.045440619811,small,181.89602053915277,36.09129258574198,36.09129258574198,False,False,center,False,FN,gamma_brighten_075,False,0.0,0.9702184796333313,12,0.0,0.984855592250824,0.0,-0.014637112617492676,gamma brighten gamma=0.75
E:\TJGY\MinPaper\MyAutoAugument\outputs\datasets\tiled\tiled_1024_ov20_full_safe_no_ok_position\images\val\2025-08-11-12-08-10ps5_NGyuan_tile_0002.jpg,7,碰伤,"[579.0007934570312, 712.9994506835938, 612.0012817382812, 721.9993286132812]",297.00036615133286,tiny,61.54545454545455,12.719405938158081,12.719405938158081,False,True,center,False,FN,gamma_brighten_075,False,,,,,,0.0,0.0,gamma brighten gamma=0.75
E:\TJGY\MinPaper\MyAutoAugument\outputs\datasets\tiled\tiled_1024_ov20_full_safe_no_ok_position\images\val\2025-08-11-19-47-12ps5_tile_0002.jpg,10,锡丝残留,"[450.9997863769531, 899.0007934570312, 515.0007934570312, 1014.0011596679688]",7360.139252077788,small,90.81888586956522,29.39094057510151,29.39094057510151,False,False,edge,False,FN,gamma_brighten_075,False,,,,,,0.0,0.0,gamma brighten gamma=0.75
E:\TJGY\MinPaper\MyAutoAugument\outputs\datasets\tiled\tiled_1024_ov20_full_safe_no_ok_position\images\val\2025-08-11-19-47-12ps5_tile_0012.jpg,10,锡丝残留,"[450.9997863769531, 21.000701904296875, 515.0007934570312, 136.0010223388672]",7360.136322344188,small,90.81589673913044,29.391555325766586,29.391555325766586,False,False,edge,False,FN,gamma_brighten_075,False,,,1,,,0.0,0.0,gamma brighten gamma=0.75
E:\TJGY\MinPaper\MyAutoAugument\outputs\datasets\tiled\tiled_1024_ov20_full_safe_no_ok_position\images\val\2025-08-11-19-48-33ps5_tile_0002.jpg,10,锡丝残留,"[583.0010375976562, 918.9995727539062, 650.0014038085938, 1013.9990844726562]",6365.002075016499,small,82.86457187745484,29.289360786741216,29.289360786741216,False,False,edge,False,FN,gamma_brighten_075,False,,,11,,,0.0,0.0,gamma brighten gamma=0.75
E:\TJGY\MinPaper\MyAutoAugument\outputs\datasets\tiled\tiled_1024_ov20_full_safe_no_ok_position\images\val\2025-08-11-19-48-33ps5_tile_0007.jpg,10,锡丝残留,"[583.0010375976562, 99.99923706054688, 650.0014038085938, 194.998779296875]",6365.004119705409,small,82.88578161822467,29.26549908145222,29.26549908145222,False,False,edge,False,FN,gamma_brighten_075,False,,,11,,,0.0,0.0,gamma brighten gamma=0.75
E:\TJGY\MinPaper\MyAutoAugument\outputs\datasets\tiled\tiled_1024_ov20_full_safe_no_ok_position\images\val\2025-08-11-19-48-33ps5_tile_0012.jpg,10,锡丝残留,"[583.0010375976562, 40.99942398071289, 650.0014038085938, 135.9989776611328]",6365.00488646375,small,82.8725844461901,29.26325957101295,29.26325957101295,False,False,edge,False,FN,gamma_brighten_075,False,,,11,,,0.0,0.0,gamma brighten gamma=0.75
E:\TJGY\MinPaper\MyAutoAugument\outputs\datasets\tiled\tiled_1024_ov20_full_safe_no_ok_position\images\val\2025-08-11-19-48-39ps5_tile_0002.jpg,11,锡尖,"[260.00177001953125, 969.9993896484375, 426.99981689453125, 1022.0001220703125]",8684.020750522614,small,131.6589129433441,28.84888457853096,28.84888457853096,False,False,edge,False,FN,gamma_brighten_075,False,,,,,,0.0,0.0,gamma brighten gamma=0.75
E:\TJGY\MinPaper\MyAutoAugument\outputs\datasets\tiled\tiled_1024_ov20_full_safe_no_ok_position\images\val\2025-08-12-01-35-13ps5_NGyuan_tile_0008.jpg,7,碰伤,"[284.9986572265625, 695.0006103515625, 294.9990234375, 707.0008544921875]",120.00683602690697,tiny,68.83333333333333,13.364338949441365,13.364338949441365,False,True,center,False,FN,gamma_brighten_075,False,,,1,,,0.0,0.0,gamma brighten gamma=0.75
E:\TJGY\MinPaper\MyAutoAugument\outputs\datasets\tiled\tiled_1024_ov20_full_safe_no_ok_position\images\val\2025-08-12-01-35-13ps5_NGyuan_tile_0009.jpg,7,碰伤,"[169.9983367919922, 695.0006103515625, 179.9987335205078, 707.0008544921875]",120.00720224529505,tiny,68.89166666666667,13.415038721110308,13.415038721110308,False,True,edge,False,FN,gamma_brighten_075,False,,,,,,0.0,0.0,gamma brighten gamma=0.75
E:\TJGY\MinPaper\MyAutoAugument\outputs\datasets\tiled\tiled_1024_ov20_full_safe_no_ok_position\images\val\2025-08-12-01-35-13ps5_NGyuan_tile_0013.jpg,7,碰伤,"[284.9986572265625, 635.999755859375, 294.9990234375, 648.0]",120.00683602690697,tiny,68.75,13.430841373495555,13.430841373495555,False,True,center,False,FN,gamma_brighten_075,False,,,1,,,0.0,0.0,gamma brighten gamma=0.75
E:\TJGY\MinPaper\MyAutoAugument\outputs\datasets\tiled\tiled_1024_ov20_full_safe_no_ok_position\images\val\2025-08-12-01-35-13ps5_NGyuan_tile_0014.jpg,7,碰伤,"[169.9983367919922, 635.999755859375, 179.9987335205078, 648.0]",120.00720224529505,tiny,68.825,13.406256313129825,13.406256313129825,False,True,edge,False,FN,gamma_brighten_075,False,,,,,,0.0,0.0,gamma brighten gamma=0.75
E:\TJGY\MinPaper\MyAutoAugument\outputs\datasets\tiled\tiled_1024_ov20_full_safe_no_ok_position\images\val\2025-08-21-05-20-58ps5_NGyuan_tile_0010.jpg,7,碰伤,"[778.0018920898438, 644.0003051757812, 802.0014038085938, 658.0014038085938]",336.0195307135582,tiny,98.25297619047619,9.744885261578911,9.744885261578911,False,True,center,False,FN,gamma_brighten_075,False,,,,,,0.0,0.0,gamma brighten gamma=0.75
E:\TJGY\MinPaper\MyAutoAugument\outputs\datasets\tiled\tiled_1024_ov20_full_safe_no_ok_position\images\val\2025-09-02-07-01-17ps5_NGyuan_tile_0007.jpg,11,锡尖,"[728.0009765625, 371.9992370605469, 780.0028076171875, 418.9997863769531]",2444.114625029266,small,91.18780687397708,32.5586892764388,32.5586892764388,False,False,center,False,FN,gamma_brighten_075,False,,,,,,0.0,0.0,gamma brighten gamma=0.75
E:\TJGY\MinPaper\MyAutoAugument\outputs\datasets\tiled\tiled_1024_ov20_full_safe_no_ok_position\images\val\2025-09-02-07-01-17ps5_NGyuan_tile_0012.jpg,11,锡尖,"[728.0009765625, 312.99945068359375, 780.0028076171875, 360.0]",2444.114625029266,small,91.1665302782324,32.57385679580332,32.57385679580332,False,False,center,False,FN,gamma_brighten_075,False,,,,,,0.0,0.0,gamma brighten gamma=0.75
E:\TJGY\MinPaper\MyAutoAugument\outputs\datasets\tiled\tiled_1024_ov20_full_safe_no_ok_position\images\val\2025-09-02-08-24-16ps5_NGyuan_tile_0001.jpg,7,碰伤,"[504.9999084472656, 779.999755859375, 529.9998168945312, 790.99853515625]",274.9684754535556,tiny,67.17090909090909,16.44328735908832,16.44328735908832,False,True,center,False,FN,gamma_brighten_075,False,,,,,,0.0,0.0,gamma brighten gamma=0.75
E:\TJGY\MinPaper\MyAutoAugument\outputs\datasets\tiled\tiled_1024_ov20_full_safe_no_ok_position\images\val\2025-09-02-15-04-54ps5_NGyuan_tile_0007.jpg,6,漏背锡,"[592.9998779296875, 346.0003662109375, 857.9998779296875, 424.99993896484375]",20934.886779785156,medium,93.02302364461428,40.044814221721936,40.044814221721936,False,False,center,False,FN,gamma_brighten_075,False,0.25064677000045776,0.46319591999053955,6,0.25203555822372437,0.6360679864883423,-0.0013887882232666016,-0.17287206649780273,gamma brighten gamma=0.75
E:\TJGY\MinPaper\MyAutoAugument\outputs\datasets\tiled\tiled_1024_ov20_full_safe_no_ok_position\images\val\2025-09-02-15-04-54ps5_NGyuan_tile_0012.jpg,6,漏背锡,"[592.9998779296875, 287.0005798339844, 857.9998779296875, 366.0001525878906]",20934.886779785156,medium,93.03625507523286,40.043653921247,40.043653921247,False,False,center,False,FN,gamma_brighten_075,False,0.2608218193054199,0.7258135676383972,6,0.2679309844970703,0.768899142742157,-0.007109165191650391,-0.043085575103759766,gamma brighten gamma=0.75
E:\TJGY\MinPaper\MyAutoAugument\outputs\datasets\tiled\tiled_1024_ov20_full_safe_no_ok_position\images\val\2025-09-02-20-35-27ps5_NGyuan_tile_0007.jpg,6,漏背锡,"[495.9979248046875, 399.0010681152344, 710.9990234375, 448.0005187988281]",10534.935729376972,medium,142.15007119126722,62.38630949557069,62.38630949557069,False,False,center,False,FN,gamma_brighten_075,False,0.0,0.8329642415046692,6,0.0,0.8630314469337463,0.0,-0.03006720542907715,gamma brighten gamma=0.75
E:\TJGY\MinPaper\MyAutoAugument\outputs\datasets\tiled\tiled_1024_ov20_full_safe_no_ok_position\images\val\2025-09-09-21-08-16ps5_tile_0005.jpg,7,碰伤,"[620.9991455078125, 429.00018310546875, 674.0003662109375, 473.9998779296875]",2385.0387569516897,small,83.34633123689727,8.341202081152689,8.341202081152689,False,True,center,False,FN,gamma_brighten_075,False,,,,,,0.0,0.0,gamma brighten gamma=0.75
E:\TJGY\MinPaper\MyAutoAugument\outputs\datasets\tiled\tiled_1024_ov20_full_safe_no_ok_position\images\val\2025-09-09-21-08-16ps5_tile_0010.jpg,7,碰伤,"[620.9991455078125, 370.0003662109375, 674.0003662109375, 415.00006103515625]",2385.0387569516897,small,83.31949685534592,8.310901718698924,8.310901718698924,False,True,center,False,FN,gamma_brighten_075,False,,,,,,0.0,0.0,gamma brighten gamma=0.75
E:\TJGY\MinPaper\MyAutoAugument\outputs\datasets\tiled\tiled_1024_ov20_full_safe_no_ok_position\images\val\2025-09-09-21-09-08ps5_tile_0002.jpg,7,碰伤,"[268.99969482421875, 636.000244140625, 350.0001220703125, 668.9996337890625]",2672.964660383761,small,71.33370744481856,13.990167208105312,13.990167208105312,False,True,center,False,FN,gamma_brighten_075,False,0.0,0.38551583886146545,7,,,0.0,0.38551583886146545,gamma brighten gamma=0.75
E:\TJGY\MinPaper\MyAutoAugument\outputs\datasets\tiled\tiled_1024_ov20_full_safe_no_ok_position\images\val\2025-09-09-21-09-08ps5_tile_0002.jpg,7,碰伤,"[896.0, 637.0001831054688, 967.99951171875, 685.9995727539062]",3527.932129204273,small,60.058956916099774,24.542952173817785,24.542952173817785,False,False,edge,False,FN,gamma_brighten_075,True,0.6891815066337585,0.38551583886146545,7,,,0.6891815066337585,0.38551583886146545,gamma brighten gamma=0.75
E:\TJGY\MinPaper\MyAutoAugument\outputs\datasets\tiled\tiled_1024_ov20_full_safe_no_ok_position\images\val\2025-09-09-21-09-08ps5_tile_0003.jpg,7,碰伤,"[77.00070190429688, 637.0001831054688, 149.0001983642578, 685.9995727539062]",3527.9313815329224,small,60.06235827664399,24.52822591520583,24.52822591520583,False,False,edge,False,FN,gamma_brighten_075,False,,,,,,0.0,0.0,gamma brighten gamma=0.75
E:\TJGY\MinPaper\MyAutoAugument\outputs\datasets\tiled\tiled_1024_ov20_full_safe_no_ok_position\images\val\2025-09-09-21-09-08ps5_tile_0006.jpg,9,轮廓划伤,"[423.0005798339844, 792.00048828125, 472.9994201660156, 853.9996337890625]",3099.8853769674897,small,73.83129032258064,11.283484431491578,11.283484431491578,False,True,edge,False,FN,gamma_brighten_075,False,,,7,,,0.0,0.0,gamma brighten gamma=0.75
E:\TJGY\MinPaper\MyAutoAugument\outputs\datasets\tiled\tiled_1024_ov20_full_safe_no_ok_position\images\val\2025-09-09-21-09-08ps5_tile_0011.jpg,9,轮廓划伤,"[423.0005798339844, 733.0006713867188, 472.9994201660156, 794.9998168945312]",3099.8853769674897,small,73.80677419354839,11.264664388596808,11.264664388596808,False,True,center,False,FN,gamma_brighten_075,False,,,7,,,0.0,0.0,gamma brighten gamma=0.75
E:\TJGY\MinPaper\MyAutoAugument\outputs\datasets\tiled\tiled_1024_ov20_full_safe_no_ok_position\images\val\2025-09-15-17-40-22ps5_tile_0002.jpg,2,加强筋打伤,"[780.000244140625, 491.00030517578125, 825.0009765625, 563.0007934570312]",3240.074707388878,small,58.91203703703704,12.028771200385384,12.028771200385384,True,True,center,False,FN,gamma_brighten_075,False,,,0,,,0.0,0.0,gamma brighten gamma=0.75
E:\TJGY\MinPaper\MyAutoAugument\outputs\datasets\tiled\tiled_1024_ov20_full_safe_no_ok_position\images\val\2025-09-15-17-40-45ps5_tile_0003.jpg,9,轮廓划伤,"[614.99853515625, 768.9994506835938, 658.998779296875, 878.9995727539062]",4840.032226592302,small,43.10144628099174,5.880616532374243,5.880616532374243,True,True,edge,False,FN,gamma_brighten_075,False,0.0,0.9105416536331177,9,0.0,0.8685526251792908,0.0,0.041989028453826904,gamma brighten gamma=0.75
E:\TJGY\MinPaper\MyAutoAugument\outputs\datasets\tiled\tiled_1024_ov20_full_safe_no_ok_position\images\val\2025-09-15-17-40-45ps5_tile_0005.jpg,7,碰伤,"[658.001953125, 365.9991149902344, 696.00048828125, 410.0003967285156]",1671.9842510521412,small,80.13516746411483,19.512654649717266,19.512654649717266,False,True,center,False,FN,gamma_brighten_075,False,,,2,,,0.0,0.0,gamma brighten gamma=0.75
E:\TJGY\MinPaper\MyAutoAugument\outputs\datasets\tiled\tiled_1024_ov20_full_safe_no_ok_position\images\val\2025-09-15-17-40-45ps5_tile_0008.jpg,9,轮廓划伤,"[667.999755859375, 143.99948120117188, 736.00048828125, 280.0]",9248.134888075292,small,52.046820934256054,11.056431250044772,11.056431250044772,True,True,center,False,FN,gamma_brighten_075,False,0.0,0.5613972544670105,9,0.0,0.6813665628433228,0.0,-0.11996930837631226,gamma brighten gamma=0.75
E:\TJGY\MinPaper\MyAutoAugument\outputs\datasets\tiled\tiled_1024_ov20_full_safe_no_ok_position\images\val\2025-09-15-17-40-45ps5_tile_0009.jpg,9,轮廓划伤,"[552.9994506835938, 143.99948120117188, 621.0001831054688, 280.0]",9248.134888075292,small,52.04163062283737,11.041174963422284,11.041174963422284,True,True,center,False,FN,gamma_brighten_075,False,0.43547922372817993,0.4579058587551117,9,0.0,0.4902084767818451,0.43547922372817993,-0.0323026180267334,gamma brighten gamma=0.75
E:\TJGY\MinPaper\MyAutoAugument\outputs\datasets\tiled\tiled_1024_ov20_full_safe_no_ok_position\images\val\2025-09-15-17-40-45ps5_tile_0013.jpg,9,轮廓划伤,"[588.0007934570312, 129.9998779296875, 647.0005493164062, 266.998779296875]",8082.901733666658,small,45.12247927749598,7.320491860402777,7.320491860402777,True,True,edge,False,FN,gamma_brighten_075,False,,,7,,,0.0,0.0,gamma brighten gamma=0.75
E:\TJGY\MinPaper\MyAutoAugument\outputs\datasets\tiled\tiled_1024_ov20_full_safe_no_ok_position\images\val\2025-09-15-17-40-45ps5_tile_0013.jpg,9,轮廓划伤,"[667.999755859375, 84.99967956542969, 736.00048828125, 221.0001983642578]",9248.134888075292,small,52.05590397923876,11.051302284552333,11.051302284552333,True,True,edge,False,FN,gamma_brighten_075,False,,,7,,,0.0,0.0,gamma brighten gamma=0.75
E:\TJGY\MinPaper\MyAutoAugument\outputs\datasets\tiled\tiled_1024_ov20_full_safe_no_ok_position\images\val\2025-09-17-00-42-01ps5_NGyuan_tile_0002.jpg,9,轮廓划伤,"[569.9998779296875, 440.9994201660156, 608.9989013671875, 531.9992065429688]",3548.902801722288,small,82.39165962242885,19.955258444015058,19.955258444015058,False,True,center,False,FN,gamma_brighten_075,False,,,7,,,0.0,0.0,gamma brighten gamma=0.75
E:\TJGY\MinPaper\MyAutoAugument\outputs\datasets\tiled\tiled_1024_ov20_full_safe_no_ok_position\images\val\2025-09-17-00-42-01ps5_NGyuan_tile_0003.jpg,9,轮廓划伤,"[88.99993896484375, 451.99920654296875, 134.00064086914062, 546.998779296875]",4275.0474545340985,small,61.53426900584795,16.561533177541072,16.561533177541072,False,True,edge,False,FN,gamma_brighten_075,False,,,,,,0.0,0.0,gamma brighten gamma=0.75
E:\TJGY\MinPaper\MyAutoAugument\outputs\datasets\tiled\tiled_1024_ov20_full_safe_no_ok_position\images\val\2025-09-17-00-42-01ps5_NGyuan_tile_0007.jpg,9,轮廓划伤,"[825.9993286132812, 569.0009765625, 861.9990844726562, 658.0008544921875]",3203.9738769829273,small,82.04119850187266,27.04385951819281,27.04385951819281,False,False,edge,False,FN,gamma_brighten_075,False,,,4,,,0.0,0.0,gamma brighten gamma=0.75
E:\TJGY\MinPaper\MyAutoAugument\outputs\datasets\tiled\tiled_1024_ov20_full_safe_no_ok_position\images\val\2025-09-17-00-42-01ps5_NGyuan_tile_0007.jpg,9,轮廓划伤,"[464.9989318847656, 554.0003662109375, 508.9991760253906, 646.0006103515625]",4048.0332031846046,small,88.09510869565217,25.228170146891692,25.228170146891692,False,False,center,False,FN,gamma_brighten_075,False,,,4,,,0.0,0.0,gamma brighten gamma=0.75
E:\TJGY\MinPaper\MyAutoAugument\outputs\datasets\tiled\tiled_1024_ov20_full_safe_no_ok_position\images\val\2025-09-17-00-42-01ps5_NGyuan_tile_0008.jpg,9,轮廓划伤,"[6.999040603637695, 569.0009765625, 42.99878692626953, 658.0008544921875]",3203.97302821395,small,82.03558052434457,27.060123698453427,27.060123698453427,False,False,edge,False,FN,gamma_brighten_075,False,,,4,,,0.0,0.0,gamma brighten gamma=0.75
E:\TJGY\MinPaper\MyAutoAugument\outputs\datasets\tiled\tiled_1024_ov20_full_safe_no_ok_position\images\val\2025-09-17-00-42-01ps5_NGyuan_tile_0012.jpg,9,轮廓划伤,"[825.9993286132812, 510.0011291503906, 861.9990844726562, 599.0010986328125]",3203.977172859013,small,82.05087390761548,27.03131251511788,27.03131251511788,False,False,edge,False,FN,gamma_brighten_075,False,,,4,,,0.0,0.0,gamma brighten gamma=0.75
E:\TJGY\MinPaper\MyAutoAugument\outputs\datasets\tiled\tiled_1024_ov20_full_safe_no_ok_position\images\val\2025-09-17-00-42-01ps5_NGyuan_tile_0012.jpg,9,轮廓划伤,"[464.9989318847656, 495.0006103515625, 508.9991760253906, 587.0008544921875]",4048.0332031846046,small,88.0909090909091,25.217132883679668,25.217132883679668,False,False,center,False,FN,gamma_brighten_075,False,,,4,,,0.0,0.0,gamma brighten gamma=0.75
E:\TJGY\MinPaper\MyAutoAugument\outputs\datasets\tiled\tiled_1024_ov20_full_safe_no_ok_position\images\val\2025-09-17-00-42-01ps5_NGyuan_tile_0013.jpg,9,轮廓划伤,"[6.999040603637695, 510.0011291503906, 42.99878692626953, 599.0010986328125]",3203.9763240891625,small,82.05149812734082,27.05617049169587,27.05617049169587,False,False,edge,False,FN,gamma_brighten_075,False,,,4,,,0.0,0.0,gamma brighten gamma=0.75
E:\TJGY\MinPaper\MyAutoAugument\outputs\datasets\tiled\tiled_1024_ov20_full_safe_no_ok_position\images\val\2025-09-17-01-04-57ps5_NGyuan_tile_0007.jpg,7,碰伤,"[943.9984741210938, 549.001220703125, 1022.9990844726562, 661.000244140625]",8847.991210341454,small,70.38438065099457,27.789816997064424,27.789816997064424,False,False,edge,False,FN,gamma_brighten_075,False,,,0,,,0.0,0.0,gamma brighten gamma=0.75
E:\TJGY\MinPaper\MyAutoAugument\outputs\datasets\tiled\tiled_1024_ov20_full_safe_no_ok_position\images\val\2025-09-17-01-04-57ps5_NGyuan_tile_0009.jpg,7,碰伤,"[9.997825622558594, 549.001220703125, 88.99839782714844, 661.000244140625]",8847.986937917769,small,70.39500452079567,27.785352623891168,27.785352623891168,False,False,edge,False,FN,gamma_brighten_075,False,,,,,,0.0,0.0,gamma brighten gamma=0.75
E:\TJGY\MinPaper\MyAutoAugument\outputs\datasets\tiled\tiled_1024_ov20_full_safe_no_ok_position\images\val\2025-09-17-01-04-57ps5_NGyuan_tile_0012.jpg,7,碰伤,"[943.9984741210938, 490.0014343261719, 1022.9990844726562, 602.0004272460938]",8847.988799434155,small,70.38381555153707,27.781154746340547,27.781154746340547,False,False,edge,False,FN,gamma_brighten_075,False,,,1,,,0.0,0.0,gamma brighten gamma=0.75
E:\TJGY\MinPaper\MyAutoAugument\outputs\datasets\tiled\tiled_1024_ov20_full_safe_no_ok_position\images\val\2025-09-17-01-04-57ps5_NGyuan_tile_0014.jpg,7,碰伤,"[9.997825622558594, 490.0014343261719, 88.99839782714844, 602.0004272460938]",8847.984527011635,small,70.39602169981917,27.783863597371752,27.783863597371752,False,False,edge,False,FN,gamma_brighten_075,False,,,,,,0.0,0.0,gamma brighten gamma=0.75
E:\TJGY\MinPaper\MyAutoAugument\outputs\datasets\tiled\tiled_1024_ov20_full_safe_no_ok_position\images\val\2025-09-23-01-12-21ps5_NGyuan_tile_0000.jpg,8,脏污,"[867.0013427734375, 503.0005798339844, 929.9998779296875, 558.0006713867188]",3464.925201281905,small,96.83174603174604,20.809539021020875,20.809539021020875,False,False,edge,False,FN,gamma_brighten_075,False,,,7,,,0.0,0.0,gamma brighten gamma=0.75
E:\TJGY\MinPaper\MyAutoAugument\outputs\datasets\tiled\tiled_1024_ov20_full_safe_no_ok_position\images\val\2025-09-23-01-12-21ps5_NGyuan_tile_0001.jpg,8,脏污,"[48.00102615356445, 503.0005798339844, 110.99955749511719, 558.0006713867188]",3464.9249914732063,small,96.83376623376624,20.802404743265633,20.802404743265633,False,False,edge,False,FN,gamma_brighten_075,False,,,7,,,0.0,0.0,gamma brighten gamma=0.75
E:\TJGY\MinPaper\MyAutoAugument\outputs\datasets\tiled\tiled_1024_ov20_full_safe_no_ok_position\images\val\2025-09-23-12-23-50ps5_NGyuan_tile_0007.jpg,1,OK3,"[535.99951171875, 675.0003051757812, 712.9979248046875, 710.0006713867188]",6195.009276762605,small,68.44229217110573,12.546360320682469,12.546360320682469,False,True,center,False,FN,gamma_brighten_075,False,,,0,,,0.0,0.0,gamma brighten gamma=0.75
E:\TJGY\MinPaper\MyAutoAugument\outputs\datasets\tiled\tiled_1024_ov20_full_safe_no_ok_position\images\val\2025-10-11-06-43-38ps5_tile_0004.jpg,7,碰伤,"[785.0004272460938, 780.9996948242188, 939.9992065429688, 1000.9999389648438]",34099.76928681135,medium,53.30431085043988,18.205265879869607,18.205265879869607,True,True,corner,False,FN,gamma_brighten_075,False,,,,,,0.0,0.0,gamma brighten gamma=0.75
E:\TJGY\MinPaper\MyAutoAugument\outputs\datasets\tiled\tiled_1024_ov20_full_safe_no_ok_position\images\val\2025-10-11-06-43-38ps5_tile_0009.jpg,7,碰伤,"[833.00146484375, 496.00048828125, 952.00048828125, 672.00048828125]",20943.828125,medium,53.00940603514133,15.966843311164997,15.966843311164997,True,True,edge,False,FN,gamma_brighten_075,False,,,,,,0.0,0.0,gamma brighten gamma=0.75
E:\TJGY\MinPaper\MyAutoAugument\outputs\datasets\tiled\tiled_1024_ov20_full_safe_no_ok_position\images\val\2025-10-11-06-43-38ps5_tile_0012.jpg,1,OK3,"[825.0009765625, 564.000732421875, 944.9993896484375, 625.9998779296875]",7439.799073621631,small,60.81760752688172,12.480530501060455,12.480530501060455,False,True,edge,False,FN,gamma_brighten_075,False,,,0,,,0.0,0.0,gamma brighten gamma=0.75
E:\TJGY\MinPaper\MyAutoAugument\outputs\datasets\tiled\tiled_1024_ov20_full_safe_no_ok_position\images\val\2025-10-11-06-43-38ps5_tile_0013.jpg,1,OK3,"[6.001659393310547, 564.000732421875, 126.0001220703125, 625.9998779296875]",7439.802148225252,small,60.82231182795699,12.474237409818958,12.474237409818958,False,True,edge,False,FN,gamma_brighten_075,False,,,0,,,0.0,0.0,gamma brighten gamma=0.75
E:\TJGY\MinPaper\MyAutoAugument\outputs\datasets\tiled\tiled_1024_ov20_full_safe_no_ok_position\images\val\2025-10-11-06-43-38ps5_tile_0014.jpg,7,碰伤,"[833.00146484375, 437.000732421875, 952.00048828125, 613.000732421875]",20943.828125,medium,53.00868983957219,15.957455759330232,15.957455759330232,True,True,edge,False,FN,gamma_brighten_075,False,,,,,,0.0,0.0,gamma brighten gamma=0.75
E:\TJGY\MinPaper\MyAutoAugument\outputs\datasets\tiled\tiled_1024_ov20_full_safe_no_ok_position\images\val\2025-10-17-13-38-05ps5_NGyuan_tile_0002.jpg,8,脏污,"[97.9993667602539, 625.00146484375, 315.999755859375, 758.0006103515625]",28993.86547055375,medium,92.81903152376354,27.81747796575795,27.81747796575795,False,False,center,False,FN,gamma_brighten_075,False,,,,,,0.0,0.0,gamma brighten gamma=0.75
E:\TJGY\MinPaper\MyAutoAugument\outputs\datasets\tiled\tiled_1024_ov20_full_safe_no_ok_position\images\val\2025-10-17-15-21-16ps5_NGyuan_tile_0001.jpg,7,碰伤,"[370.9992980957031, 653.0001831054688, 397.9980773925781, 676.9996948242188]",647.9575201272964,tiny,76.18672839506173,7.7350419033912425,7.7350419033912425,False,True,center,False,FN,gamma_brighten_075,False,0.0,0.6423124074935913,7,0.0,0.711706280708313,0.0,-0.06939387321472168,gamma brighten gamma=0.75
E:\TJGY\MinPaper\MyAutoAugument\outputs\datasets\tiled\tiled_1024_ov20_full_safe_no_ok_position\images\val\2025-10-17-15-21-16ps5_NGyuan_tile_0005.jpg,7,碰伤,"[891.9987182617188, 703.99951171875, 935.9989624023438, 729.9998779296875]",1144.022461026907,small,82.23076923076923,6.091169014871003,6.091169014871003,False,True,edge,False,FN,gamma_brighten_075,False,,,,,,0.0,0.0,gamma brighten gamma=0.75
E:\TJGY\MinPaper\MyAutoAugument\outputs\datasets\tiled\tiled_1024_ov20_full_safe_no_ok_position\images\val\2025-10-17-15-21-16ps5_NGyuan_tile_0010.jpg,7,碰伤,"[891.9987182617188, 644.9996948242188, 935.9989624023438, 671.0000610351562]",1144.022461026907,small,82.25961538461539,6.116146679218979,6.116146679218979,False,True,edge,False,FN,gamma_brighten_075,False,,,,,,0.0,0.0,gamma brighten gamma=0.75
E:\TJGY\MinPaper\MyAutoAugument\outputs\datasets\tiled\tiled_1024_ov20_full_safe_no_ok_position\images\val\2025-10-17-15-21-16ps5_NGyuan_tile_0011.jpg,7,碰伤,"[72.99839782714844, 644.9996948242188, 116.9986572265625, 671.0000610351562]",1144.0228577610105,small,82.26923076923077,6.0766575138929095,6.0766575138929095,False,True,edge,False,FN,gamma_brighten_075,False,,,,,,0.0,0.0,gamma brighten gamma=0.75
E:\TJGY\MinPaper\MyAutoAugument\outputs\datasets\tiled\tiled_1024_ov20_full_safe_no_ok_position\images\val\2025-10-22-13-52-23ps5_NGyuan_tile_0007.jpg,12,锡膏,"[213.9990997314453, 268.9996643066406, 273.9983215332031, 304.9994201660156]",2159.957336615771,small,210.7685185185185,35.23007881570474,35.23007881570474,False,False,center,False,FN,gamma_brighten_075,False,,,0,,,0.0,0.0,gamma brighten gamma=0.75
E:\TJGY\MinPaper\MyAutoAugument\outputs\datasets\tiled\tiled_1024_ov20_full_safe_no_ok_position\images\val\2025-10-22-13-52-23ps5_NGyuan_tile_0012.jpg,12,锡膏,"[213.9990997314453, 209.99986267089844, 273.9983215332031, 245.99961853027344]",2159.957336615771,small,210.7699074074074,35.20862849305262,35.20862849305262,False,False,center,False,FN,gamma_brighten_075,False,,,0,,,0.0,0.0,gamma brighten gamma=0.75
E:\TJGY\MinPaper\MyAutoAugument\outputs\datasets\tiled\tiled_1024_ov20_full_safe_no_ok_position\images\val\2025-10-31-03-46-08ps5_NGyuan_tile_0006.jpg,5,浅划伤,"[213.99911499023438, 679.99951171875, 291.0008239746094, 736.0]",4312.133301615715,small,87.8409090909091,9.498692220750025,9.498692220750025,False,True,center,False,FN,gamma_brighten_075,False,,,7,,,0.0,0.0,gamma brighten gamma=0.75
E:\TJGY\MinPaper\MyAutoAugument\outputs\datasets\tiled\tiled_1024_ov20_full_safe_no_ok_position\images\val\2025-10-31-03-46-08ps5_NGyuan_tile_0011.jpg,5,浅划伤,"[213.99911499023438, 620.9996948242188, 291.0008239746094, 677.0001831054688]",4312.133301615715,small,87.8471706864564,9.498318929995587,9.498318929995587,False,True,center,False,FN,gamma_brighten_075,False,,,7,,,0.0,0.0,gamma brighten gamma=0.75
E:\TJGY\MinPaper\MyAutoAugument\outputs\datasets\tiled\tiled_1024_ov20_full_safe_no_ok_position\images\val\2025-11-01-14-42-20ps5_NGyuan_tile_0003.jpg,7,碰伤,"[500.000244140625, 899.999755859375, 605.9996337890625, 977.00048828125]",8162.030639201403,small,50.66172506738545,18.150312464313096,18.150312464313096,True,True,edge,False,FN,gamma_brighten_075,False,0.0,0.43949806690216064,7,0.0,0.7693948745727539,0.0,-0.32989680767059326,gamma brighten gamma=0.75
E:\TJGY\MinPaper\MyAutoAugument\outputs\datasets\tiled\tiled_1024_ov20_full_safe_no_ok_position\images\val\2025-11-01-14-42-20ps5_NGyuan_tile_0004.jpg,7,碰伤,"[384.99993896484375, 899.999755859375, 490.999267578125, 977.00048828125]",8162.025939449668,small,50.65645675079637,18.16103435712057,18.16103435712057,True,True,edge,False,FN,gamma_brighten_075,False,,,,,,0.0,0.0,gamma brighten gamma=0.75
E:\TJGY\MinPaper\MyAutoAugument\outputs\datasets\tiled\tiled_1024_ov20_full_safe_no_ok_position\images\val\2025-11-01-14-42-20ps5_NGyuan_tile_0005.jpg,7,碰伤,"[372.0007629394531, 847.9994506835938, 434.9992980957031, 944.9999389648438]",6110.888671159744,small,73.78972344951727,10.3877121956301,10.3877121956301,False,True,edge,False,FN,gamma_brighten_075,False,,,,,,0.0,0.0,gamma brighten gamma=0.75
E:\TJGY\MinPaper\MyAutoAugument\outputs\datasets\tiled\tiled_1024_ov20_full_safe_no_ok_position\images\val\2025-11-01-14-42-20ps5_NGyuan_tile_0008.jpg,7,碰伤,"[594.0014038085938, 581.9996337890625, 643.0007934570312, 670.99951171875]",4360.939697340131,small,61.634716808071545,8.350099978877372,8.350099978877372,False,True,center,False,FN,gamma_brighten_075,False,,,9,,,0.0,0.0,gamma brighten gamma=0.75
E:\TJGY\MinPaper\MyAutoAugument\outputs\datasets\tiled\tiled_1024_ov20_full_safe_no_ok_position\images\val\2025-11-01-14-42-20ps5_NGyuan_tile_0008.jpg,7,碰伤,"[342.998046875, 683.0003051757812, 490.998779296875, 816.9999389648438]",19832.04394504428,medium,46.13816054860831,9.892181567104181,9.892181567104181,True,True,center,False,FN,gamma_brighten_075,False,,,9,,,0.0,0.0,gamma brighten gamma=0.75
E:\TJGY\MinPaper\MyAutoAugument\outputs\datasets\tiled\tiled_1024_ov20_full_safe_no_ok_position\images\val\2025-11-01-14-42-20ps5_NGyuan_tile_0008.jpg,7,碰伤,"[500.000244140625, 80.99942779541016, 605.9996337890625, 158.0001220703125]",8162.026595645584,small,50.6691987258025,18.166714261311874,18.166714261311874,True,True,edge,False,FN,gamma_brighten_075,False,,,9,,,0.0,0.0,gamma brighten gamma=0.75
E:\TJGY\MinPaper\MyAutoAugument\outputs\datasets\tiled\tiled_1024_ov20_full_safe_no_ok_position\images\val\2025-11-01-14-42-20ps5_NGyuan_tile_0009.jpg,7,碰伤,"[479.0010681152344, 581.9996337890625, 528.00048828125, 670.99951171875]",4360.942413400859,small,61.649163036000914,8.381732074677439,8.381732074677439,False,True,center,False,FN,gamma_brighten_075,False,0.0,0.3272095024585724,7,0.0,0.36237359046936035,0.0,-0.035164088010787964,gamma brighten gamma=0.75
E:\TJGY\MinPaper\MyAutoAugument\outputs\datasets\tiled\tiled_1024_ov20_full_safe_no_ok_position\images\val\2025-11-01-14-42-20ps5_NGyuan_tile_0009.jpg,7,碰伤,"[384.99993896484375, 80.99942779541016, 490.999267578125, 158.0001220703125]",8162.021895896178,small,50.65853957363392,18.18350789983095,18.18350789983095,True,True,edge,False,FN,gamma_brighten_075,False,0.0,0.3272095024585724,7,0.0,0.36237359046936035,0.0,-0.035164088010787964,gamma brighten gamma=0.75
E:\TJGY\MinPaper\MyAutoAugument\outputs\datasets\tiled\tiled_1024_ov20_full_safe_no_ok_position\images\val\2025-11-01-14-42-20ps5_NGyuan_tile_0010.jpg,7,碰伤,"[372.0007629394531, 788.9986572265625, 434.9992980957031, 885.9991455078125]",6110.888671159744,small,73.77974144984454,10.409780498474799,10.409780498474799,False,True,edge,False,FN,gamma_brighten_075,False,,,,,,0.0,0.0,gamma brighten gamma=0.75
E:\TJGY\MinPaper\MyAutoAugument\outputs\datasets\tiled\tiled_1024_ov20_full_safe_no_ok_position\images\val\2025-11-01-14-42-20ps5_NGyuan_tile_0013.jpg,7,碰伤,"[594.0014038085938, 522.998779296875, 643.0007934570312, 611.998779296875]",4360.9456787109375,small,61.65099747764274,8.370885904884908,8.370885904884908,False,True,center,False,FN,gamma_brighten_075,False,,,9,0.0,0.5604667067527771,0.0,-0.5604667067527771,gamma brighten gamma=0.75
E:\TJGY\MinPaper\MyAutoAugument\outputs\datasets\tiled\tiled_1024_ov20_full_safe_no_ok_position\images\val\2025-11-01-14-42-20ps5_NGyuan_tile_0013.jpg,7,碰伤,"[500.000244140625, 21.999618530273438, 605.9996337890625, 99.00032043457031]",8162.027404356748,small,50.657926978681694,18.16755758235728,18.16755758235728,True,True,edge,False,FN,gamma_brighten_075,False,,,9,0.0,0.5604667067527771,0.0,-0.5604667067527771,gamma brighten gamma=0.75
E:\TJGY\MinPaper\MyAutoAugument\outputs\datasets\tiled\tiled_1024_ov20_full_safe_no_ok_position\images\val\2025-11-01-14-42-20ps5_NGyuan_tile_0014.jpg,7,碰伤,"[384.99993896484375, 21.999618530273438, 490.999267578125, 99.00032043457031]",8162.022704606876,small,50.65290370007351,18.163884330448102,18.163884330448102,True,True,edge,False,FN,gamma_brighten_075,False,0.0,0.5470505952835083,7,0.0,0.48193860054016113,0.0,0.06511199474334717,gamma brighten gamma=0.75
E:\TJGY\MinPaper\MyAutoAugument\outputs\datasets\tiled\tiled_1024_ov20_full_safe_no_ok_position\images\val\2025-11-12-16-33-42ps5_NGyuan_tile_0006.jpg,7,碰伤,"[650.998291015625, 6.000639915466309, 692.000244140625, 24.999935150146484]",779.0082126203924,tiny,77.55198973042361,16.23695860274999,16.23695860274999,False,True,edge,False,FN,gamma_brighten_075,False,,,,,,0.0,0.0,gamma brighten gamma=0.75
E:\TJGY\MinPaper\MyAutoAugument\outputs\datasets\tiled\tiled_1024_ov20_full_safe_no_ok_position\images\val\2229344f-2025-05-09-18-28-13ps5_tile_0002.jpg,10,锡丝残留,"[425.9978332519531, 917.0001831054688, 709.9991455078125, 974.9995727539062]",16471.902770195156,medium,51.756313744536186,28.19032209028167,28.19032209028167,True,False,edge,False,FN,gamma_brighten_075,False,,,,,,0.0,0.0,gamma brighten gamma=0.75
E:\TJGY\MinPaper\MyAutoAugument\outputs\datasets\tiled\tiled_1024_ov20_full_safe_no_ok_position\images\val\2229344f-2025-05-09-18-28-13ps5_tile_0007.jpg,10,锡丝残留,"[425.9978332519531, 97.99987030029297, 709.9991455078125, 155.99923706054688]",16471.89626992098,medium,51.75728508984944,28.200555790248156,28.200555790248156,True,False,edge,False,FN,gamma_brighten_075,False,,,12,,,0.0,0.0,gamma brighten gamma=0.75
E:\TJGY\MinPaper\MyAutoAugument\outputs\datasets\tiled\tiled_1024_ov20_full_safe_no_ok_position\images\val\a91db891-2025-04-13-11-39-07ps5_tile_0002.jpg,7,碰伤,"[374.00115966796875, 808.00048828125, 396.00177001953125, 816.0]",175.99414032697678,tiny,29.619318181818183,9.131456096604467,9.131456096604467,True,True,center,False,FN,gamma_brighten_075,False,0.0,0.5911335349082947,7,0.0,0.6018717288970947,0.0,-0.010738193988800049,gamma brighten gamma=0.75
E:\TJGY\MinPaper\MyAutoAugument\outputs\datasets\tiled\tiled_1024_ov20_full_safe_no_ok_position\images\val\a91db891-2025-04-13-11-39-07ps5_tile_0004.jpg,7,碰伤,"[334.0006408691406, 957.9996337890625, 346.0008850097656, 973.9996337890625]",192.00390625,tiny,33.760416666666664,13.989761726338381,13.989761726338381,True,True,edge,False,FN,gamma_brighten_075,False,,,,,,0.0,0.0,gamma brighten gamma=0.75
E:\TJGY\MinPaper\MyAutoAugument\outputs\datasets\tiled\tiled_1024_ov20_full_safe_no_ok_position\images\val\a91db891-2025-04-13-11-39-07ps5_tile_0006.jpg,7,碰伤,"[373.99859619140625, 880.9999389648438, 439.00006103515625, 896.9999389648438]",1040.0234375,tiny,39.90480769230769,16.103558372940746,16.103558372940746,True,True,edge,False,FN,gamma_brighten_075,True,0.6643350124359131,0.3049970269203186,7,0.0,0.2767678499221802,0.6643350124359131,0.028229176998138428,gamma brighten gamma=0.75
E:\TJGY\MinPaper\MyAutoAugument\outputs\datasets\tiled\tiled_1024_ov20_full_safe_no_ok_position\images\val\a91db891-2025-04-13-11-39-07ps5_tile_0009.jpg,7,碰伤,"[334.0006408691406, 138.99929809570312, 346.0008850097656, 154.99929809570312]",192.00390625,tiny,33.739583333333336,13.970388917029316,13.970388917029316,True,True,edge,False,FN,gamma_brighten_075,False,,,,,,0.0,0.0,gamma brighten gamma=0.75
E:\TJGY\MinPaper\MyAutoAugument\outputs\datasets\tiled\tiled_1024_ov20_full_safe_no_ok_position\images\val\a91db891-2025-04-13-11-39-07ps5_tile_0014.jpg,7,碰伤,"[334.0006408691406, 79.9994888305664, 346.0008850097656, 95.9994888305664]",192.00390625,tiny,33.786458333333336,13.92319796682012,13.92319796682012,True,True,edge,False,FN,gamma_brighten_075,False,,,,,,0.0,0.0,gamma brighten gamma=0.75
E:\TJGY\MinPaper\MyAutoAugument\outputs\datasets\tiled\tiled_1024_ov20_full_safe_no_ok_position\images\val\ce0d1787-2025-04-25-11-20-04ps5_NGyuan_tile_0007.jpg,12,锡膏,"[463.99896240234375, 184.99891662597656, 601.9993286132812, 294.9990539550781]",15180.059234669432,medium,116.9655467720685,31.009908507174064,31.009908507174064,False,False,center,False,FN,gamma_brighten_075,False,,,,,,0.0,0.0,gamma brighten gamma=0.75
E:\TJGY\MinPaper\MyAutoAugument\outputs\datasets\tiled\tiled_1024_ov20_full_safe_no_ok_position\images\val\ce0d1787-2025-04-25-11-20-04ps5_NGyuan_tile_0012.jpg,12,锡膏,"[463.99896240234375, 125.99909973144531, 601.9993286132812, 235.9992218017578]",15180.057128950953,medium,116.96752305665349,31.00227688190202,31.00227688190202,False,False,edge,False,FN,gamma_brighten_075,False,,,,,,0.0,0.0,gamma brighten gamma=0.75
E:\TJGY\MinPaper\MyAutoAugument\outputs\datasets\tiled\tiled_1024_ov20_full_safe_no_ok_position\images\val\105acebc-2025-05-09-18-24-19ps5_tile_0000.jpg,7,碰伤,"[912.9993896484375, 569.9989013671875, 931.0013427734375, 578.998779296875]",162.01538062095642,tiny,33.98765432098765,11.577429966155993,11.577429966155993,True,True,edge,False,FN,gamma_brighten_085,False,0.30812162160873413,0.9434773325920105,7,0.3009812533855438,0.9500972628593445,0.007140368223190308,-0.006619930267333984,gamma brighten gamma=0.85
E:\TJGY\MinPaper\MyAutoAugument\outputs\datasets\tiled\tiled_1024_ov20_full_safe_no_ok_position\images\val\13d91ebd-2025-04-13-11-32-17ps5_tile_0010.jpg,7,碰伤,"[525.0022583007812, 711.0015869140625, 550.0011596679688, 735.0010986328125]",599.9614263176918,tiny,31.981666666666666,9.476884010873803,9.476884010873803,True,True,center,False,FN,gamma_brighten_085,False,0.0,0.8280960321426392,7,0.0,0.837761402130127,0.0,-0.009665369987487793,gamma brighten gamma=0.85
E:\TJGY\MinPaper\MyAutoAugument\outputs\datasets\tiled\tiled_1024_ov20_full_safe_no_ok_position\images\val\182e7d02-2025-04-22-16-40-10ps5_NGyuan_tile_0001.jpg,7,碰伤,"[494.002197265625, 576.0, 531.0013427734375, 586.0003662109375]",370.0050045698881,tiny,40.229729729729726,15.822279277922496,15.822279277922496,True,True,center,False,FN,gamma_brighten_085,False,0.0,0.8797369003295898,7,0.0,0.8648220896720886,0.0,0.01491481065750122,gamma brighten gamma=0.85
E:\TJGY\MinPaper\MyAutoAugument\outputs\datasets\tiled\tiled_1024_ov20_full_safe_no_ok_position\images\val\182e7d02-2025-04-22-16-40-10ps5_NGyuan_tile_0007.jpg,12,锡膏,"[311.99896240234375, 112.99890899658203, 425.9998779296875, 240.99993896484375]",14592.2346048248,medium,80.68414199561404,25.61158079643109,25.61158079643109,False,False,edge,False,FN,gamma_brighten_085,False,,,1,,,0.0,0.0,gamma brighten gamma=0.85
E:\TJGY\MinPaper\MyAutoAugument\outputs\datasets\tiled\tiled_1024_ov20_full_safe_no_ok_position\images\val\2025-05-10-15-39-23ps5_tile_0007.jpg,4,油污,"[15.00006103515625, 628.000244140625, 304.99993896484375, 725.000732421875]",28130.129760682583,medium,54.22619978670458,15.326970402266443,15.326970402266443,True,True,edge,False,FN,gamma_brighten_085,False,0.2143811285495758,0.49833011627197266,4,0.1353103369474411,0.5343640446662903,0.0790707916021347,-0.03603392839431763,gamma brighten gamma=0.85
E:\TJGY\MinPaper\MyAutoAugument\outputs\datasets\tiled\tiled_1024_ov20_full_safe_no_ok_position\images\val\2025-05-10-15-39-23ps5_tile_0012.jpg,4,油污,"[15.00006103515625, 569.0004272460938, 304.99993896484375, 666.0009155273438]",28130.129760682583,medium,54.22321365090651,15.3365902471285,15.3365902471285,True,True,edge,False,FN,gamma_brighten_085,False,0.1829845905303955,0.9079896807670593,4,0.14986126124858856,0.9171929359436035,0.033123329281806946,-0.00920325517654419,gamma brighten gamma=0.85
E:\TJGY\MinPaper\MyAutoAugument\outputs\datasets\tiled\tiled_1024_ov20_full_safe_no_ok_position\images\val\2025-05-10-15-40-40ps5_tile_0005.jpg,4,油污,"[359.9989929199219, 440.0005187988281, 402.0003967285156, 532.0007934570312]",3864.140686420724,small,34.52329192546584,26.149523784041858,26.149523784041858,True,False,center,False,FN,gamma_brighten_085,False,,,7,,,0.0,0.0,gamma brighten gamma=0.85
E:\TJGY\MinPaper\MyAutoAugument\outputs\datasets\tiled\tiled_1024_ov20_full_safe_no_ok_position\images\val\2025-05-10-15-40-40ps5_tile_0006.jpg,4,油污,"[66.00038146972656, 801.9993286132812, 299.999755859375, 866.9998168945312]",15210.073592834175,medium,28.58500986193294,14.81777230950077,14.81777230950077,True,True,corner,False,FN,gamma_brighten_085,False,,,,,,0.0,0.0,gamma brighten gamma=0.85
E:\TJGY\MinPaper\MyAutoAugument\outputs\datasets\tiled\tiled_1024_ov20_full_safe_no_ok_position\images\val\2025-05-10-15-40-40ps5_tile_0007.jpg,6,漏背锡,"[551.99951171875, 300.00128173828125, 830.99853515625, 412.000244140625]",31247.601136267185,medium,87.3754160266257,51.00135128257115,51.00135128257115,False,False,center,False,FN,gamma_brighten_085,False,,,,,,0.0,0.0,gamma brighten gamma=0.85
E:\TJGY\MinPaper\MyAutoAugument\outputs\datasets\tiled\tiled_1024_ov20_full_safe_no_ok_position\images\val\2025-05-10-15-40-40ps5_tile_0010.jpg,4,油污,"[359.9989929199219, 380.99969482421875, 402.0003967285156, 472.99993896484375]",3864.1394046396017,small,34.53933747412008,26.137962230065977,26.137962230065977,True,False,center,False,FN,gamma_brighten_085,False,,,,,,0.0,0.0,gamma brighten gamma=0.85
E:\TJGY\MinPaper\MyAutoAugument\outputs\datasets\tiled\tiled_1024_ov20_full_safe_no_ok_position\images\val\2025-05-10-15-40-40ps5_tile_0010.jpg,4,油污,"[357.00018310546875, 160.0, 403.999755859375, 267.9992370605469]",5075.917999593541,small,44.630220646178095,27.09347754794195,27.09347754794195,True,False,center,False,FN,gamma_brighten_085,False,,,,,,0.0,0.0,gamma brighten gamma=0.85
E:\TJGY\MinPaper\MyAutoAugument\outputs\datasets\tiled\tiled_1024_ov20_full_safe_no_ok_position\images\val\2025-05-10-15-40-40ps5_tile_0012.jpg,6,漏背锡,"[551.99951171875, 241.00146484375, 830.99853515625, 353.00042724609375]",31247.601136267185,medium,87.37426395289299,51.00970071261489,51.00970071261489,False,False,center,False,FN,gamma_brighten_085,True,0.6289021372795105,0.28070059418678284,6,,,0.6289021372795105,0.28070059418678284,gamma brighten gamma=0.85
E:\TJGY\MinPaper\MyAutoAugument\outputs\datasets\tiled\tiled_1024_ov20_full_safe_no_ok_position\images\val\2025-05-16-16-13-18ps5_tile_0006.jpg,3,开裂,"[632.9978637695312, 607.0006103515625, 825.9993286132812, 713.0009765625]",20458.22595268488,medium,54.9853358099521,35.48760494371061,35.48760494371061,True,False,center,False,FN,gamma_brighten_085,False,,,8,,,0.0,0.0,gamma brighten gamma=0.85
E:\TJGY\MinPaper\MyAutoAugument\outputs\datasets\tiled\tiled_1024_ov20_full_safe_no_ok_position\images\val\2025-05-16-16-13-18ps5_tile_0006.jpg,7,碰伤,"[877.9985961914062, 616.00048828125, 898.9998168945312, 624.0]",167.99951112270355,tiny,36.892857142857146,13.2718982181497,13.2718982181497,True,True,edge,False,FN,gamma_brighten_085,False,,,8,,,0.0,0.0,gamma brighten gamma=0.85
E:\TJGY\MinPaper\MyAutoAugument\outputs\datasets\tiled\tiled_1024_ov20_full_safe_no_ok_position\images\val\2025-05-16-16-13-18ps5_tile_0007.jpg,7,碰伤,"[234.0009002685547, 616.0005493164062, 269.00018310546875, 626.0009155273438]",350.00564548932016,tiny,35.331428571428575,10.488572596022816,10.488572596022816,True,True,center,False,FN,gamma_brighten_085,False,0.0,0.3710246682167053,7,,,0.0,0.3710246682167053,gamma brighten gamma=0.85
E:\TJGY\MinPaper\MyAutoAugument\outputs\datasets\tiled\tiled_1024_ov20_full_safe_no_ok_position\images\val\2025-05-16-16-13-18ps5_tile_0011.jpg,3,开裂,"[632.9978637695312, 548.0007934570312, 825.9993286132812, 654.0011596679688]",20458.22595268488,medium,54.97976341773389,35.4759722846913,35.4759722846913,True,False,center,False,FN,gamma_brighten_085,False,,,8,,,0.0,0.0,gamma brighten gamma=0.85
E:\TJGY\MinPaper\MyAutoAugument\outputs\datasets\tiled\tiled_1024_ov20_full_safe_no_ok_position\images\val\2025-05-16-16-13-18ps5_tile_0012.jpg,7,碰伤,"[234.0009002685547, 557.000732421875, 269.00018310546875, 567.0010986328125]",350.00564548932016,tiny,35.25714285714286,10.521658905441146,10.521658905441146,True,True,center,False,FN,gamma_brighten_085,False,0.0,0.7282365560531616,7,0.0,0.7078184485435486,0.0,0.020418107509613037,gamma brighten gamma=0.85
E:\TJGY\MinPaper\MyAutoAugument\outputs\datasets\tiled\tiled_1024_ov20_full_safe_no_ok_position\images\val\2025-05-16-16-19-14ps5_tile_0008.jpg,9,轮廓划伤,"[520.9989624023438, 608.0, 567.9984741210938, 710.0006103515625]",4793.978881537914,small,38.24238631622862,9.342376873848142,9.342376873848142,True,True,center,False,FN,gamma_brighten_085,False,0.0,0.8835569620132446,9,0.0,0.9271972179412842,0.0,-0.04364025592803955,gamma brighten gamma=0.85
E:\TJGY\MinPaper\MyAutoAugument\outputs\datasets\tiled\tiled_1024_ov20_full_safe_no_ok_position\images\val\2025-05-16-16-19-14ps5_tile_0009.jpg,9,轮廓划伤,"[405.99859619140625, 608.0, 452.9981689453125, 710.0006103515625]",4793.985107161105,small,38.23091364205256,9.312466003703815,9.312466003703815,True,True,center,False,FN,gamma_brighten_085,False,0.0,0.36765000224113464,9,0.0,0.6587848663330078,0.0,-0.29113486409187317,gamma brighten gamma=0.85
E:\TJGY\MinPaper\MyAutoAugument\outputs\datasets\tiled\tiled_1024_ov20_full_safe_no_ok_position\images\val\2025-05-16-16-19-14ps5_tile_0013.jpg,9,轮廓划伤,"[520.9989624023438, 549.0001831054688, 567.9984741210938, 651.0007934570312]",4793.978881537914,small,38.23967459324155,9.34134155542688,9.34134155542688,True,True,center,False,FN,gamma_brighten_085,False,0.0,0.6953142285346985,9,0.0,0.7647011280059814,0.0,-0.06938689947128296,gamma brighten gamma=0.85
E:\TJGY\MinPaper\MyAutoAugument\outputs\datasets\tiled\tiled_1024_ov20_full_safe_no_ok_position\images\val\2025-05-16-16-19-14ps5_tile_0014.jpg,9,轮廓划伤,"[405.99859619140625, 549.0001831054688, 452.9981689453125, 651.0007934570312]",4793.985107161105,small,38.253650396328744,9.366384219178354,9.366384219178354,True,True,center,False,FN,gamma_brighten_085,False,0.0,0.610377311706543,9,0.0,0.770592987537384,0.0,-0.16021567583084106,gamma brighten gamma=0.85
E:\TJGY\MinPaper\MyAutoAugument\outputs\datasets\tiled\tiled_1024_ov20_full_safe_no_ok_position\images\val\2025-05-16-16-24-29ps5_tile_0003.jpg,8,脏污,"[76.99866485595703, 511.0010681152344, 273.9978332519531, 560.00048828125]",9652.845024591079,small,42.01906143167927,14.004625823723606,14.004625823723606,True,True,edge,False,FN,gamma_brighten_085,False,,,,,,0.0,0.0,gamma brighten gamma=0.85
E:\TJGY\MinPaper\MyAutoAugument\outputs\datasets\tiled\tiled_1024_ov20_full_safe_no_ok_position\images\val\2025-05-16-16-24-46ps5_tile_0000.jpg,8,脏污,"[506.998291015625, 682.9998168945312, 540.9981689453125, 719.9989624023438]",1257.9664307683706,small,64.9785373608903,29.119271484492103,29.119271484492103,False,False,center,False,FN,gamma_brighten_085,False,0.02002507448196411,0.3912312388420105,8,0.00951562449336052,0.5130482316017151,0.010509449988603592,-0.12181699275970459,gamma brighten gamma=0.85
E:\TJGY\MinPaper\MyAutoAugument\outputs\datasets\tiled\tiled_1024_ov20_full_safe_no_ok_position\images\val\2025-05-16-17-11-45ps5_tile_0000.jpg,7,碰伤,"[498.998779296875, 856.9999389648438, 522.998291015625, 880.0010375976562]",552.0151361823082,tiny,56.77355072463768,27.305792964522016,27.305792964522016,True,False,edge,False,FN,gamma_brighten_085,False,,,,,,0.0,0.0,gamma brighten gamma=0.85
E:\TJGY\MinPaper\MyAutoAugument\outputs\datasets\tiled\tiled_1024_ov20_full_safe_no_ok_position\images\val\2025-05-16-17-11-45ps5_tile_0005.jpg,7,碰伤,"[498.998779296875, 38.000640869140625, 522.998291015625, 61.00172424316406]",552.0147699788213,tiny,56.75,27.3048245192857,27.3048245192857,True,False,edge,False,FN,gamma_brighten_085,False,0.0,0.8148370981216431,7,0.0,0.8368571400642395,0.0,-0.022020041942596436,gamma brighten gamma=0.85
E:\TJGY\MinPaper\MyAutoAugument\outputs\datasets\tiled\tiled_1024_ov20_full_safe_no_ok_position\images\val\2025-05-16-17-11-45ps5_tile_0006.jpg,4,油污,"[90.00088500976562, 603.0003051757812, 226.00140380859375, 634.9993286132812]",4351.8837885558605,small,35.973805147058826,14.415089668580242,14.415089668580242,True,True,edge,False,FN,gamma_brighten_085,False,0.0,0.9739776849746704,4,0.0,0.9706906676292419,0.0,0.003287017345428467,gamma brighten gamma=0.85
E:\TJGY\MinPaper\MyAutoAugument\outputs\datasets\tiled\tiled_1024_ov20_full_safe_no_ok_position\images\val\2025-05-16-17-11-45ps5_tile_0007.jpg,4,油污,"[63.00160217285156, 655.0005493164062, 455.0010986328125, 732.0012817382812]",30184.24833642319,medium,36.6937781606149,14.713793279782761,14.713793279782761,True,True,center,False,FN,gamma_brighten_085,False,,,12,,,0.0,0.0,gamma brighten gamma=0.85
E:\TJGY\MinPaper\MyAutoAugument\outputs\datasets\tiled\tiled_1024_ov20_full_safe_no_ok_position\images\val\2025-05-16-17-11-45ps5_tile_0011.jpg,4,油污,"[90.00088500976562, 544.00048828125, 226.00140380859375, 575.99951171875]",4351.8837885558605,small,35.9967830882353,14.42663325257906,14.42663325257906,True,True,edge,False,FN,gamma_brighten_085,False,0.0,0.5569960474967957,4,0.0,0.4782649278640747,0.0,0.07873111963272095,gamma brighten gamma=0.85
E:\TJGY\MinPaper\MyAutoAugument\outputs\datasets\tiled\tiled_1024_ov20_full_safe_no_ok_position\images\val\2025-05-16-17-11-45ps5_tile_0011.jpg,7,碰伤,"[514.9993286132812, 555.0008544921875, 544.0010375976562, 570.0003662109375]",435.01147377491,tiny,47.777011494252875,10.270297549656902,10.270297549656902,True,True,center,False,FN,gamma_brighten_085,False,0.0,0.9273968935012817,7,0.0,0.8992533087730408,0.0,0.028143584728240967,gamma brighten gamma=0.85
E:\TJGY\MinPaper\MyAutoAugument\outputs\datasets\tiled\tiled_1024_ov20_full_safe_no_ok_position\images\val\2025-05-16-17-11-45ps5_tile_0012.jpg,4,油污,"[63.00160217285156, 596.000732421875, 455.0010986328125, 673.00146484375]",30184.24833642319,medium,36.6912602703419,14.718103705245113,14.718103705245113,True,True,center,False,FN,gamma_brighten_085,False,,,12,,,0.0,0.0,gamma brighten gamma=0.85
E:\TJGY\MinPaper\MyAutoAugument\outputs\datasets\tiled\tiled_1024_ov20_full_safe_no_ok_position\images\val\2025-05-19-17-19-55ps5_NGyuan_tile_0003.jpg,9,轮廓划伤,"[356.9981384277344, 562.0003662109375, 386.9992980957031, 649.9998779296875]",2640.087401777506,small,30.10909090909091,8.369963022124741,8.369963022124741,True,True,center,False,FN,gamma_brighten_085,False,0.0,0.8785616159439087,9,0.0,0.9622868895530701,0.0,-0.08372527360916138,gamma brighten gamma=0.85
E:\TJGY\MinPaper\MyAutoAugument\outputs\datasets\tiled\tiled_1024_ov20_full_safe_no_ok_position\images\val\2025-05-19-17-19-55ps5_NGyuan_tile_0003.jpg,7,碰伤,"[495.0010681152344, 654.0001220703125, 527.0020751953125, 715.999267578125]",1984.0350943543017,small,20.97328629032258,8.269392657632261,8.269392657632261,True,True,center,False,FN,gamma_brighten_085,False,0.0,0.2917322516441345,7,,,0.0,0.2917322516441345,gamma brighten gamma=0.85
E:\TJGY\MinPaper\MyAutoAugument\outputs\datasets\tiled\tiled_1024_ov20_full_safe_no_ok_position\images\val\2025-05-19-17-19-55ps5_NGyuan_tile_0004.jpg,9,轮廓划伤,"[292.0018005371094, 645.9990844726562, 317.0017395019531, 696.9994506835938]",1275.006042458117,small,29.054901960784314,10.289463747254985,10.289463747254985,True,True,center,False,FN,gamma_brighten_085,False,,,7,,,0.0,0.0,gamma brighten gamma=0.85
E:\TJGY\MinPaper\MyAutoAugument\outputs\datasets\tiled\tiled_1024_ov20_full_safe_no_ok_position\images\val\2025-05-19-17-19-55ps5_NGyuan_tile_0004.jpg,9,轮廓划伤,"[241.99783325195312, 562.0003662109375, 271.9989929199219, 649.9998779296875]",2640.087401777506,small,30.121969696969696,8.38199562549089,8.38199562549089,True,True,center,False,FN,gamma_brighten_085,False,,,7,,,0.0,0.0,gamma brighten gamma=0.85
E:\TJGY\MinPaper\MyAutoAugument\outputs\datasets\tiled\tiled_1024_ov20_full_safe_no_ok_position\images\val\2025-05-19-17-19-55ps5_NGyuan_tile_0007.jpg,9,轮廓划伤,"[956.9996948242188, 613.9996337890625, 984.9978637695312, 679.0010986328125]",1819.9219943881035,small,48.77582417582418,12.206612697693961,12.206612697693961,True,True,edge,False,FN,gamma_brighten_085,False,,,12,,,0.0,0.0,gamma brighten gamma=0.85
E:\TJGY\MinPaper\MyAutoAugument\outputs\datasets\tiled\tiled_1024_ov20_full_safe_no_ok_position\images\val\2025-05-19-17-19-55ps5_NGyuan_tile_0008.jpg,9,轮廓划伤,"[137.99935913085938, 613.9996337890625, 165.99755859375, 679.0010986328125]",1819.923978075385,small,48.792307692307695,12.231321087833361,12.231321087833361,True,True,edge,False,FN,gamma_brighten_085,False,,,1,,,0.0,0.0,gamma brighten gamma=0.85
E:\TJGY\MinPaper\MyAutoAugument\outputs\datasets\tiled\tiled_1024_ov20_full_safe_no_ok_position\images\val\2025-05-19-17-19-55ps5_NGyuan_tile_0009.jpg,9,轮廓划伤,"[23.000064849853516, 613.9996337890625, 50.99827194213867, 679.0010986328125]",1819.9244739972055,small,48.74230769230769,12.227561694967093,12.227561694967093,True,True,edge,False,FN,gamma_brighten_085,False,,,,,,0.0,0.0,gamma brighten gamma=0.85
E:\TJGY\MinPaper\MyAutoAugument\outputs\datasets\tiled\tiled_1024_ov20_full_safe_no_ok_position\images\val\2025-05-19-17-19-55ps5_NGyuan_tile_0012.jpg,9,轮廓划伤,"[956.9996948242188, 554.9998168945312, 984.9978637695312, 620.0012817382812]",1819.9219943881035,small,48.77967032967033,12.216918727241366,12.216918727241366,True,True,edge,False,FN,gamma_brighten_085,False,,,12,,,0.0,0.0,gamma brighten gamma=0.85
E:\TJGY\MinPaper\MyAutoAugument\outputs\datasets\tiled\tiled_1024_ov20_full_safe_no_ok_position\images\val\2025-05-19-17-19-55ps5_NGyuan_tile_0014.jpg,9,轮廓划伤,"[23.000064849853516, 554.9998168945312, 50.99827194213867, 620.0012817382812]",1819.9244739972055,small,48.76978021978022,12.244454629850441,12.244454629850441,True,True,edge,False,FN,gamma_brighten_085,False,,,7,,,0.0,0.0,gamma brighten gamma=0.85
E:\TJGY\MinPaper\MyAutoAugument\outputs\datasets\tiled\tiled_1024_ov20_full_safe_no_ok_position\images\val\2025-05-25-09-48-32ps5_NGyuan_tile_0002.jpg,7,碰伤,"[986.998779296875, 777.0004272460938, 1023.9979248046875, 804.9996948242188]",1035.9489752352238,tiny,44.560810810810814,13.456176866691457,13.456176866691457,True,True,edge,True,FN,gamma_brighten_085,False,,,,,,0.0,0.0,gamma brighten gamma=0.85
E:\TJGY\MinPaper\MyAutoAugument\outputs\datasets\tiled\tiled_1024_ov20_full_safe_no_ok_position\images\val\2025-05-25-09-48-32ps5_NGyuan_tile_0012.jpg,6,漏背锡,"[379.99920654296875, 354.99981689453125, 444.00128173828125, 413.9996337890625]",3776.110717393458,small,95.13241525423729,63.08038109358812,63.08038109358812,False,False,center,False,FN,gamma_brighten_085,False,0.0,0.7796698212623596,6,0.0,0.7506036162376404,0.0,0.02906620502471924,gamma brighten gamma=0.85
E:\TJGY\MinPaper\MyAutoAugument\outputs\datasets\tiled\tiled_1024_ov20_full_safe_no_ok_position\images\val\2025-05-26-06-14-31ps5_NGyuan_tile_0012.jpg,12,锡膏,"[282.9997863769531, 2.0003814697265625, 432.9994201660156, 178.00038146972656]",26399.935546875,medium,126.07378787878788,42.335938356921595,42.335938356921595,False,False,edge,False,FN,gamma_brighten_085,False,,,1,,,0.0,0.0,gamma brighten gamma=0.85
E:\TJGY\MinPaper\MyAutoAugument\outputs\datasets\tiled\tiled_1024_ov20_full_safe_no_ok_position\images\val\2025-05-26-06-26-47ps5_NGyuan_tile_0002.jpg,7,碰伤,"[829.001708984375, 832.9989013671875, 845.000732421875, 854.99951171875]",351.98828065395355,tiny,47.50568181818182,17.70705340942459,17.70705340942459,True,True,corner,False,FN,gamma_brighten_085,False,0.11401455849409103,0.48160094022750854,7,0.11938972771167755,0.4774206876754761,-0.005375169217586517,0.004180252552032471,gamma brighten gamma=0.85
E:\TJGY\MinPaper\MyAutoAugument\outputs\datasets\tiled\tiled_1024_ov20_full_safe_no_ok_position\images\val\2025-05-26-06-26-47ps5_NGyuan_tile_0003.jpg,7,碰伤,"[10.001408576965332, 832.9989013671875, 26.000385284423828, 854.99951171875]",351.9872525645187,tiny,47.51988636363637,17.69645097921654,17.69645097921654,True,True,corner,False,FN,gamma_brighten_085,False,0.10681651532649994,0.2983889579772949,7,0.1084621399641037,0.29860982298851013,-0.0016456246376037598,-0.00022086501121520996,gamma brighten gamma=0.85
E:\TJGY\MinPaper\MyAutoAugument\outputs\datasets\tiled\tiled_1024_ov20_full_safe_no_ok_position\images\val\2025-05-26-06-26-47ps5_NGyuan_tile_0007.jpg,7,碰伤,"[829.001708984375, 13.998592376708984, 845.000732421875, 35.99923324584961]",351.98876890540123,tiny,47.5625,17.655689351517054,17.655689351517054,True,True,corner,False,FN,gamma_brighten_085,False,0.0,0.8055482506752014,7,0.0,0.808347761631012,0.0,-0.002799510955810547,gamma brighten gamma=0.85
E:\TJGY\MinPaper\MyAutoAugument\outputs\datasets\tiled\tiled_1024_ov20_full_safe_no_ok_position\images\val\2025-05-26-06-26-47ps5_NGyuan_tile_0008.jpg,7,碰伤,"[12.001280784606934, 65.0009536743164, 28.000255584716797, 93.00019073486328]",447.9590881539916,tiny,42.59375,17.59439227449839,17.59439227449839,True,True,corner,False,FN,gamma_brighten_085,False,,,,,,0.0,0.0,gamma brighten gamma=0.85
E:\TJGY\MinPaper\MyAutoAugument\outputs\datasets\tiled\tiled_1024_ov20_full_safe_no_ok_position\images\val\2025-05-26-06-26-47ps5_NGyuan_tile_0008.jpg,7,碰伤,"[10.001408576965332, 13.998592376708984, 26.000385284423828, 35.99923324584961]",351.9877408145403,tiny,47.49147727272727,17.715072424336388,17.715072424336388,True,True,corner,False,FN,gamma_brighten_085,False,,,,,,0.0,0.0,gamma brighten gamma=0.85
E:\TJGY\MinPaper\MyAutoAugument\outputs\datasets\tiled\tiled_1024_ov20_full_safe_no_ok_position\images\val\2025-05-26-06-26-47ps5_NGyuan_tile_0013.jpg,7,碰伤,"[12.001280784606934, 6.001152992248535, 28.000255584716797, 34.00038528442383]",447.95901186493484,tiny,42.60267857142857,17.57834991352709,17.57834991352709,True,True,corner,False,FN,gamma_brighten_085,False,,,,,,0.0,0.0,gamma brighten gamma=0.85
E:\TJGY\MinPaper\MyAutoAugument\outputs\datasets\tiled\tiled_1024_ov20_full_safe_no_ok_position\images\val\2025-05-27-23-28-53ps5_NGyuan_tile_0004.jpg,7,碰伤,"[10.999809265136719, 484.99969482421875, 38.998016357421875, 495.99847412109375]",307.94610051624477,tiny,30.376623376623378,15.92640457304751,15.92640457304751,True,True,edge,False,FN,gamma_brighten_085,False,,,,,,0.0,0.0,gamma brighten gamma=0.85
E:\TJGY\MinPaper\MyAutoAugument\outputs\datasets\tiled\tiled_1024_ov20_full_safe_no_ok_position\images\val\2025-05-27-23-28-53ps5_NGyuan_tile_0007.jpg,8,脏污,"[483.0003356933594, 140.00025939941406, 576.9994506835938, 275.00030517578125]",12689.884826619644,medium,71.34160756501183,37.9463373440113,37.9463373440113,False,False,center,False,FN,gamma_brighten_085,False,,,,,,0.0,0.0,gamma brighten gamma=0.85
E:\TJGY\MinPaper\MyAutoAugument\outputs\datasets\tiled\tiled_1024_ov20_full_safe_no_ok_position\images\val\2025-05-27-23-28-53ps5_NGyuan_tile_0012.jpg,8,脏污,"[483.0003356933594, 80.99942016601562, 576.9994506835938, 215.99948120117188]",12689.886260932311,medium,71.33664302600472,37.935428798887585,37.935428798887585,False,False,edge,False,FN,gamma_brighten_085,False,,,,,,0.0,0.0,gamma brighten gamma=0.85
E:\TJGY\MinPaper\MyAutoAugument\outputs\datasets\tiled\tiled_1024_ov20_full_safe_no_ok_position\images\val\2025-06-05-10-27-17ps5_NGyuan_tile_0012.jpg,8,脏污,"[315.9997253417969, 621.0001831054688, 515.9981689453125, 694.9995727539062]",14799.762757297605,medium,71.54310810810811,26.766541358300476,26.766541358300476,False,False,center,False,FN,gamma_brighten_085,False,,,1,,,0.0,0.0,gamma brighten gamma=0.85
E:\TJGY\MinPaper\MyAutoAugument\outputs\datasets\tiled\tiled_1024_ov20_full_safe_no_ok_position\images\val\2025-06-05-16-10-10ps5_NGyuan_tile_0000.jpg,5,浅划伤,"[682.9993286132812, 681.0009155273438, 724.0012817382812, 743.0000610351562]",2542.0860579013824,small,48.75177025963808,23.1536479006427,23.1536479006427,True,False,center,False,FN,gamma_brighten_085,False,,,9,,,0.0,0.0,gamma brighten gamma=0.85
E:\TJGY\MinPaper\MyAutoAugument\outputs\datasets\tiled\tiled_1024_ov20_full_safe_no_ok_position\images\val\2025-06-05-16-10-10ps5_NGyuan_tile_0007.jpg,12,锡膏,"[315.0023498535156, 396.9991760253906, 366.0006408691406, 461.9996032714844]",3314.9107048362494,small,136.19939668174962,49.85802830098024,49.85802830098024,False,False,center,False,FN,gamma_brighten_085,False,0.0,0.7509483695030212,12,0.0,0.7593369483947754,0.0,-0.00838857889175415,gamma brighten gamma=0.85
E:\TJGY\MinPaper\MyAutoAugument\outputs\datasets\tiled\tiled_1024_ov20_full_safe_no_ok_position\images\val\2025-06-05-16-10-10ps5_NGyuan_tile_0012.jpg,12,锡膏,"[315.0023498535156, 337.9993591308594, 366.0006408691406, 402.9997863769531]",3314.9107048362494,small,136.1867269984917,49.83113994876743,49.83113994876743,False,False,center,False,FN,gamma_brighten_085,False,0.0,0.2684175670146942,12,,,0.0,0.2684175670146942,gamma brighten gamma=0.85
E:\TJGY\MinPaper\MyAutoAugument\outputs\datasets\tiled\tiled_1024_ov20_full_safe_no_ok_position\images\val\2025-06-06-01-33-39ps5_NGyuan_tile_0002.jpg,7,碰伤,"[816.9998779296875, 579.0008544921875, 859.0013427734375, 620.000732421875]",1722.054931461811,small,39.79094076655052,14.073490922084895,14.073490922084895,True,True,edge,False,FN,gamma_brighten_085,False,0.0,0.4916253983974457,7,0.0,0.5680842399597168,0.0,-0.07645884156227112,gamma brighten gamma=0.85
E:\TJGY\MinPaper\MyAutoAugument\outputs\datasets\tiled\tiled_1024_ov20_full_safe_no_ok_position\images\val\2025-06-06-01-33-39ps5_NGyuan_tile_0003.jpg,7,碰伤,"[0.0, 579.0008544921875, 40.00153732299805, 620.000732421875]",1640.0581472427584,small,39.94634146341463,14.091756759408304,14.091756759408304,True,True,edge,True,FN,gamma_brighten_085,False,0.0,0.8525902032852173,7,0.0,0.8766747713088989,0.0,-0.02408456802368164,gamma brighten gamma=0.85
E:\TJGY\MinPaper\MyAutoAugument\outputs\datasets\tiled\tiled_1024_ov20_full_safe_no_ok_position\images\val\2025-06-06-02-05-24ps5_NGyuan_tile_0002.jpg,4,油污,"[645.9990844726562, 631.0000610351562, 688.0005493164062, 698.9998168945312]",2856.089355111122,small,24.981442577030812,10.342625088307651,10.342625088307651,True,True,center,False,FN,gamma_brighten_085,False,,,7,,,0.0,0.0,gamma brighten gamma=0.85
E:\TJGY\MinPaper\MyAutoAugument\outputs\datasets\tiled\tiled_1024_ov20_full_safe_no_ok_position\images\val\2025-06-06-14-52-09ps5_NGyuan_tile_0007.jpg,6,漏背锡,"[223.00006103515625, 270.0001220703125, 468.9986572265625, 337.9998779296875]",16727.8444827646,medium,91.79441654710665,57.06993327056747,57.06993327056747,False,False,center,False,FN,gamma_brighten_085,False,0.0,0.9699609279632568,6,0.0,0.9697856307029724,0.0,0.00017529726028442383,gamma brighten gamma=0.85
E:\TJGY\MinPaper\MyAutoAugument\outputs\datasets\tiled\tiled_1024_ov20_full_safe_no_ok_position\images\val\2025-06-06-14-52-09ps5_NGyuan_tile_0012.jpg,6,漏背锡,"[223.00006103515625, 211.00033569335938, 468.9986572265625, 279.00006103515625]",16727.836975483224,medium,91.79632950741272,57.0763629572775,57.0763629572775,False,False,center,False,FN,gamma_brighten_085,False,0.0,0.9664837121963501,6,0.0,0.9665181040763855,0.0,-3.439188003540039e-05,gamma brighten gamma=0.85
E:\TJGY\MinPaper\MyAutoAugument\outputs\datasets\tiled\tiled_1024_ov20_full_safe_no_ok_position\images\val\2025-06-07-10-52-02ps5_NGyuan_tile_0007.jpg,12,锡膏,"[405.000732421875, 214.0011444091797, 530.0014038085938, 398.0006103515625]",23000.056777595542,medium,124.37534782608695,27.617660246438557,27.617660246438557,False,False,center,False,FN,gamma_brighten_085,False,,,6,,,0.0,0.0,gamma brighten gamma=0.85
E:\TJGY\MinPaper\MyAutoAugument\outputs\datasets\tiled\tiled_1024_ov20_full_safe_no_ok_position\images\val\2025-06-07-10-52-02ps5_NGyuan_tile_0007.jpg,7,碰伤,"[491.0008239746094, 661.0001831054688, 518.9990234375, 671.0005493164062]",279.99224787577987,tiny,44.128571428571426,14.02617087403954,14.02617087403954,True,True,center,False,FN,gamma_brighten_085,False,,,6,,,0.0,0.0,gamma brighten gamma=0.85
E:\TJGY\MinPaper\MyAutoAugument\outputs\datasets\tiled\tiled_1024_ov20_full_safe_no_ok_position\images\val\2025-06-07-10-52-02ps5_NGyuan_tile_0012.jpg,12,锡膏,"[405.000732421875, 155.0013427734375, 530.0014038085938, 339.0008239746094]",23000.05868495442,medium,124.38108695652174,27.613535411985193,27.613535411985193,False,False,center,False,FN,gamma_brighten_085,False,,,6,,,0.0,0.0,gamma brighten gamma=0.85
E:\TJGY\MinPaper\MyAutoAugument\outputs\datasets\tiled\tiled_1024_ov20_full_safe_no_ok_position\images\val\2025-06-07-10-52-02ps5_NGyuan_tile_0012.jpg,7,碰伤,"[491.0008239746094, 601.9993896484375, 518.9990234375, 611.999755859375]",279.99224787577987,tiny,44.15714285714286,14.149341947632067,14.149341947632067,True,True,center,False,FN,gamma_brighten_085,False,,,6,,,0.0,0.0,gamma brighten gamma=0.85
E:\TJGY\MinPaper\MyAutoAugument\outputs\datasets\tiled\tiled_1024_ov20_full_safe_no_ok_position\images\val\2025-06-07-14-43-50ps5_NGyuan_tile_0007.jpg,8,脏污,"[868.9996948242188, 696.00048828125, 923.0003051757812, 792.00048828125]",5184.05859375,small,55.714506172839506,18.48999494396198,18.48999494396198,True,True,edge,False,FN,gamma_brighten_085,False,,,4,,,0.0,0.0,gamma brighten gamma=0.85
E:\TJGY\MinPaper\MyAutoAugument\outputs\datasets\tiled\tiled_1024_ov20_full_safe_no_ok_position\images\val\2025-06-07-14-43-50ps5_NGyuan_tile_0007.jpg,8,脏污,"[481.0009460449219, 664.9999389648438, 644.9996337890625, 700.0003051757812]",5740.014129158109,small,62.34198606271777,23.746416129226407,23.746416129226407,False,False,center,False,FN,gamma_brighten_085,False,,,1,,,0.0,0.0,gamma brighten gamma=0.85
E:\TJGY\MinPaper\MyAutoAugument\outputs\datasets\tiled\tiled_1024_ov20_full_safe_no_ok_position\images\val\2025-06-07-14-43-50ps5_NGyuan_tile_0012.jpg,8,脏污,"[481.0009460449219, 605.9990844726562, 644.9996337890625, 640.9994506835938]",5740.014129158109,small,62.34128919860627,23.7636240565938,23.7636240565938,False,False,center,False,FN,gamma_brighten_085,False,0.0,0.5082997679710388,8,0.0,0.4562271237373352,0.0,0.05207264423370361,gamma brighten gamma=0.85
E:\TJGY\MinPaper\MyAutoAugument\outputs\datasets\tiled\tiled_1024_ov20_full_safe_no_ok_position\images\val\2025-06-07-15-42-24ps5_NGyuan_tile_0002.jpg,8,脏污,"[183.00006103515625, 464.0, 275.999755859375, 541.000732421875]",7161.044616475701,small,69.0078201368524,36.994660186155414,36.994660186155414,False,False,center,False,FN,gamma_brighten_085,False,,,4,,,0.0,0.0,gamma brighten gamma=0.85
E:\TJGY\MinPaper\MyAutoAugument\outputs\datasets\tiled\tiled_1024_ov20_full_safe_no_ok_position\images\val\2025-06-07-15-42-24ps5_NGyuan_tile_0007.jpg,8,脏污,"[163.0013427734375, 529.0004272460938, 293.9996032714844, 589.0006713867188]",7859.927611880004,small,73.14211195928753,33.43959702171577,33.43959702171577,False,False,center,False,FN,gamma_brighten_085,False,,,1,,,0.0,0.0,gamma brighten gamma=0.85
E:\TJGY\MinPaper\MyAutoAugument\outputs\datasets\tiled\tiled_1024_ov20_full_safe_no_ok_position\images\val\2025-06-07-15-42-24ps5_NGyuan_tile_0012.jpg,8,脏污,"[163.0013427734375, 470.0006408691406, 293.9996032714844, 530.0009155273438]",7859.931609629653,small,73.14427480916031,33.442560974377976,33.442560974377976,False,False,center,False,FN,gamma_brighten_085,False,0.0,0.46926113963127136,8,0.0,0.49067533016204834,0.0,-0.021414190530776978,gamma brighten gamma=0.85
E:\TJGY\MinPaper\MyAutoAugument\outputs\datasets\tiled\tiled_1024_ov20_full_safe_no_ok_position\images\val\2025-06-07-16-21-50ps5_NGyuan_tile_0007.jpg,8,脏污,"[150.99903869628906, 744.0005493164062, 569.997314453125, 780.9996948242188]",15502.57817224972,medium,53.16080758562859,24.52833672514371,24.52833672514371,True,False,center,False,FN,gamma_brighten_085,True,0.6452186703681946,0.28190237283706665,8,,,0.6452186703681946,0.28190237283706665,gamma brighten gamma=0.85
E:\TJGY\MinPaper\MyAutoAugument\outputs\datasets\tiled\tiled_1024_ov20_full_safe_no_ok_position\images\val\2025-06-07-16-21-50ps5_NGyuan_tile_0012.jpg,8,脏污,"[150.99903869628906, 684.9996948242188, 569.997314453125, 721.9988403320312]",15502.57817224972,medium,53.15261562278269,24.522838338374772,24.522838338374772,True,False,center,False,FN,gamma_brighten_085,False,,,1,,,0.0,0.0,gamma brighten gamma=0.85
E:\TJGY\MinPaper\MyAutoAugument\outputs\datasets\tiled\tiled_1024_ov20_full_safe_no_ok_position\images\val\2025-06-11-19-13-20ps5_NGyuan_tile_0007.jpg,12,锡膏,"[520.9984130859375, 422.9995422363281, 563.999267578125, 485.9991149902344]",2709.035461060703,small,106.23661867847915,31.704531348378858,31.704531348378858,False,False,center,False,FN,gamma_brighten_085,False,,,5,,,0.0,0.0,gamma brighten gamma=0.85
E:\TJGY\MinPaper\MyAutoAugument\outputs\datasets\tiled\tiled_1024_ov20_full_safe_no_ok_position\images\val\2025-06-11-19-13-20ps5_NGyuan_tile_0007.jpg,5,浅划伤,"[532.0012817382812, 837.0006713867188, 539.0023803710938, 861.0001831054688]",168.0229486823082,tiny,83.0952380952381,39.93972215596513,39.93972215596513,False,False,edge,False,FN,gamma_brighten_085,False,0.0,0.5072870254516602,5,0.0,0.5088472962379456,0.0,-0.0015602707862854004,gamma brighten gamma=0.85
E:\TJGY\MinPaper\MyAutoAugument\outputs\datasets\tiled\tiled_1024_ov20_full_safe_no_ok_position\images\val\2025-06-11-19-13-20ps5_NGyuan_tile_0012.jpg,12,锡膏,"[520.9984130859375, 363.9997253417969, 563.999267578125, 426.9992980957031]",2709.035461060703,small,106.20708748615725,31.71080344255586,31.71080344255586,False,False,center,False,FN,gamma_brighten_085,False,,,5,,,0.0,0.0,gamma brighten gamma=0.85
E:\TJGY\MinPaper\MyAutoAugument\outputs\datasets\tiled\tiled_1024_ov20_full_safe_no_ok_position\images\val\2025-06-14-16-53-39ps5_tile_0005.jpg,9,轮廓划伤,"[906.0018920898438, 573.000244140625, 930.0014038085938, 678.0001220703125]",2519.9458008408546,small,53.296031746031744,20.445661241887965,20.445661241887965,True,False,edge,False,FN,gamma_brighten_085,False,,,,,,0.0,0.0,gamma brighten gamma=0.85
E:\TJGY\MinPaper\MyAutoAugument\outputs\datasets\tiled\tiled_1024_ov20_full_safe_no_ok_position\images\val\2025-06-14-16-53-39ps5_tile_0006.jpg,9,轮廓划伤,"[87.00160217285156, 573.000244140625, 111.00108337402344, 678.0001220703125]",2519.942596498877,small,53.294444444444444,20.435161906666547,20.435161906666547,True,False,edge,False,FN,gamma_brighten_085,False,,,5,,,0.0,0.0,gamma brighten gamma=0.85
E:\TJGY\MinPaper\MyAutoAugument\outputs\datasets\tiled\tiled_1024_ov20_full_safe_no_ok_position\images\val\2025-06-14-16-53-39ps5_tile_0007.jpg,12,锡膏,"[611.9992065429688, 262.0001220703125, 701.0001831054688, 328.99945068359375]",5963.00567561388,small,101.16149589132986,37.46798170128969,37.46798170128969,False,False,center,False,FN,gamma_brighten_085,False,,,6,,,0.0,0.0,gamma brighten gamma=0.85
E:\TJGY\MinPaper\MyAutoAugument\outputs\datasets\tiled\tiled_1024_ov20_full_safe_no_ok_position\images\val\2025-06-14-16-53-39ps5_tile_0012.jpg,12,锡膏,"[611.9992065429688, 203.0003204345703, 701.0001831054688, 269.9996337890625]",5963.004317566752,small,101.14522891162167,37.44445544128088,37.44445544128088,False,False,center,False,FN,gamma_brighten_085,False,,,6,,,0.0,0.0,gamma brighten gamma=0.85
E:\TJGY\MinPaper\MyAutoAugument\outputs\datasets\tiled\tiled_1024_ov20_full_safe_no_ok_position\images\val\2025-06-18-06-39-05ps5_NGyuan_tile_0007.jpg,8,脏污,"[646.9990234375, 797.0001831054688, 813.9970703125, 840.0010375976562]",7181.058714151382,small,55.6344520261802,24.735676710958952,24.735676710958952,True,False,center,False,FN,gamma_brighten_085,False,,,6,,,0.0,0.0,gamma brighten gamma=0.85
E:\TJGY\MinPaper\MyAutoAugument\outputs\datasets\tiled\tiled_1024_ov20_full_safe_no_ok_position\images\val\2025-06-18-06-39-05ps5_NGyuan_tile_0007.jpg,8,脏污,"[742.9995727539062, 691.0003662109375, 796.0007934570312, 720.0]",1537.0159907639027,small,52.819128171763175,23.727055041545608,23.727055041545608,True,False,center,False,FN,gamma_brighten_085,False,,,6,,,0.0,0.0,gamma brighten gamma=0.85
E:\TJGY\MinPaper\MyAutoAugument\outputs\datasets\tiled\tiled_1024_ov20_full_safe_no_ok_position\images\val\2025-06-18-06-39-05ps5_NGyuan_tile_0012.jpg,8,脏污,"[646.9990234375, 737.9993286132812, 813.9970703125, 781.0001831054688]",7181.058714151382,small,55.635705333519006,24.722098374748796,24.722098374748796,True,False,center,False,FN,gamma_brighten_085,False,,,6,,,0.0,0.0,gamma brighten gamma=0.85
E:\TJGY\MinPaper\MyAutoAugument\outputs\datasets\tiled\tiled_1024_ov20_full_safe_no_ok_position\images\val\2025-06-18-06-39-05ps5_NGyuan_tile_0012.jpg,8,脏污,"[742.9995727539062, 632.0005493164062, 796.0007934570312, 661.0001831054688]",1537.0159907639027,small,52.82173064411191,23.741110094534566,23.741110094534566,True,False,center,False,FN,gamma_brighten_085,False,,,6,,,0.0,0.0,gamma brighten gamma=0.85
E:\TJGY\MinPaper\MyAutoAugument\outputs\datasets\tiled\tiled_1024_ov20_full_safe_no_ok_position\images\val\2025-06-28-00-58-48ps5_NGyuan_tile_0006.jpg,7,碰伤,"[860.0012817382812, 736.0010375976562, 887.9994506835938, 751.0005493164062]",419.9588631987572,tiny,58.654761904761905,26.507723064913893,26.507723064913893,True,False,edge,False,FN,gamma_brighten_085,False,0.0,0.6369730234146118,7,0.0,0.6023921370506287,0.0,0.034580886363983154,gamma brighten gamma=0.85
E:\TJGY\MinPaper\MyAutoAugument\outputs\datasets\tiled\tiled_1024_ov20_full_safe_no_ok_position\images\val\2025-06-28-00-58-48ps5_NGyuan_tile_0007.jpg,7,碰伤,"[41.00096130371094, 736.0010375976562, 68.9991683959961, 751.0005493164062]",419.95943538472056,tiny,58.62619047619047,26.560995028727742,26.560995028727742,True,False,edge,False,FN,gamma_brighten_085,False,,,1,,,0.0,0.0,gamma brighten gamma=0.85
E:\TJGY\MinPaper\MyAutoAugument\outputs\datasets\tiled\tiled_1024_ov20_full_safe_no_ok_position\images\val\2025-06-28-00-58-48ps5_NGyuan_tile_0011.jpg,7,碰伤,"[860.0012817382812, 677.001220703125, 887.9994506835938, 692.000732421875]",419.9588631987572,tiny,58.63095238095238,26.613181375072283,26.613181375072283,True,False,edge,False,FN,gamma_brighten_085,False,,,,,,0.0,0.0,gamma brighten gamma=0.85
E:\TJGY\MinPaper\MyAutoAugument\outputs\datasets\tiled\tiled_1024_ov20_full_safe_no_ok_position\images\val\2025-06-28-00-58-48ps5_NGyuan_tile_0012.jpg,7,碰伤,"[41.00096130371094, 677.001220703125, 68.9991683959961, 692.000732421875]",419.95943538472056,tiny,58.62380952380953,26.58994447892455,26.58994447892455,True,False,edge,False,FN,gamma_brighten_085,False,,,1,,,0.0,0.0,gamma brighten gamma=0.85
E:\TJGY\MinPaper\MyAutoAugument\outputs\datasets\tiled\tiled_1024_ov20_full_safe_no_ok_position\images\val\2025-06-28-07-30-46ps5_NGyuan_tile_0011.jpg,7,碰伤,"[370.9992980957031, 788.000732421875, 395.9992370605469, 801.00146484375]",325.01751704514027,tiny,57.65538461538461,8.878219342763774,8.878219342763774,True,True,center,False,FN,gamma_brighten_085,False,,,,,,0.0,0.0,gamma brighten gamma=0.85
E:\TJGY\MinPaper\MyAutoAugument\outputs\datasets\tiled\tiled_1024_ov20_full_safe_no_ok_position\images\val\2025-06-29-08-27-16ps5_NGyuan_tile_0000.jpg,7,碰伤,"[871.0021362304688, 658.0004272460938, 918.0016479492188, 671.0000610351562]",610.9764406085014,tiny,55.761047463175125,12.578598256206332,12.578598256206332,True,True,edge,False,FN,gamma_brighten_085,False,0.0,0.9311323761940002,7,0.0,0.9341381192207336,0.0,-0.0030057430267333984,gamma brighten gamma=0.85
E:\TJGY\MinPaper\MyAutoAugument\outputs\datasets\tiled\tiled_1024_ov20_full_safe_no_ok_position\images\val\2025-06-29-08-27-16ps5_NGyuan_tile_0001.jpg,7,碰伤,"[52.001792907714844, 658.0004272460938, 99.00135040283203, 671.0000610351562]",610.9770356845111,tiny,55.741407528641574,12.561673869036001,12.561673869036001,True,True,edge,False,FN,gamma_brighten_085,False,,,9,,,0.0,0.0,gamma brighten gamma=0.85
E:\TJGY\MinPaper\MyAutoAugument\outputs\datasets\tiled\tiled_1024_ov20_full_safe_no_ok_position\images\val\2025-06-29-08-27-16ps5_NGyuan_tile_0007.jpg,6,漏背锡,"[618.999267578125, 306.0003967285156, 836.000244140625, 432.0005187988281]",27342.14953625202,medium,104.82481164508815,65.53607339766639,65.53607339766639,False,False,center,False,FN,gamma_brighten_085,False,,,12,,,0.0,0.0,gamma brighten gamma=0.85
E:\TJGY\MinPaper\MyAutoAugument\outputs\datasets\tiled\tiled_1024_ov20_full_safe_no_ok_position\images\val\2025-06-29-08-27-16ps5_NGyuan_tile_0012.jpg,6,漏背锡,"[618.999267578125, 247.00057983398438, 836.000244140625, 373.0007019042969]",27342.14953625202,medium,104.82283666154633,65.53497091198456,65.53497091198456,False,False,center,False,FN,gamma_brighten_085,False,,,12,,,0.0,0.0,gamma brighten gamma=0.85
E:\TJGY\MinPaper\MyAutoAugument\outputs\datasets\tiled\tiled_1024_ov20_full_safe_no_ok_position\images\val\2025-07-13-20-08-46ps5_NGyuan_tile_0007.jpg,7,碰伤,"[928.0010375976562, 9.999872207641602, 975.0005493164062, 28.000768661499023]",846.0333438310772,tiny,54.854609929078016,14.40297763660568,14.40297763660568,True,True,corner,False,FN,gamma_brighten_085,False,,,11,,,0.0,0.0,gamma brighten gamma=0.85
E:\TJGY\MinPaper\MyAutoAugument\outputs\datasets\tiled\tiled_1024_ov20_full_safe_no_ok_position\images\val\2025-07-13-20-08-46ps5_NGyuan_tile_0007.jpg,11,锡尖,"[421.001220703125, 619.9987182617188, 494.99957275390625, 666.9993286132812]",3477.9677113965154,small,123.09488211615871,65.90531720864378,65.90531720864378,False,False,center,False,FN,gamma_brighten_085,False,0.0,0.9944774508476257,11,0.0,0.9944475889205933,0.0,2.9861927032470703e-05,gamma brighten gamma=0.85
E:\TJGY\MinPaper\MyAutoAugument\outputs\datasets\tiled\tiled_1024_ov20_full_safe_no_ok_position\images\val\2025-07-13-20-08-46ps5_NGyuan_tile_0008.jpg,7,碰伤,"[109.0017318725586, 9.999872207641602, 156.00128173828125, 28.000768661499023]",846.034030510782,tiny,54.892434988179666,14.35571448989137,14.35571448989137,True,True,corner,False,FN,gamma_brighten_085,False,,,,,,0.0,0.0,gamma brighten gamma=0.85
E:\TJGY\MinPaper\MyAutoAugument\outputs\datasets\tiled\tiled_1024_ov20_full_safe_no_ok_position\images\val\2025-07-13-20-08-46ps5_NGyuan_tile_0008.jpg,1,OK3,"[3.9976959228515625, 835.999755859375, 160.99942016601562, 889.9993896484375]",8478.035613382235,small,36.99728709601321,7.181065191702025,7.181065191702025,True,True,corner,False,FN,gamma_brighten_085,False,,,,,,0.0,0.0,gamma brighten gamma=0.85
E:\TJGY\MinPaper\MyAutoAugument\outputs\datasets\tiled\tiled_1024_ov20_full_safe_no_ok_position\images\val\2025-07-13-20-08-46ps5_NGyuan_tile_0012.jpg,11,锡尖,"[421.001220703125, 560.9989013671875, 494.99957275390625, 607.99951171875]",3477.9677113965154,small,123.08539390454284,65.88729036054909,65.88729036054909,False,False,center,False,FN,gamma_brighten_085,False,0.0,0.9981720447540283,11,0.0,0.9976463913917542,0.0,0.0005256533622741699,gamma brighten gamma=0.85
E:\TJGY\MinPaper\MyAutoAugument\outputs\datasets\tiled\tiled_1024_ov20_full_safe_no_ok_position\images\val\2025-07-13-20-08-46ps5_NGyuan_tile_0013.jpg,1,OK3,"[3.9976959228515625, 776.9999389648438, 160.99942016601562, 830.9995727539062]",8478.035613382235,small,37.001179523472516,7.193464342911849,7.193464342911849,True,True,edge,False,FN,gamma_brighten_085,False,,,,,,0.0,0.0,gamma brighten gamma=0.85
E:\TJGY\MinPaper\MyAutoAugument\outputs\datasets\tiled\tiled_1024_ov20_full_safe_no_ok_position\images\val\2025-07-14-19-29-20ps5_tile_0007.jpg,7,碰伤,"[916.0017700195312, -0.0005116462707519531, 937.0020141601562, 11.999744415283203]",252.00830704264808,tiny,30.4484126984127,7.5693432870978965,7.5693432870978965,True,True,corner,True,FN,gamma_brighten_085,False,,,11,,,0.0,0.0,gamma brighten gamma=0.85
E:\TJGY\MinPaper\MyAutoAugument\outputs\datasets\tiled\tiled_1024_ov20_full_safe_no_ok_position\images\val\2025-07-14-19-29-20ps5_tile_0008.jpg,7,碰伤,"[97.00147247314453, -0.0005116462707519531, 118.00167083740234, 11.999744415283203]",252.00775771452027,tiny,30.48015873015873,7.472409779402671,7.472409779402671,True,True,corner,True,FN,gamma_brighten_085,False,,,,,,0.0,0.0,gamma brighten gamma=0.85
E:\TJGY\MinPaper\MyAutoAugument\outputs\datasets\tiled\tiled_1024_ov20_full_safe_no_ok_position\images\val\2025-07-21-20-56-48ps5_NGyuan_tile_0000.jpg,7,碰伤,"[873.9989013671875, 906.0003662109375, 905.9998779296875, 920.00048828125]",448.0175782442093,tiny,74.57589285714286,14.53255425351571,14.53255425351571,False,True,corner,False,FN,gamma_brighten_085,False,,,,,,0.0,0.0,gamma brighten gamma=0.85
E:\TJGY\MinPaper\MyAutoAugument\outputs\datasets\tiled\tiled_1024_ov20_full_safe_no_ok_position\images\val\2025-07-21-20-56-48ps5_NGyuan_tile_0001.jpg,7,碰伤,"[54.99852752685547, 906.0003662109375, 86.99954986572266, 920.00048828125]",448.01821911893785,tiny,74.62946428571429,14.538318447621059,14.538318447621059,False,True,corner,False,FN,gamma_brighten_085,False,,,,,,0.0,0.0,gamma brighten gamma=0.85
E:\TJGY\MinPaper\MyAutoAugument\outputs\datasets\tiled\tiled_1024_ov20_full_safe_no_ok_position\images\val\2025-07-21-20-56-48ps5_NGyuan_tile_0005.jpg,7,碰伤,"[873.9989013671875, 87.00006866455078, 905.9998779296875, 101.00019073486328]",448.0175782442093,tiny,74.60714285714286,14.57989512433936,14.57989512433936,False,True,corner,False,FN,gamma_brighten_085,False,,,,,,0.0,0.0,gamma brighten gamma=0.85
E:\TJGY\MinPaper\MyAutoAugument\outputs\datasets\tiled\tiled_1024_ov20_full_safe_no_ok_position\images\val\2025-07-21-20-56-48ps5_NGyuan_tile_0006.jpg,7,碰伤,"[54.99852752685547, 87.00006866455078, 86.99954986572266, 101.00019073486328]",448.01821911893785,tiny,74.55357142857143,14.568397356285017,14.568397356285017,False,True,corner,False,FN,gamma_brighten_085,False,,,,,,0.0,0.0,gamma brighten gamma=0.85
E:\TJGY\MinPaper\MyAutoAugument\outputs\datasets\tiled\tiled_1024_ov20_full_safe_no_ok_position\images\val\2025-07-21-20-56-48ps5_NGyuan_tile_0010.jpg,7,碰伤,"[873.9989013671875, 28.000255584716797, 905.9998779296875, 42.00038528442383]",448.01782239228487,tiny,74.62276785714286,14.539604761639193,14.539604761639193,False,True,corner,False,FN,gamma_brighten_085,False,,,,,,0.0,0.0,gamma brighten gamma=0.85
E:\TJGY\MinPaper\MyAutoAugument\outputs\datasets\tiled\tiled_1024_ov20_full_safe_no_ok_position\images\val\2025-07-21-20-56-48ps5_NGyuan_tile_0011.jpg,7,碰伤,"[54.99852752685547, 28.000255584716797, 86.99954986572266, 42.00038528442383]",448.0184632673627,tiny,74.55357142857143,14.558128121010444,14.558128121010444,False,True,corner,False,FN,gamma_brighten_085,False,,,,,,0.0,0.0,gamma brighten gamma=0.85
E:\TJGY\MinPaper\MyAutoAugument\outputs\datasets\tiled\tiled_1024_ov20_full_safe_no_ok_position\images\val\2025-08-01-18-25-43ps5_NGyuan_tile_0005.jpg,7,碰伤,"[543.9989624023438, 789.001708984375, 570.9977416992188, 800.00048828125]",296.9536147713661,tiny,67.12121212121212,12.43429009826994,12.43429009826994,False,True,center,False,FN,gamma_brighten_085,False,,,,,,0.0,0.0,gamma brighten gamma=0.85
E:\TJGY\MinPaper\MyAutoAugument\outputs\datasets\tiled\tiled_1024_ov20_full_safe_no_ok_position\images\val\2025-08-01-18-25-43ps5_NGyuan_tile_0010.jpg,7,碰伤,"[543.9989624023438, 730.0018920898438, 570.9977416992188, 741.0006713867188]",296.9536147713661,tiny,67.14141414141415,12.336753635219289,12.336753635219289,False,True,center,False,FN,gamma_brighten_085,False,,,,,,0.0,0.0,gamma brighten gamma=0.85
E:\TJGY\MinPaper\MyAutoAugument\outputs\datasets\tiled\tiled_1024_ov20_full_safe_no_ok_position\images\val\2025-08-01-19-07-33ps5_tile_0001.jpg,7,碰伤,"[683.999755859375, 750.0001220703125, 761.00146484375, 764.9996337890625]",1154.98803627491,small,77.10822510822511,13.52277129892412,13.52277129892412,False,True,center,False,FN,gamma_brighten_085,True,0.5324322581291199,0.6682426929473877,7,0.5555399060249329,0.6593897342681885,-0.02310764789581299,0.008852958679199219,gamma brighten gamma=0.85
E:\TJGY\MinPaper\MyAutoAugument\outputs\datasets\tiled\tiled_1024_ov20_full_safe_no_ok_position\images\val\2025-08-01-19-07-33ps5_tile_0007.jpg,12,锡膏,"[602.0009155273438, 437.001220703125, 640.9999389648438, 562.0009155273438]",4874.8660281300545,small,132.29107692307693,25.70673247882104,25.70673247882104,False,False,center,False,FN,gamma_brighten_085,False,,,7,,,0.0,0.0,gamma brighten gamma=0.85
E:\TJGY\MinPaper\MyAutoAugument\outputs\datasets\tiled\tiled_1024_ov20_full_safe_no_ok_position\images\val\2025-08-01-19-15-54ps5_NGyuan_tile_0001.jpg,9,轮廓划伤,"[265.0019836425781, 812.000244140625, 301.0017395019531, 862.0001220703125]",1799.9833984673023,small,92.58722222222222,13.851881262347467,13.851881262347467,False,True,edge,False,FN,gamma_brighten_085,False,,,4,,,0.0,0.0,gamma brighten gamma=0.85
E:\TJGY\MinPaper\MyAutoAugument\outputs\datasets\tiled\tiled_1024_ov20_full_safe_no_ok_position\images\val\2025-08-01-19-15-54ps5_NGyuan_tile_0001.jpg,7,碰伤,"[678.99853515625, 792.9989013671875, 731.0003662109375, 860.9986572265625]",3536.111815959215,small,97.78082579185521,11.439135858198433,11.439135858198433,False,True,edge,False,FN,gamma_brighten_085,False,0.0,0.8588725328445435,7,0.0,0.8984742164611816,0.0,-0.039601683616638184,gamma brighten gamma=0.85
E:\TJGY\MinPaper\MyAutoAugument\outputs\datasets\tiled\tiled_1024_ov20_full_safe_no_ok_position\images\val\2025-08-01-19-15-54ps5_NGyuan_tile_0007.jpg,9,轮廓划伤,"[883.9992065429688, 939.0003051757812, 937.0004272460938, 1011.0007934570312]",3816.1137701272964,small,75.7541928721174,8.36023069434036,8.36023069434036,False,True,corner,False,FN,gamma_brighten_085,False,,,1,,,0.0,0.0,gamma brighten gamma=0.85
E:\TJGY\MinPaper\MyAutoAugument\outputs\datasets\tiled\tiled_1024_ov20_full_safe_no_ok_position\images\val\2025-08-01-19-15-54ps5_NGyuan_tile_0008.jpg,9,轮廓划伤,"[64.99890899658203, 939.0003051757812, 118.00012969970703, 1011.0007934570312]",3816.1137701272964,small,75.75104821802935,8.342785454022351,8.342785454022351,False,True,corner,False,FN,gamma_brighten_085,False,,,,,,0.0,0.0,gamma brighten gamma=0.85
E:\TJGY\MinPaper\MyAutoAugument\outputs\datasets\tiled\tiled_1024_ov20_full_safe_no_ok_position\images\val\2025-08-01-19-15-54ps5_NGyuan_tile_0010.jpg,9,轮廓划伤,"[320.0010070800781, 846.0001220703125, 367.0005798339844, 917.000244140625]",3336.975402779877,small,73.16332034761763,7.190210572874346,7.190210572874346,False,True,edge,False,FN,gamma_brighten_085,False,,,7,,,0.0,0.0,gamma brighten gamma=0.85
E:\TJGY\MinPaper\MyAutoAugument\outputs\datasets\tiled\tiled_1024_ov20_full_safe_no_ok_position\images\val\2025-08-04-12-33-32ps5_NGyuan_tile_0007.jpg,12,锡膏,"[372.0007629394531, 490.9992980957031, 429.0007019042969, 573.0001831054688]",4674.045440619811,small,181.8913136499786,36.092790329431004,36.092790329431004,False,False,center,False,FN,gamma_brighten_085,False,0.0,0.9728286266326904,12,0.0,0.9773492217063904,0.0,-0.004520595073699951,gamma brighten gamma=0.85
E:\TJGY\MinPaper\MyAutoAugument\outputs\datasets\tiled\tiled_1024_ov20_full_safe_no_ok_position\images\val\2025-08-04-12-33-32ps5_NGyuan_tile_0012.jpg,12,锡膏,"[372.0007629394531, 431.9994812011719, 429.0007019042969, 514.0003662109375]",4674.045440619811,small,181.89602053915277,36.09129258574198,36.09129258574198,False,False,center,False,FN,gamma_brighten_085,False,0.0,0.9787744283676147,12,0.0,0.984855592250824,0.0,-0.0060811638832092285,gamma brighten gamma=0.85
E:\TJGY\MinPaper\MyAutoAugument\outputs\datasets\tiled\tiled_1024_ov20_full_safe_no_ok_position\images\val\2025-08-11-12-08-10ps5_NGyuan_tile_0002.jpg,7,碰伤,"[579.0007934570312, 712.9994506835938, 612.0012817382812, 721.9993286132812]",297.00036615133286,tiny,61.54545454545455,12.719405938158081,12.719405938158081,False,True,center,False,FN,gamma_brighten_085,False,,,,,,0.0,0.0,gamma brighten gamma=0.85
E:\TJGY\MinPaper\MyAutoAugument\outputs\datasets\tiled\tiled_1024_ov20_full_safe_no_ok_position\images\val\2025-08-11-19-47-12ps5_tile_0002.jpg,10,锡丝残留,"[450.9997863769531, 899.0007934570312, 515.0007934570312, 1014.0011596679688]",7360.139252077788,small,90.81888586956522,29.39094057510151,29.39094057510151,False,False,edge,False,FN,gamma_brighten_085,False,,,,,,0.0,0.0,gamma brighten gamma=0.85
E:\TJGY\MinPaper\MyAutoAugument\outputs\datasets\tiled\tiled_1024_ov20_full_safe_no_ok_position\images\val\2025-08-11-19-47-12ps5_tile_0012.jpg,10,锡丝残留,"[450.9997863769531, 21.000701904296875, 515.0007934570312, 136.0010223388672]",7360.136322344188,small,90.81589673913044,29.391555325766586,29.391555325766586,False,False,edge,False,FN,gamma_brighten_085,False,,,1,,,0.0,0.0,gamma brighten gamma=0.85
E:\TJGY\MinPaper\MyAutoAugument\outputs\datasets\tiled\tiled_1024_ov20_full_safe_no_ok_position\images\val\2025-08-11-19-48-33ps5_tile_0002.jpg,10,锡丝残留,"[583.0010375976562, 918.9995727539062, 650.0014038085938, 1013.9990844726562]",6365.002075016499,small,82.86457187745484,29.289360786741216,29.289360786741216,False,False,edge,False,FN,gamma_brighten_085,False,,,11,,,0.0,0.0,gamma brighten gamma=0.85
E:\TJGY\MinPaper\MyAutoAugument\outputs\datasets\tiled\tiled_1024_ov20_full_safe_no_ok_position\images\val\2025-08-11-19-48-33ps5_tile_0007.jpg,10,锡丝残留,"[583.0010375976562, 99.99923706054688, 650.0014038085938, 194.998779296875]",6365.004119705409,small,82.88578161822467,29.26549908145222,29.26549908145222,False,False,edge,False,FN,gamma_brighten_085,False,,,11,,,0.0,0.0,gamma brighten gamma=0.85
E:\TJGY\MinPaper\MyAutoAugument\outputs\datasets\tiled\tiled_1024_ov20_full_safe_no_ok_position\images\val\2025-08-11-19-48-33ps5_tile_0012.jpg,10,锡丝残留,"[583.0010375976562, 40.99942398071289, 650.0014038085938, 135.9989776611328]",6365.00488646375,small,82.8725844461901,29.26325957101295,29.26325957101295,False,False,edge,False,FN,gamma_brighten_085,False,,,11,,,0.0,0.0,gamma brighten gamma=0.85
E:\TJGY\MinPaper\MyAutoAugument\outputs\datasets\tiled\tiled_1024_ov20_full_safe_no_ok_position\images\val\2025-08-11-19-48-39ps5_tile_0002.jpg,11,锡尖,"[260.00177001953125, 969.9993896484375, 426.99981689453125, 1022.0001220703125]",8684.020750522614,small,131.6589129433441,28.84888457853096,28.84888457853096,False,False,edge,False,FN,gamma_brighten_085,False,,,,,,0.0,0.0,gamma brighten gamma=0.85
E:\TJGY\MinPaper\MyAutoAugument\outputs\datasets\tiled\tiled_1024_ov20_full_safe_no_ok_position\images\val\2025-08-12-01-35-13ps5_NGyuan_tile_0008.jpg,7,碰伤,"[284.9986572265625, 695.0006103515625, 294.9990234375, 707.0008544921875]",120.00683602690697,tiny,68.83333333333333,13.364338949441365,13.364338949441365,False,True,center,False,FN,gamma_brighten_085,False,,,1,,,0.0,0.0,gamma brighten gamma=0.85
E:\TJGY\MinPaper\MyAutoAugument\outputs\datasets\tiled\tiled_1024_ov20_full_safe_no_ok_position\images\val\2025-08-12-01-35-13ps5_NGyuan_tile_0009.jpg,7,碰伤,"[169.9983367919922, 695.0006103515625, 179.9987335205078, 707.0008544921875]",120.00720224529505,tiny,68.89166666666667,13.415038721110308,13.415038721110308,False,True,edge,False,FN,gamma_brighten_085,False,,,,,,0.0,0.0,gamma brighten gamma=0.85
E:\TJGY\MinPaper\MyAutoAugument\outputs\datasets\tiled\tiled_1024_ov20_full_safe_no_ok_position\images\val\2025-08-12-01-35-13ps5_NGyuan_tile_0013.jpg,7,碰伤,"[284.9986572265625, 635.999755859375, 294.9990234375, 648.0]",120.00683602690697,tiny,68.75,13.430841373495555,13.430841373495555,False,True,center,False,FN,gamma_brighten_085,False,,,1,,,0.0,0.0,gamma brighten gamma=0.85
E:\TJGY\MinPaper\MyAutoAugument\outputs\datasets\tiled\tiled_1024_ov20_full_safe_no_ok_position\images\val\2025-08-12-01-35-13ps5_NGyuan_tile_0014.jpg,7,碰伤,"[169.9983367919922, 635.999755859375, 179.9987335205078, 648.0]",120.00720224529505,tiny,68.825,13.406256313129825,13.406256313129825,False,True,edge,False,FN,gamma_brighten_085,False,,,,,,0.0,0.0,gamma brighten gamma=0.85
E:\TJGY\MinPaper\MyAutoAugument\outputs\datasets\tiled\tiled_1024_ov20_full_safe_no_ok_position\images\val\2025-08-21-05-20-58ps5_NGyuan_tile_0010.jpg,7,碰伤,"[778.0018920898438, 644.0003051757812, 802.0014038085938, 658.0014038085938]",336.0195307135582,tiny,98.25297619047619,9.744885261578911,9.744885261578911,False,True,center,False,FN,gamma_brighten_085,False,,,,,,0.0,0.0,gamma brighten gamma=0.85
E:\TJGY\MinPaper\MyAutoAugument\outputs\datasets\tiled\tiled_1024_ov20_full_safe_no_ok_position\images\val\2025-09-02-07-01-17ps5_NGyuan_tile_0007.jpg,11,锡尖,"[728.0009765625, 371.9992370605469, 780.0028076171875, 418.9997863769531]",2444.114625029266,small,91.18780687397708,32.5586892764388,32.5586892764388,False,False,center,False,FN,gamma_brighten_085,False,,,,,,0.0,0.0,gamma brighten gamma=0.85
E:\TJGY\MinPaper\MyAutoAugument\outputs\datasets\tiled\tiled_1024_ov20_full_safe_no_ok_position\images\val\2025-09-02-07-01-17ps5_NGyuan_tile_0012.jpg,11,锡尖,"[728.0009765625, 312.99945068359375, 780.0028076171875, 360.0]",2444.114625029266,small,91.1665302782324,32.57385679580332,32.57385679580332,False,False,center,False,FN,gamma_brighten_085,False,,,,,,0.0,0.0,gamma brighten gamma=0.85
E:\TJGY\MinPaper\MyAutoAugument\outputs\datasets\tiled\tiled_1024_ov20_full_safe_no_ok_position\images\val\2025-09-02-08-24-16ps5_NGyuan_tile_0001.jpg,7,碰伤,"[504.9999084472656, 779.999755859375, 529.9998168945312, 790.99853515625]",274.9684754535556,tiny,67.17090909090909,16.44328735908832,16.44328735908832,False,True,center,False,FN,gamma_brighten_085,False,,,,,,0.0,0.0,gamma brighten gamma=0.85
E:\TJGY\MinPaper\MyAutoAugument\outputs\datasets\tiled\tiled_1024_ov20_full_safe_no_ok_position\images\val\2025-09-02-15-04-54ps5_NGyuan_tile_0007.jpg,6,漏背锡,"[592.9998779296875, 346.0003662109375, 857.9998779296875, 424.99993896484375]",20934.886779785156,medium,93.02302364461428,40.044814221721936,40.044814221721936,False,False,center,False,FN,gamma_brighten_085,False,0.25034913420677185,0.4632450342178345,6,0.25203555822372437,0.6360679864883423,-0.0016864240169525146,-0.1728229522705078,gamma brighten gamma=0.85
E:\TJGY\MinPaper\MyAutoAugument\outputs\datasets\tiled\tiled_1024_ov20_full_safe_no_ok_position\images\val\2025-09-02-15-04-54ps5_NGyuan_tile_0012.jpg,6,漏背锡,"[592.9998779296875, 287.0005798339844, 857.9998779296875, 366.0001525878906]",20934.886779785156,medium,93.03625507523286,40.043653921247,40.043653921247,False,False,center,False,FN,gamma_brighten_085,False,0.26299387216567993,0.7303451299667358,6,0.2679309844970703,0.768899142742157,-0.004937112331390381,-0.03855401277542114,gamma brighten gamma=0.85
E:\TJGY\MinPaper\MyAutoAugument\outputs\datasets\tiled\tiled_1024_ov20_full_safe_no_ok_position\images\val\2025-09-02-20-35-27ps5_NGyuan_tile_0007.jpg,6,漏背锡,"[495.9979248046875, 399.0010681152344, 710.9990234375, 448.0005187988281]",10534.935729376972,medium,142.15007119126722,62.38630949557069,62.38630949557069,False,False,center,False,FN,gamma_brighten_085,False,0.0,0.8701650500297546,6,0.0,0.8630314469337463,0.0,0.007133603096008301,gamma brighten gamma=0.85
E:\TJGY\MinPaper\MyAutoAugument\outputs\datasets\tiled\tiled_1024_ov20_full_safe_no_ok_position\images\val\2025-09-09-21-08-16ps5_tile_0005.jpg,7,碰伤,"[620.9991455078125, 429.00018310546875, 674.0003662109375, 473.9998779296875]",2385.0387569516897,small,83.34633123689727,8.341202081152689,8.341202081152689,False,True,center,False,FN,gamma_brighten_085,False,,,,,,0.0,0.0,gamma brighten gamma=0.85
E:\TJGY\MinPaper\MyAutoAugument\outputs\datasets\tiled\tiled_1024_ov20_full_safe_no_ok_position\images\val\2025-09-09-21-08-16ps5_tile_0010.jpg,7,碰伤,"[620.9991455078125, 370.0003662109375, 674.0003662109375, 415.00006103515625]",2385.0387569516897,small,83.31949685534592,8.310901718698924,8.310901718698924,False,True,center,False,FN,gamma_brighten_085,False,,,,,,0.0,0.0,gamma brighten gamma=0.85
E:\TJGY\MinPaper\MyAutoAugument\outputs\datasets\tiled\tiled_1024_ov20_full_safe_no_ok_position\images\val\2025-09-09-21-09-08ps5_tile_0002.jpg,7,碰伤,"[268.99969482421875, 636.000244140625, 350.0001220703125, 668.9996337890625]",2672.964660383761,small,71.33370744481856,13.990167208105312,13.990167208105312,False,True,center,False,FN,gamma_brighten_085,False,0.0,0.3358212113380432,7,,,0.0,0.3358212113380432,gamma brighten gamma=0.85
E:\TJGY\MinPaper\MyAutoAugument\outputs\datasets\tiled\tiled_1024_ov20_full_safe_no_ok_position\images\val\2025-09-09-21-09-08ps5_tile_0002.jpg,7,碰伤,"[896.0, 637.0001831054688, 967.99951171875, 685.9995727539062]",3527.932129204273,small,60.058956916099774,24.542952173817785,24.542952173817785,False,False,edge,False,FN,gamma_brighten_085,True,0.6859525442123413,0.3358212113380432,7,,,0.6859525442123413,0.3358212113380432,gamma brighten gamma=0.85
E:\TJGY\MinPaper\MyAutoAugument\outputs\datasets\tiled\tiled_1024_ov20_full_safe_no_ok_position\images\val\2025-09-09-21-09-08ps5_tile_0003.jpg,7,碰伤,"[77.00070190429688, 637.0001831054688, 149.0001983642578, 685.9995727539062]",3527.9313815329224,small,60.06235827664399,24.52822591520583,24.52822591520583,False,False,edge,False,FN,gamma_brighten_085,False,,,,,,0.0,0.0,gamma brighten gamma=0.85
E:\TJGY\MinPaper\MyAutoAugument\outputs\datasets\tiled\tiled_1024_ov20_full_safe_no_ok_position\images\val\2025-09-09-21-09-08ps5_tile_0006.jpg,9,轮廓划伤,"[423.0005798339844, 792.00048828125, 472.9994201660156, 853.9996337890625]",3099.8853769674897,small,73.83129032258064,11.283484431491578,11.283484431491578,False,True,edge,False,FN,gamma_brighten_085,False,,,7,,,0.0,0.0,gamma brighten gamma=0.85
E:\TJGY\MinPaper\MyAutoAugument\outputs\datasets\tiled\tiled_1024_ov20_full_safe_no_ok_position\images\val\2025-09-09-21-09-08ps5_tile_0011.jpg,9,轮廓划伤,"[423.0005798339844, 733.0006713867188, 472.9994201660156, 794.9998168945312]",3099.8853769674897,small,73.80677419354839,11.264664388596808,11.264664388596808,False,True,center,False,FN,gamma_brighten_085,False,,,7,,,0.0,0.0,gamma brighten gamma=0.85
E:\TJGY\MinPaper\MyAutoAugument\outputs\datasets\tiled\tiled_1024_ov20_full_safe_no_ok_position\images\val\2025-09-15-17-40-22ps5_tile_0002.jpg,2,加强筋打伤,"[780.000244140625, 491.00030517578125, 825.0009765625, 563.0007934570312]",3240.074707388878,small,58.91203703703704,12.028771200385384,12.028771200385384,True,True,center,False,FN,gamma_brighten_085,False,,,0,,,0.0,0.0,gamma brighten gamma=0.85
E:\TJGY\MinPaper\MyAutoAugument\outputs\datasets\tiled\tiled_1024_ov20_full_safe_no_ok_position\images\val\2025-09-15-17-40-45ps5_tile_0003.jpg,9,轮廓划伤,"[614.99853515625, 768.9994506835938, 658.998779296875, 878.9995727539062]",4840.032226592302,small,43.10144628099174,5.880616532374243,5.880616532374243,True,True,edge,False,FN,gamma_brighten_085,False,0.0,0.8926497101783752,9,0.0,0.8685526251792908,0.0,0.024097084999084473,gamma brighten gamma=0.85
E:\TJGY\MinPaper\MyAutoAugument\outputs\datasets\tiled\tiled_1024_ov20_full_safe_no_ok_position\images\val\2025-09-15-17-40-45ps5_tile_0005.jpg,7,碰伤,"[658.001953125, 365.9991149902344, 696.00048828125, 410.0003967285156]",1671.9842510521412,small,80.13516746411483,19.512654649717266,19.512654649717266,False,True,center,False,FN,gamma_brighten_085,False,,,2,,,0.0,0.0,gamma brighten gamma=0.85
E:\TJGY\MinPaper\MyAutoAugument\outputs\datasets\tiled\tiled_1024_ov20_full_safe_no_ok_position\images\val\2025-09-15-17-40-45ps5_tile_0008.jpg,9,轮廓划伤,"[667.999755859375, 143.99948120117188, 736.00048828125, 280.0]",9248.134888075292,small,52.046820934256054,11.056431250044772,11.056431250044772,True,True,center,False,FN,gamma_brighten_085,False,0.0,0.5932793617248535,9,0.0,0.6813665628433228,0.0,-0.08808720111846924,gamma brighten gamma=0.85
E:\TJGY\MinPaper\MyAutoAugument\outputs\datasets\tiled\tiled_1024_ov20_full_safe_no_ok_position\images\val\2025-09-15-17-40-45ps5_tile_0009.jpg,9,轮廓划伤,"[552.9994506835938, 143.99948120117188, 621.0001831054688, 280.0]",9248.134888075292,small,52.04163062283737,11.041174963422284,11.041174963422284,True,True,center,False,FN,gamma_brighten_085,False,0.44202348589897156,0.5111507773399353,9,0.0,0.4902084767818451,0.44202348589897156,0.02094230055809021,gamma brighten gamma=0.85
E:\TJGY\MinPaper\MyAutoAugument\outputs\datasets\tiled\tiled_1024_ov20_full_safe_no_ok_position\images\val\2025-09-15-17-40-45ps5_tile_0013.jpg,9,轮廓划伤,"[588.0007934570312, 129.9998779296875, 647.0005493164062, 266.998779296875]",8082.901733666658,small,45.12247927749598,7.320491860402777,7.320491860402777,True,True,edge,False,FN,gamma_brighten_085,False,,,7,,,0.0,0.0,gamma brighten gamma=0.85
E:\TJGY\MinPaper\MyAutoAugument\outputs\datasets\tiled\tiled_1024_ov20_full_safe_no_ok_position\images\val\2025-09-15-17-40-45ps5_tile_0013.jpg,9,轮廓划伤,"[667.999755859375, 84.99967956542969, 736.00048828125, 221.0001983642578]",9248.134888075292,small,52.05590397923876,11.051302284552333,11.051302284552333,True,True,edge,False,FN,gamma_brighten_085,False,,,7,,,0.0,0.0,gamma brighten gamma=0.85
E:\TJGY\MinPaper\MyAutoAugument\outputs\datasets\tiled\tiled_1024_ov20_full_safe_no_ok_position\images\val\2025-09-17-00-42-01ps5_NGyuan_tile_0002.jpg,9,轮廓划伤,"[569.9998779296875, 440.9994201660156, 608.9989013671875, 531.9992065429688]",3548.902801722288,small,82.39165962242885,19.955258444015058,19.955258444015058,False,True,center,False,FN,gamma_brighten_085,False,,,7,,,0.0,0.0,gamma brighten gamma=0.85
E:\TJGY\MinPaper\MyAutoAugument\outputs\datasets\tiled\tiled_1024_ov20_full_safe_no_ok_position\images\val\2025-09-17-00-42-01ps5_NGyuan_tile_0003.jpg,9,轮廓划伤,"[88.99993896484375, 451.99920654296875, 134.00064086914062, 546.998779296875]",4275.0474545340985,small,61.53426900584795,16.561533177541072,16.561533177541072,False,True,edge,False,FN,gamma_brighten_085,False,,,,,,0.0,0.0,gamma brighten gamma=0.85
E:\TJGY\MinPaper\MyAutoAugument\outputs\datasets\tiled\tiled_1024_ov20_full_safe_no_ok_position\images\val\2025-09-17-00-42-01ps5_NGyuan_tile_0007.jpg,9,轮廓划伤,"[825.9993286132812, 569.0009765625, 861.9990844726562, 658.0008544921875]",3203.9738769829273,small,82.04119850187266,27.04385951819281,27.04385951819281,False,False,edge,False,FN,gamma_brighten_085,False,,,4,,,0.0,0.0,gamma brighten gamma=0.85
E:\TJGY\MinPaper\MyAutoAugument\outputs\datasets\tiled\tiled_1024_ov20_full_safe_no_ok_position\images\val\2025-09-17-00-42-01ps5_NGyuan_tile_0007.jpg,9,轮廓划伤,"[464.9989318847656, 554.0003662109375, 508.9991760253906, 646.0006103515625]",4048.0332031846046,small,88.09510869565217,25.228170146891692,25.228170146891692,False,False,center,False,FN,gamma_brighten_085,False,,,4,,,0.0,0.0,gamma brighten gamma=0.85
E:\TJGY\MinPaper\MyAutoAugument\outputs\datasets\tiled\tiled_1024_ov20_full_safe_no_ok_position\images\val\2025-09-17-00-42-01ps5_NGyuan_tile_0008.jpg,9,轮廓划伤,"[6.999040603637695, 569.0009765625, 42.99878692626953, 658.0008544921875]",3203.97302821395,small,82.03558052434457,27.060123698453427,27.060123698453427,False,False,edge,False,FN,gamma_brighten_085,False,,,4,,,0.0,0.0,gamma brighten gamma=0.85
E:\TJGY\MinPaper\MyAutoAugument\outputs\datasets\tiled\tiled_1024_ov20_full_safe_no_ok_position\images\val\2025-09-17-00-42-01ps5_NGyuan_tile_0012.jpg,9,轮廓划伤,"[825.9993286132812, 510.0011291503906, 861.9990844726562, 599.0010986328125]",3203.977172859013,small,82.05087390761548,27.03131251511788,27.03131251511788,False,False,edge,False,FN,gamma_brighten_085,False,,,4,,,0.0,0.0,gamma brighten gamma=0.85
E:\TJGY\MinPaper\MyAutoAugument\outputs\datasets\tiled\tiled_1024_ov20_full_safe_no_ok_position\images\val\2025-09-17-00-42-01ps5_NGyuan_tile_0012.jpg,9,轮廓划伤,"[464.9989318847656, 495.0006103515625, 508.9991760253906, 587.0008544921875]",4048.0332031846046,small,88.0909090909091,25.217132883679668,25.217132883679668,False,False,center,False,FN,gamma_brighten_085,False,,,4,,,0.0,0.0,gamma brighten gamma=0.85
E:\TJGY\MinPaper\MyAutoAugument\outputs\datasets\tiled\tiled_1024_ov20_full_safe_no_ok_position\images\val\2025-09-17-00-42-01ps5_NGyuan_tile_0013.jpg,9,轮廓划伤,"[6.999040603637695, 510.0011291503906, 42.99878692626953, 599.0010986328125]",3203.9763240891625,small,82.05149812734082,27.05617049169587,27.05617049169587,False,False,edge,False,FN,gamma_brighten_085,False,,,4,,,0.0,0.0,gamma brighten gamma=0.85
E:\TJGY\MinPaper\MyAutoAugument\outputs\datasets\tiled\tiled_1024_ov20_full_safe_no_ok_position\images\val\2025-09-17-01-04-57ps5_NGyuan_tile_0007.jpg,7,碰伤,"[943.9984741210938, 549.001220703125, 1022.9990844726562, 661.000244140625]",8847.991210341454,small,70.38438065099457,27.789816997064424,27.789816997064424,False,False,edge,False,FN,gamma_brighten_085,False,,,0,,,0.0,0.0,gamma brighten gamma=0.85
E:\TJGY\MinPaper\MyAutoAugument\outputs\datasets\tiled\tiled_1024_ov20_full_safe_no_ok_position\images\val\2025-09-17-01-04-57ps5_NGyuan_tile_0009.jpg,7,碰伤,"[9.997825622558594, 549.001220703125, 88.99839782714844, 661.000244140625]",8847.986937917769,small,70.39500452079567,27.785352623891168,27.785352623891168,False,False,edge,False,FN,gamma_brighten_085,False,,,,,,0.0,0.0,gamma brighten gamma=0.85
E:\TJGY\MinPaper\MyAutoAugument\outputs\datasets\tiled\tiled_1024_ov20_full_safe_no_ok_position\images\val\2025-09-17-01-04-57ps5_NGyuan_tile_0012.jpg,7,碰伤,"[943.9984741210938, 490.0014343261719, 1022.9990844726562, 602.0004272460938]",8847.988799434155,small,70.38381555153707,27.781154746340547,27.781154746340547,False,False,edge,False,FN,gamma_brighten_085,False,,,1,,,0.0,0.0,gamma brighten gamma=0.85
E:\TJGY\MinPaper\MyAutoAugument\outputs\datasets\tiled\tiled_1024_ov20_full_safe_no_ok_position\images\val\2025-09-17-01-04-57ps5_NGyuan_tile_0014.jpg,7,碰伤,"[9.997825622558594, 490.0014343261719, 88.99839782714844, 602.0004272460938]",8847.984527011635,small,70.39602169981917,27.783863597371752,27.783863597371752,False,False,edge,False,FN,gamma_brighten_085,False,,,,,,0.0,0.0,gamma brighten gamma=0.85
E:\TJGY\MinPaper\MyAutoAugument\outputs\datasets\tiled\tiled_1024_ov20_full_safe_no_ok_position\images\val\2025-09-23-01-12-21ps5_NGyuan_tile_0000.jpg,8,脏污,"[867.0013427734375, 503.0005798339844, 929.9998779296875, 558.0006713867188]",3464.925201281905,small,96.83174603174604,20.809539021020875,20.809539021020875,False,False,edge,False,FN,gamma_brighten_085,False,,,7,,,0.0,0.0,gamma brighten gamma=0.85
E:\TJGY\MinPaper\MyAutoAugument\outputs\datasets\tiled\tiled_1024_ov20_full_safe_no_ok_position\images\val\2025-09-23-01-12-21ps5_NGyuan_tile_0001.jpg,8,脏污,"[48.00102615356445, 503.0005798339844, 110.99955749511719, 558.0006713867188]",3464.9249914732063,small,96.83376623376624,20.802404743265633,20.802404743265633,False,False,edge,False,FN,gamma_brighten_085,False,,,7,,,0.0,0.0,gamma brighten gamma=0.85
E:\TJGY\MinPaper\MyAutoAugument\outputs\datasets\tiled\tiled_1024_ov20_full_safe_no_ok_position\images\val\2025-09-23-12-23-50ps5_NGyuan_tile_0007.jpg,1,OK3,"[535.99951171875, 675.0003051757812, 712.9979248046875, 710.0006713867188]",6195.009276762605,small,68.44229217110573,12.546360320682469,12.546360320682469,False,True,center,False,FN,gamma_brighten_085,False,,,0,,,0.0,0.0,gamma brighten gamma=0.85
E:\TJGY\MinPaper\MyAutoAugument\outputs\datasets\tiled\tiled_1024_ov20_full_safe_no_ok_position\images\val\2025-10-11-06-43-38ps5_tile_0004.jpg,7,碰伤,"[785.0004272460938, 780.9996948242188, 939.9992065429688, 1000.9999389648438]",34099.76928681135,medium,53.30431085043988,18.205265879869607,18.205265879869607,True,True,corner,False,FN,gamma_brighten_085,False,,,,,,0.0,0.0,gamma brighten gamma=0.85
E:\TJGY\MinPaper\MyAutoAugument\outputs\datasets\tiled\tiled_1024_ov20_full_safe_no_ok_position\images\val\2025-10-11-06-43-38ps5_tile_0009.jpg,7,碰伤,"[833.00146484375, 496.00048828125, 952.00048828125, 672.00048828125]",20943.828125,medium,53.00940603514133,15.966843311164997,15.966843311164997,True,True,edge,False,FN,gamma_brighten_085,False,,,,,,0.0,0.0,gamma brighten gamma=0.85
E:\TJGY\MinPaper\MyAutoAugument\outputs\datasets\tiled\tiled_1024_ov20_full_safe_no_ok_position\images\val\2025-10-11-06-43-38ps5_tile_0012.jpg,1,OK3,"[825.0009765625, 564.000732421875, 944.9993896484375, 625.9998779296875]",7439.799073621631,small,60.81760752688172,12.480530501060455,12.480530501060455,False,True,edge,False,FN,gamma_brighten_085,False,,,0,,,0.0,0.0,gamma brighten gamma=0.85
E:\TJGY\MinPaper\MyAutoAugument\outputs\datasets\tiled\tiled_1024_ov20_full_safe_no_ok_position\images\val\2025-10-11-06-43-38ps5_tile_0013.jpg,1,OK3,"[6.001659393310547, 564.000732421875, 126.0001220703125, 625.9998779296875]",7439.802148225252,small,60.82231182795699,12.474237409818958,12.474237409818958,False,True,edge,False,FN,gamma_brighten_085,False,,,0,,,0.0,0.0,gamma brighten gamma=0.85
E:\TJGY\MinPaper\MyAutoAugument\outputs\datasets\tiled\tiled_1024_ov20_full_safe_no_ok_position\images\val\2025-10-11-06-43-38ps5_tile_0014.jpg,7,碰伤,"[833.00146484375, 437.000732421875, 952.00048828125, 613.000732421875]",20943.828125,medium,53.00868983957219,15.957455759330232,15.957455759330232,True,True,edge,False,FN,gamma_brighten_085,False,,,,,,0.0,0.0,gamma brighten gamma=0.85
E:\TJGY\MinPaper\MyAutoAugument\outputs\datasets\tiled\tiled_1024_ov20_full_safe_no_ok_position\images\val\2025-10-17-13-38-05ps5_NGyuan_tile_0002.jpg,8,脏污,"[97.9993667602539, 625.00146484375, 315.999755859375, 758.0006103515625]",28993.86547055375,medium,92.81903152376354,27.81747796575795,27.81747796575795,False,False,center,False,FN,gamma_brighten_085,False,,,,,,0.0,0.0,gamma brighten gamma=0.85
E:\TJGY\MinPaper\MyAutoAugument\outputs\datasets\tiled\tiled_1024_ov20_full_safe_no_ok_position\images\val\2025-10-17-15-21-16ps5_NGyuan_tile_0001.jpg,7,碰伤,"[370.9992980957031, 653.0001831054688, 397.9980773925781, 676.9996948242188]",647.9575201272964,tiny,76.18672839506173,7.7350419033912425,7.7350419033912425,False,True,center,False,FN,gamma_brighten_085,False,0.0,0.6672235131263733,7,0.0,0.711706280708313,0.0,-0.0444827675819397,gamma brighten gamma=0.85
E:\TJGY\MinPaper\MyAutoAugument\outputs\datasets\tiled\tiled_1024_ov20_full_safe_no_ok_position\images\val\2025-10-17-15-21-16ps5_NGyuan_tile_0005.jpg,7,碰伤,"[891.9987182617188, 703.99951171875, 935.9989624023438, 729.9998779296875]",1144.022461026907,small,82.23076923076923,6.091169014871003,6.091169014871003,False,True,edge,False,FN,gamma_brighten_085,False,,,,,,0.0,0.0,gamma brighten gamma=0.85
E:\TJGY\MinPaper\MyAutoAugument\outputs\datasets\tiled\tiled_1024_ov20_full_safe_no_ok_position\images\val\2025-10-17-15-21-16ps5_NGyuan_tile_0010.jpg,7,碰伤,"[891.9987182617188, 644.9996948242188, 935.9989624023438, 671.0000610351562]",1144.022461026907,small,82.25961538461539,6.116146679218979,6.116146679218979,False,True,edge,False,FN,gamma_brighten_085,False,,,,,,0.0,0.0,gamma brighten gamma=0.85
E:\TJGY\MinPaper\MyAutoAugument\outputs\datasets\tiled\tiled_1024_ov20_full_safe_no_ok_position\images\val\2025-10-17-15-21-16ps5_NGyuan_tile_0011.jpg,7,碰伤,"[72.99839782714844, 644.9996948242188, 116.9986572265625, 671.0000610351562]",1144.0228577610105,small,82.26923076923077,6.0766575138929095,6.0766575138929095,False,True,edge,False,FN,gamma_brighten_085,False,,,,,,0.0,0.0,gamma brighten gamma=0.85
E:\TJGY\MinPaper\MyAutoAugument\outputs\datasets\tiled\tiled_1024_ov20_full_safe_no_ok_position\images\val\2025-10-22-13-52-23ps5_NGyuan_tile_0007.jpg,12,锡膏,"[213.9990997314453, 268.9996643066406, 273.9983215332031, 304.9994201660156]",2159.957336615771,small,210.7685185185185,35.23007881570474,35.23007881570474,False,False,center,False,FN,gamma_brighten_085,False,,,0,,,0.0,0.0,gamma brighten gamma=0.85
E:\TJGY\MinPaper\MyAutoAugument\outputs\datasets\tiled\tiled_1024_ov20_full_safe_no_ok_position\images\val\2025-10-22-13-52-23ps5_NGyuan_tile_0012.jpg,12,锡膏,"[213.9990997314453, 209.99986267089844, 273.9983215332031, 245.99961853027344]",2159.957336615771,small,210.7699074074074,35.20862849305262,35.20862849305262,False,False,center,False,FN,gamma_brighten_085,False,,,0,,,0.0,0.0,gamma brighten gamma=0.85
E:\TJGY\MinPaper\MyAutoAugument\outputs\datasets\tiled\tiled_1024_ov20_full_safe_no_ok_position\images\val\2025-10-31-03-46-08ps5_NGyuan_tile_0006.jpg,5,浅划伤,"[213.99911499023438, 679.99951171875, 291.0008239746094, 736.0]",4312.133301615715,small,87.8409090909091,9.498692220750025,9.498692220750025,False,True,center,False,FN,gamma_brighten_085,False,,,7,,,0.0,0.0,gamma brighten gamma=0.85
E:\TJGY\MinPaper\MyAutoAugument\outputs\datasets\tiled\tiled_1024_ov20_full_safe_no_ok_position\images\val\2025-10-31-03-46-08ps5_NGyuan_tile_0011.jpg,5,浅划伤,"[213.99911499023438, 620.9996948242188, 291.0008239746094, 677.0001831054688]",4312.133301615715,small,87.8471706864564,9.498318929995587,9.498318929995587,False,True,center,False,FN,gamma_brighten_085,False,,,7,,,0.0,0.0,gamma brighten gamma=0.85
E:\TJGY\MinPaper\MyAutoAugument\outputs\datasets\tiled\tiled_1024_ov20_full_safe_no_ok_position\images\val\2025-11-01-14-42-20ps5_NGyuan_tile_0003.jpg,7,碰伤,"[500.000244140625, 899.999755859375, 605.9996337890625, 977.00048828125]",8162.030639201403,small,50.66172506738545,18.150312464313096,18.150312464313096,True,True,edge,False,FN,gamma_brighten_085,False,0.0,0.8235503435134888,7,0.0,0.7693948745727539,0.0,0.05415546894073486,gamma brighten gamma=0.85
E:\TJGY\MinPaper\MyAutoAugument\outputs\datasets\tiled\tiled_1024_ov20_full_safe_no_ok_position\images\val\2025-11-01-14-42-20ps5_NGyuan_tile_0004.jpg,7,碰伤,"[384.99993896484375, 899.999755859375, 490.999267578125, 977.00048828125]",8162.025939449668,small,50.65645675079637,18.16103435712057,18.16103435712057,True,True,edge,False,FN,gamma_brighten_085,False,,,,,,0.0,0.0,gamma brighten gamma=0.85
E:\TJGY\MinPaper\MyAutoAugument\outputs\datasets\tiled\tiled_1024_ov20_full_safe_no_ok_position\images\val\2025-11-01-14-42-20ps5_NGyuan_tile_0005.jpg,7,碰伤,"[372.0007629394531, 847.9994506835938, 434.9992980957031, 944.9999389648438]",6110.888671159744,small,73.78972344951727,10.3877121956301,10.3877121956301,False,True,edge,False,FN,gamma_brighten_085,False,,,,,,0.0,0.0,gamma brighten gamma=0.85
E:\TJGY\MinPaper\MyAutoAugument\outputs\datasets\tiled\tiled_1024_ov20_full_safe_no_ok_position\images\val\2025-11-01-14-42-20ps5_NGyuan_tile_0008.jpg,7,碰伤,"[594.0014038085938, 581.9996337890625, 643.0007934570312, 670.99951171875]",4360.939697340131,small,61.634716808071545,8.350099978877372,8.350099978877372,False,True,center,False,FN,gamma_brighten_085,False,,,9,,,0.0,0.0,gamma brighten gamma=0.85
E:\TJGY\MinPaper\MyAutoAugument\outputs\datasets\tiled\tiled_1024_ov20_full_safe_no_ok_position\images\val\2025-11-01-14-42-20ps5_NGyuan_tile_0008.jpg,7,碰伤,"[342.998046875, 683.0003051757812, 490.998779296875, 816.9999389648438]",19832.04394504428,medium,46.13816054860831,9.892181567104181,9.892181567104181,True,True,center,False,FN,gamma_brighten_085,False,,,9,,,0.0,0.0,gamma brighten gamma=0.85
E:\TJGY\MinPaper\MyAutoAugument\outputs\datasets\tiled\tiled_1024_ov20_full_safe_no_ok_position\images\val\2025-11-01-14-42-20ps5_NGyuan_tile_0008.jpg,7,碰伤,"[500.000244140625, 80.99942779541016, 605.9996337890625, 158.0001220703125]",8162.026595645584,small,50.6691987258025,18.166714261311874,18.166714261311874,True,True,edge,False,FN,gamma_brighten_085,False,,,9,,,0.0,0.0,gamma brighten gamma=0.85
E:\TJGY\MinPaper\MyAutoAugument\outputs\datasets\tiled\tiled_1024_ov20_full_safe_no_ok_position\images\val\2025-11-01-14-42-20ps5_NGyuan_tile_0009.jpg,7,碰伤,"[479.0010681152344, 581.9996337890625, 528.00048828125, 670.99951171875]",4360.942413400859,small,61.649163036000914,8.381732074677439,8.381732074677439,False,True,center,False,FN,gamma_brighten_085,False,0.0,0.38500428199768066,7,0.0,0.36237359046936035,0.0,0.022630691528320312,gamma brighten gamma=0.85
E:\TJGY\MinPaper\MyAutoAugument\outputs\datasets\tiled\tiled_1024_ov20_full_safe_no_ok_position\images\val\2025-11-01-14-42-20ps5_NGyuan_tile_0009.jpg,7,碰伤,"[384.99993896484375, 80.99942779541016, 490.999267578125, 158.0001220703125]",8162.021895896178,small,50.65853957363392,18.18350789983095,18.18350789983095,True,True,edge,False,FN,gamma_brighten_085,False,0.0,0.38500428199768066,7,0.0,0.36237359046936035,0.0,0.022630691528320312,gamma brighten gamma=0.85
E:\TJGY\MinPaper\MyAutoAugument\outputs\datasets\tiled\tiled_1024_ov20_full_safe_no_ok_position\images\val\2025-11-01-14-42-20ps5_NGyuan_tile_0010.jpg,7,碰伤,"[372.0007629394531, 788.9986572265625, 434.9992980957031, 885.9991455078125]",6110.888671159744,small,73.77974144984454,10.409780498474799,10.409780498474799,False,True,edge,False,FN,gamma_brighten_085,False,,,,,,0.0,0.0,gamma brighten gamma=0.85
E:\TJGY\MinPaper\MyAutoAugument\outputs\datasets\tiled\tiled_1024_ov20_full_safe_no_ok_position\images\val\2025-11-01-14-42-20ps5_NGyuan_tile_0013.jpg,7,碰伤,"[594.0014038085938, 522.998779296875, 643.0007934570312, 611.998779296875]",4360.9456787109375,small,61.65099747764274,8.370885904884908,8.370885904884908,False,True,center,False,FN,gamma_brighten_085,False,0.0,0.2987903952598572,7,0.0,0.5604667067527771,0.0,-0.2616763114929199,gamma brighten gamma=0.85
E:\TJGY\MinPaper\MyAutoAugument\outputs\datasets\tiled\tiled_1024_ov20_full_safe_no_ok_position\images\val\2025-11-01-14-42-20ps5_NGyuan_tile_0013.jpg,7,碰伤,"[500.000244140625, 21.999618530273438, 605.9996337890625, 99.00032043457031]",8162.027404356748,small,50.657926978681694,18.16755758235728,18.16755758235728,True,True,edge,False,FN,gamma_brighten_085,False,0.0,0.2987903952598572,7,0.0,0.5604667067527771,0.0,-0.2616763114929199,gamma brighten gamma=0.85
E:\TJGY\MinPaper\MyAutoAugument\outputs\datasets\tiled\tiled_1024_ov20_full_safe_no_ok_position\images\val\2025-11-01-14-42-20ps5_NGyuan_tile_0014.jpg,7,碰伤,"[384.99993896484375, 21.999618530273438, 490.999267578125, 99.00032043457031]",8162.022704606876,small,50.65290370007351,18.163884330448102,18.163884330448102,True,True,edge,False,FN,gamma_brighten_085,False,0.0,0.6238724589347839,7,0.0,0.48193860054016113,0.0,0.1419338583946228,gamma brighten gamma=0.85
E:\TJGY\MinPaper\MyAutoAugument\outputs\datasets\tiled\tiled_1024_ov20_full_safe_no_ok_position\images\val\2025-11-12-16-33-42ps5_NGyuan_tile_0006.jpg,7,碰伤,"[650.998291015625, 6.000639915466309, 692.000244140625, 24.999935150146484]",779.0082126203924,tiny,77.55198973042361,16.23695860274999,16.23695860274999,False,True,edge,False,FN,gamma_brighten_085,False,,,,,,0.0,0.0,gamma brighten gamma=0.85
E:\TJGY\MinPaper\MyAutoAugument\outputs\datasets\tiled\tiled_1024_ov20_full_safe_no_ok_position\images\val\2229344f-2025-05-09-18-28-13ps5_tile_0002.jpg,10,锡丝残留,"[425.9978332519531, 917.0001831054688, 709.9991455078125, 974.9995727539062]",16471.902770195156,medium,51.756313744536186,28.19032209028167,28.19032209028167,True,False,edge,False,FN,gamma_brighten_085,False,,,,,,0.0,0.0,gamma brighten gamma=0.85
E:\TJGY\MinPaper\MyAutoAugument\outputs\datasets\tiled\tiled_1024_ov20_full_safe_no_ok_position\images\val\2229344f-2025-05-09-18-28-13ps5_tile_0007.jpg,10,锡丝残留,"[425.9978332519531, 97.99987030029297, 709.9991455078125, 155.99923706054688]",16471.89626992098,medium,51.75728508984944,28.200555790248156,28.200555790248156,True,False,edge,False,FN,gamma_brighten_085,False,,,12,,,0.0,0.0,gamma brighten gamma=0.85
E:\TJGY\MinPaper\MyAutoAugument\outputs\datasets\tiled\tiled_1024_ov20_full_safe_no_ok_position\images\val\a91db891-2025-04-13-11-39-07ps5_tile_0002.jpg,7,碰伤,"[374.00115966796875, 808.00048828125, 396.00177001953125, 816.0]",175.99414032697678,tiny,29.619318181818183,9.131456096604467,9.131456096604467,True,True,center,False,FN,gamma_brighten_085,False,0.0,0.624028205871582,7,0.0,0.6018717288970947,0.0,0.022156476974487305,gamma brighten gamma=0.85
E:\TJGY\MinPaper\MyAutoAugument\outputs\datasets\tiled\tiled_1024_ov20_full_safe_no_ok_position\images\val\a91db891-2025-04-13-11-39-07ps5_tile_0004.jpg,7,碰伤,"[334.0006408691406, 957.9996337890625, 346.0008850097656, 973.9996337890625]",192.00390625,tiny,33.760416666666664,13.989761726338381,13.989761726338381,True,True,edge,False,FN,gamma_brighten_085,False,,,,,,0.0,0.0,gamma brighten gamma=0.85
E:\TJGY\MinPaper\MyAutoAugument\outputs\datasets\tiled\tiled_1024_ov20_full_safe_no_ok_position\images\val\a91db891-2025-04-13-11-39-07ps5_tile_0006.jpg,7,碰伤,"[373.99859619140625, 880.9999389648438, 439.00006103515625, 896.9999389648438]",1040.0234375,tiny,39.90480769230769,16.103558372940746,16.103558372940746,True,True,edge,False,FN,gamma_brighten_085,True,0.7000749707221985,0.3049810528755188,7,0.0,0.2767678499221802,0.7000749707221985,0.028213202953338623,gamma brighten gamma=0.85
E:\TJGY\MinPaper\MyAutoAugument\outputs\datasets\tiled\tiled_1024_ov20_full_safe_no_ok_position\images\val\a91db891-2025-04-13-11-39-07ps5_tile_0009.jpg,7,碰伤,"[334.0006408691406, 138.99929809570312, 346.0008850097656, 154.99929809570312]",192.00390625,tiny,33.739583333333336,13.970388917029316,13.970388917029316,True,True,edge,False,FN,gamma_brighten_085,False,,,,,,0.0,0.0,gamma brighten gamma=0.85
E:\TJGY\MinPaper\MyAutoAugument\outputs\datasets\tiled\tiled_1024_ov20_full_safe_no_ok_position\images\val\a91db891-2025-04-13-11-39-07ps5_tile_0014.jpg,7,碰伤,"[334.0006408691406, 79.9994888305664, 346.0008850097656, 95.9994888305664]",192.00390625,tiny,33.786458333333336,13.92319796682012,13.92319796682012,True,True,edge,False,FN,gamma_brighten_085,False,,,,,,0.0,0.0,gamma brighten gamma=0.85
E:\TJGY\MinPaper\MyAutoAugument\outputs\datasets\tiled\tiled_1024_ov20_full_safe_no_ok_position\images\val\ce0d1787-2025-04-25-11-20-04ps5_NGyuan_tile_0007.jpg,12,锡膏,"[463.99896240234375, 184.99891662597656, 601.9993286132812, 294.9990539550781]",15180.059234669432,medium,116.9655467720685,31.009908507174064,31.009908507174064,False,False,center,False,FN,gamma_brighten_085,False,,,,,,0.0,0.0,gamma brighten gamma=0.85
E:\TJGY\MinPaper\MyAutoAugument\outputs\datasets\tiled\tiled_1024_ov20_full_safe_no_ok_position\images\val\ce0d1787-2025-04-25-11-20-04ps5_NGyuan_tile_0012.jpg,12,锡膏,"[463.99896240234375, 125.99909973144531, 601.9993286132812, 235.9992218017578]",15180.057128950953,medium,116.96752305665349,31.00227688190202,31.00227688190202,False,False,edge,False,FN,gamma_brighten_085,False,,,,,,0.0,0.0,gamma brighten gamma=0.85
E:\TJGY\MinPaper\MyAutoAugument\outputs\datasets\tiled\tiled_1024_ov20_full_safe_no_ok_position\images\val\105acebc-2025-05-09-18-24-19ps5_tile_0000.jpg,7,碰伤,"[912.9993896484375, 569.9989013671875, 931.0013427734375, 578.998779296875]",162.01538062095642,tiny,33.98765432098765,11.577429966155993,11.577429966155993,True,True,edge,False,FN,brightness_up_15,False,0.30791568756103516,0.945620059967041,7,0.3009812533855438,0.9500972628593445,0.006934434175491333,-0.004477202892303467,brightness beta=15
E:\TJGY\MinPaper\MyAutoAugument\outputs\datasets\tiled\tiled_1024_ov20_full_safe_no_ok_position\images\val\13d91ebd-2025-04-13-11-32-17ps5_tile_0010.jpg,7,碰伤,"[525.0022583007812, 711.0015869140625, 550.0011596679688, 735.0010986328125]",599.9614263176918,tiny,31.981666666666666,9.476884010873803,9.476884010873803,True,True,center,False,FN,brightness_up_15,False,0.0,0.7748559713363647,7,0.0,0.837761402130127,0.0,-0.06290543079376221,brightness beta=15
E:\TJGY\MinPaper\MyAutoAugument\outputs\datasets\tiled\tiled_1024_ov20_full_safe_no_ok_position\images\val\182e7d02-2025-04-22-16-40-10ps5_NGyuan_tile_0001.jpg,7,碰伤,"[494.002197265625, 576.0, 531.0013427734375, 586.0003662109375]",370.0050045698881,tiny,40.229729729729726,15.822279277922496,15.822279277922496,True,True,center,False,FN,brightness_up_15,False,0.0,0.8711605668067932,7,0.0,0.8648220896720886,0.0,0.00633847713470459,brightness beta=15
E:\TJGY\MinPaper\MyAutoAugument\outputs\datasets\tiled\tiled_1024_ov20_full_safe_no_ok_position\images\val\182e7d02-2025-04-22-16-40-10ps5_NGyuan_tile_0007.jpg,12,锡膏,"[311.99896240234375, 112.99890899658203, 425.9998779296875, 240.99993896484375]",14592.2346048248,medium,80.68414199561404,25.61158079643109,25.61158079643109,False,False,edge,False,FN,brightness_up_15,False,,,1,,,0.0,0.0,brightness beta=15
E:\TJGY\MinPaper\MyAutoAugument\outputs\datasets\tiled\tiled_1024_ov20_full_safe_no_ok_position\images\val\2025-05-10-15-39-23ps5_tile_0007.jpg,4,油污,"[15.00006103515625, 628.000244140625, 304.99993896484375, 725.000732421875]",28130.129760682583,medium,54.22619978670458,15.326970402266443,15.326970402266443,True,True,edge,False,FN,brightness_up_15,False,0.13489817082881927,0.4204959273338318,4,0.1353103369474411,0.5343640446662903,-0.00041216611862182617,-0.1138681173324585,brightness beta=15
E:\TJGY\MinPaper\MyAutoAugument\outputs\datasets\tiled\tiled_1024_ov20_full_safe_no_ok_position\images\val\2025-05-10-15-39-23ps5_tile_0012.jpg,4,油污,"[15.00006103515625, 569.0004272460938, 304.99993896484375, 666.0009155273438]",28130.129760682583,medium,54.22321365090651,15.3365902471285,15.3365902471285,True,True,edge,False,FN,brightness_up_15,False,0.15578466653823853,0.8961170315742493,4,0.14986126124858856,0.9171929359436035,0.005923405289649963,-0.021075904369354248,brightness beta=15
E:\TJGY\MinPaper\MyAutoAugument\outputs\datasets\tiled\tiled_1024_ov20_full_safe_no_ok_position\images\val\2025-05-10-15-40-40ps5_tile_0005.jpg,4,油污,"[359.9989929199219, 440.0005187988281, 402.0003967285156, 532.0007934570312]",3864.140686420724,small,34.52329192546584,26.149523784041858,26.149523784041858,True,False,center,False,FN,brightness_up_15,False,,,7,,,0.0,0.0,brightness beta=15
E:\TJGY\MinPaper\MyAutoAugument\outputs\datasets\tiled\tiled_1024_ov20_full_safe_no_ok_position\images\val\2025-05-10-15-40-40ps5_tile_0006.jpg,4,油污,"[66.00038146972656, 801.9993286132812, 299.999755859375, 866.9998168945312]",15210.073592834175,medium,28.58500986193294,14.81777230950077,14.81777230950077,True,True,corner,False,FN,brightness_up_15,False,,,,,,0.0,0.0,brightness beta=15
E:\TJGY\MinPaper\MyAutoAugument\outputs\datasets\tiled\tiled_1024_ov20_full_safe_no_ok_position\images\val\2025-05-10-15-40-40ps5_tile_0007.jpg,6,漏背锡,"[551.99951171875, 300.00128173828125, 830.99853515625, 412.000244140625]",31247.601136267185,medium,87.3754160266257,51.00135128257115,51.00135128257115,False,False,center,False,FN,brightness_up_15,False,,,,,,0.0,0.0,brightness beta=15
E:\TJGY\MinPaper\MyAutoAugument\outputs\datasets\tiled\tiled_1024_ov20_full_safe_no_ok_position\images\val\2025-05-10-15-40-40ps5_tile_0010.jpg,4,油污,"[359.9989929199219, 380.99969482421875, 402.0003967285156, 472.99993896484375]",3864.1394046396017,small,34.53933747412008,26.137962230065977,26.137962230065977,True,False,center,False,FN,brightness_up_15,False,,,,,,0.0,0.0,brightness beta=15
E:\TJGY\MinPaper\MyAutoAugument\outputs\datasets\tiled\tiled_1024_ov20_full_safe_no_ok_position\images\val\2025-05-10-15-40-40ps5_tile_0010.jpg,4,油污,"[357.00018310546875, 160.0, 403.999755859375, 267.9992370605469]",5075.917999593541,small,44.630220646178095,27.09347754794195,27.09347754794195,True,False,center,False,FN,brightness_up_15,False,,,,,,0.0,0.0,brightness beta=15
E:\TJGY\MinPaper\MyAutoAugument\outputs\datasets\tiled\tiled_1024_ov20_full_safe_no_ok_position\images\val\2025-05-10-15-40-40ps5_tile_0012.jpg,6,漏背锡,"[551.99951171875, 241.00146484375, 830.99853515625, 353.00042724609375]",31247.601136267185,medium,87.37426395289299,51.00970071261489,51.00970071261489,False,False,center,False,FN,brightness_up_15,False,,,,,,0.0,0.0,brightness beta=15
E:\TJGY\MinPaper\MyAutoAugument\outputs\datasets\tiled\tiled_1024_ov20_full_safe_no_ok_position\images\val\2025-05-16-16-13-18ps5_tile_0006.jpg,3,开裂,"[632.9978637695312, 607.0006103515625, 825.9993286132812, 713.0009765625]",20458.22595268488,medium,54.9853358099521,35.48760494371061,35.48760494371061,True,False,center,False,FN,brightness_up_15,False,,,8,,,0.0,0.0,brightness beta=15
E:\TJGY\MinPaper\MyAutoAugument\outputs\datasets\tiled\tiled_1024_ov20_full_safe_no_ok_position\images\val\2025-05-16-16-13-18ps5_tile_0006.jpg,7,碰伤,"[877.9985961914062, 616.00048828125, 898.9998168945312, 624.0]",167.99951112270355,tiny,36.892857142857146,13.2718982181497,13.2718982181497,True,True,edge,False,FN,brightness_up_15,False,,,8,,,0.0,0.0,brightness beta=15
E:\TJGY\MinPaper\MyAutoAugument\outputs\datasets\tiled\tiled_1024_ov20_full_safe_no_ok_position\images\val\2025-05-16-16-13-18ps5_tile_0007.jpg,7,碰伤,"[234.0009002685547, 616.0005493164062, 269.00018310546875, 626.0009155273438]",350.00564548932016,tiny,35.331428571428575,10.488572596022816,10.488572596022816,True,True,center,False,FN,brightness_up_15,False,,,,,,0.0,0.0,brightness beta=15
E:\TJGY\MinPaper\MyAutoAugument\outputs\datasets\tiled\tiled_1024_ov20_full_safe_no_ok_position\images\val\2025-05-16-16-13-18ps5_tile_0011.jpg,3,开裂,"[632.9978637695312, 548.0007934570312, 825.9993286132812, 654.0011596679688]",20458.22595268488,medium,54.97976341773389,35.4759722846913,35.4759722846913,True,False,center,False,FN,brightness_up_15,False,,,8,,,0.0,0.0,brightness beta=15
E:\TJGY\MinPaper\MyAutoAugument\outputs\datasets\tiled\tiled_1024_ov20_full_safe_no_ok_position\images\val\2025-05-16-16-13-18ps5_tile_0012.jpg,7,碰伤,"[234.0009002685547, 557.000732421875, 269.00018310546875, 567.0010986328125]",350.00564548932016,tiny,35.25714285714286,10.521658905441146,10.521658905441146,True,True,center,False,FN,brightness_up_15,False,0.0,0.7020265460014343,7,0.0,0.7078184485435486,0.0,-0.005791902542114258,brightness beta=15
E:\TJGY\MinPaper\MyAutoAugument\outputs\datasets\tiled\tiled_1024_ov20_full_safe_no_ok_position\images\val\2025-05-16-16-19-14ps5_tile_0008.jpg,9,轮廓划伤,"[520.9989624023438, 608.0, 567.9984741210938, 710.0006103515625]",4793.978881537914,small,38.24238631622862,9.342376873848142,9.342376873848142,True,True,center,False,FN,brightness_up_15,False,0.0,0.9126895070075989,9,0.0,0.9271972179412842,0.0,-0.014507710933685303,brightness beta=15
E:\TJGY\MinPaper\MyAutoAugument\outputs\datasets\tiled\tiled_1024_ov20_full_safe_no_ok_position\images\val\2025-05-16-16-19-14ps5_tile_0009.jpg,9,轮廓划伤,"[405.99859619140625, 608.0, 452.9981689453125, 710.0006103515625]",4793.985107161105,small,38.23091364205256,9.312466003703815,9.312466003703815,True,True,center,False,FN,brightness_up_15,False,0.0,0.5717470049858093,9,0.0,0.6587848663330078,0.0,-0.08703786134719849,brightness beta=15
E:\TJGY\MinPaper\MyAutoAugument\outputs\datasets\tiled\tiled_1024_ov20_full_safe_no_ok_position\images\val\2025-05-16-16-19-14ps5_tile_0013.jpg,9,轮廓划伤,"[520.9989624023438, 549.0001831054688, 567.9984741210938, 651.0007934570312]",4793.978881537914,small,38.23967459324155,9.34134155542688,9.34134155542688,True,True,center,False,FN,brightness_up_15,False,0.0,0.773359477519989,9,0.0,0.7647011280059814,0.0,0.008658349514007568,brightness beta=15
E:\TJGY\MinPaper\MyAutoAugument\outputs\datasets\tiled\tiled_1024_ov20_full_safe_no_ok_position\images\val\2025-05-16-16-19-14ps5_tile_0014.jpg,9,轮廓划伤,"[405.99859619140625, 549.0001831054688, 452.9981689453125, 651.0007934570312]",4793.985107161105,small,38.253650396328744,9.366384219178354,9.366384219178354,True,True,center,False,FN,brightness_up_15,False,0.0,0.7405912280082703,9,0.0,0.770592987537384,0.0,-0.03000175952911377,brightness beta=15
E:\TJGY\MinPaper\MyAutoAugument\outputs\datasets\tiled\tiled_1024_ov20_full_safe_no_ok_position\images\val\2025-05-16-16-24-29ps5_tile_0003.jpg,8,脏污,"[76.99866485595703, 511.0010681152344, 273.9978332519531, 560.00048828125]",9652.845024591079,small,42.01906143167927,14.004625823723606,14.004625823723606,True,True,edge,False,FN,brightness_up_15,False,,,,,,0.0,0.0,brightness beta=15
E:\TJGY\MinPaper\MyAutoAugument\outputs\datasets\tiled\tiled_1024_ov20_full_safe_no_ok_position\images\val\2025-05-16-16-24-46ps5_tile_0000.jpg,8,脏污,"[506.998291015625, 682.9998168945312, 540.9981689453125, 719.9989624023438]",1257.9664307683706,small,64.9785373608903,29.119271484492103,29.119271484492103,False,False,center,False,FN,brightness_up_15,False,0.009726541116833687,0.3037377595901489,8,0.00951562449336052,0.5130482316017151,0.00021091662347316742,-0.20931047201156616,brightness beta=15
E:\TJGY\MinPaper\MyAutoAugument\outputs\datasets\tiled\tiled_1024_ov20_full_safe_no_ok_position\images\val\2025-05-16-17-11-45ps5_tile_0000.jpg,7,碰伤,"[498.998779296875, 856.9999389648438, 522.998291015625, 880.0010375976562]",552.0151361823082,tiny,56.77355072463768,27.305792964522016,27.305792964522016,True,False,edge,False,FN,brightness_up_15,False,,,,,,0.0,0.0,brightness beta=15
E:\TJGY\MinPaper\MyAutoAugument\outputs\datasets\tiled\tiled_1024_ov20_full_safe_no_ok_position\images\val\2025-05-16-17-11-45ps5_tile_0005.jpg,7,碰伤,"[498.998779296875, 38.000640869140625, 522.998291015625, 61.00172424316406]",552.0147699788213,tiny,56.75,27.3048245192857,27.3048245192857,True,False,edge,False,FN,brightness_up_15,False,0.0,0.8101873993873596,7,0.0,0.8368571400642395,0.0,-0.026669740676879883,brightness beta=15
E:\TJGY\MinPaper\MyAutoAugument\outputs\datasets\tiled\tiled_1024_ov20_full_safe_no_ok_position\images\val\2025-05-16-17-11-45ps5_tile_0006.jpg,4,油污,"[90.00088500976562, 603.0003051757812, 226.00140380859375, 634.9993286132812]",4351.8837885558605,small,35.973805147058826,14.415089668580242,14.415089668580242,True,True,edge,False,FN,brightness_up_15,False,0.0,0.9606485366821289,4,0.0,0.9706906676292419,0.0,-0.010042130947113037,brightness beta=15
E:\TJGY\MinPaper\MyAutoAugument\outputs\datasets\tiled\tiled_1024_ov20_full_safe_no_ok_position\images\val\2025-05-16-17-11-45ps5_tile_0007.jpg,4,油污,"[63.00160217285156, 655.0005493164062, 455.0010986328125, 732.0012817382812]",30184.24833642319,medium,36.6937781606149,14.713793279782761,14.713793279782761,True,True,center,False,FN,brightness_up_15,False,,,12,,,0.0,0.0,brightness beta=15
E:\TJGY\MinPaper\MyAutoAugument\outputs\datasets\tiled\tiled_1024_ov20_full_safe_no_ok_position\images\val\2025-05-16-17-11-45ps5_tile_0011.jpg,4,油污,"[90.00088500976562, 544.00048828125, 226.00140380859375, 575.99951171875]",4351.8837885558605,small,35.9967830882353,14.42663325257906,14.42663325257906,True,True,edge,False,FN,brightness_up_15,False,0.0,0.38578835129737854,4,0.0,0.4782649278640747,0.0,-0.09247657656669617,brightness beta=15
E:\TJGY\MinPaper\MyAutoAugument\outputs\datasets\tiled\tiled_1024_ov20_full_safe_no_ok_position\images\val\2025-05-16-17-11-45ps5_tile_0011.jpg,7,碰伤,"[514.9993286132812, 555.0008544921875, 544.0010375976562, 570.0003662109375]",435.01147377491,tiny,47.777011494252875,10.270297549656902,10.270297549656902,True,True,center,False,FN,brightness_up_15,False,0.0,0.912852942943573,7,0.0,0.8992533087730408,0.0,0.013599634170532227,brightness beta=15
E:\TJGY\MinPaper\MyAutoAugument\outputs\datasets\tiled\tiled_1024_ov20_full_safe_no_ok_position\images\val\2025-05-16-17-11-45ps5_tile_0012.jpg,4,油污,"[63.00160217285156, 596.000732421875, 455.0010986328125, 673.00146484375]",30184.24833642319,medium,36.6912602703419,14.718103705245113,14.718103705245113,True,True,center,False,FN,brightness_up_15,False,,,12,,,0.0,0.0,brightness beta=15
E:\TJGY\MinPaper\MyAutoAugument\outputs\datasets\tiled\tiled_1024_ov20_full_safe_no_ok_position\images\val\2025-05-19-17-19-55ps5_NGyuan_tile_0003.jpg,9,轮廓划伤,"[356.9981384277344, 562.0003662109375, 386.9992980957031, 649.9998779296875]",2640.087401777506,small,30.10909090909091,8.369963022124741,8.369963022124741,True,True,center,False,FN,brightness_up_15,False,0.0,0.9327253103256226,9,0.0,0.9622868895530701,0.0,-0.02956157922744751,brightness beta=15
E:\TJGY\MinPaper\MyAutoAugument\outputs\datasets\tiled\tiled_1024_ov20_full_safe_no_ok_position\images\val\2025-05-19-17-19-55ps5_NGyuan_tile_0003.jpg,7,碰伤,"[495.0010681152344, 654.0001220703125, 527.0020751953125, 715.999267578125]",1984.0350943543017,small,20.97328629032258,8.269392657632261,8.269392657632261,True,True,center,False,FN,brightness_up_15,False,,,9,,,0.0,0.0,brightness beta=15
E:\TJGY\MinPaper\MyAutoAugument\outputs\datasets\tiled\tiled_1024_ov20_full_safe_no_ok_position\images\val\2025-05-19-17-19-55ps5_NGyuan_tile_0004.jpg,9,轮廓划伤,"[292.0018005371094, 645.9990844726562, 317.0017395019531, 696.9994506835938]",1275.006042458117,small,29.054901960784314,10.289463747254985,10.289463747254985,True,True,center,False,FN,brightness_up_15,False,,,7,,,0.0,0.0,brightness beta=15
E:\TJGY\MinPaper\MyAutoAugument\outputs\datasets\tiled\tiled_1024_ov20_full_safe_no_ok_position\images\val\2025-05-19-17-19-55ps5_NGyuan_tile_0004.jpg,9,轮廓划伤,"[241.99783325195312, 562.0003662109375, 271.9989929199219, 649.9998779296875]",2640.087401777506,small,30.121969696969696,8.38199562549089,8.38199562549089,True,True,center,False,FN,brightness_up_15,False,,,7,,,0.0,0.0,brightness beta=15
E:\TJGY\MinPaper\MyAutoAugument\outputs\datasets\tiled\tiled_1024_ov20_full_safe_no_ok_position\images\val\2025-05-19-17-19-55ps5_NGyuan_tile_0007.jpg,9,轮廓划伤,"[956.9996948242188, 613.9996337890625, 984.9978637695312, 679.0010986328125]",1819.9219943881035,small,48.77582417582418,12.206612697693961,12.206612697693961,True,True,edge,False,FN,brightness_up_15,False,,,12,,,0.0,0.0,brightness beta=15
E:\TJGY\MinPaper\MyAutoAugument\outputs\datasets\tiled\tiled_1024_ov20_full_safe_no_ok_position\images\val\2025-05-19-17-19-55ps5_NGyuan_tile_0008.jpg,9,轮廓划伤,"[137.99935913085938, 613.9996337890625, 165.99755859375, 679.0010986328125]",1819.923978075385,small,48.792307692307695,12.231321087833361,12.231321087833361,True,True,edge,False,FN,brightness_up_15,False,,,1,,,0.0,0.0,brightness beta=15
E:\TJGY\MinPaper\MyAutoAugument\outputs\datasets\tiled\tiled_1024_ov20_full_safe_no_ok_position\images\val\2025-05-19-17-19-55ps5_NGyuan_tile_0009.jpg,9,轮廓划伤,"[23.000064849853516, 613.9996337890625, 50.99827194213867, 679.0010986328125]",1819.9244739972055,small,48.74230769230769,12.227561694967093,12.227561694967093,True,True,edge,False,FN,brightness_up_15,False,,,,,,0.0,0.0,brightness beta=15
E:\TJGY\MinPaper\MyAutoAugument\outputs\datasets\tiled\tiled_1024_ov20_full_safe_no_ok_position\images\val\2025-05-19-17-19-55ps5_NGyuan_tile_0012.jpg,9,轮廓划伤,"[956.9996948242188, 554.9998168945312, 984.9978637695312, 620.0012817382812]",1819.9219943881035,small,48.77967032967033,12.216918727241366,12.216918727241366,True,True,edge,False,FN,brightness_up_15,False,,,12,,,0.0,0.0,brightness beta=15
E:\TJGY\MinPaper\MyAutoAugument\outputs\datasets\tiled\tiled_1024_ov20_full_safe_no_ok_position\images\val\2025-05-19-17-19-55ps5_NGyuan_tile_0014.jpg,9,轮廓划伤,"[23.000064849853516, 554.9998168945312, 50.99827194213867, 620.0012817382812]",1819.9244739972055,small,48.76978021978022,12.244454629850441,12.244454629850441,True,True,edge,False,FN,brightness_up_15,False,,,7,,,0.0,0.0,brightness beta=15
E:\TJGY\MinPaper\MyAutoAugument\outputs\datasets\tiled\tiled_1024_ov20_full_safe_no_ok_position\images\val\2025-05-25-09-48-32ps5_NGyuan_tile_0002.jpg,7,碰伤,"[986.998779296875, 777.0004272460938, 1023.9979248046875, 804.9996948242188]",1035.9489752352238,tiny,44.560810810810814,13.456176866691457,13.456176866691457,True,True,edge,True,FN,brightness_up_15,False,,,,,,0.0,0.0,brightness beta=15
E:\TJGY\MinPaper\MyAutoAugument\outputs\datasets\tiled\tiled_1024_ov20_full_safe_no_ok_position\images\val\2025-05-25-09-48-32ps5_NGyuan_tile_0012.jpg,6,漏背锡,"[379.99920654296875, 354.99981689453125, 444.00128173828125, 413.9996337890625]",3776.110717393458,small,95.13241525423729,63.08038109358812,63.08038109358812,False,False,center,False,FN,brightness_up_15,False,0.0,0.7627830505371094,6,0.0,0.7506036162376404,0.0,0.012179434299468994,brightness beta=15
E:\TJGY\MinPaper\MyAutoAugument\outputs\datasets\tiled\tiled_1024_ov20_full_safe_no_ok_position\images\val\2025-05-26-06-14-31ps5_NGyuan_tile_0012.jpg,12,锡膏,"[282.9997863769531, 2.0003814697265625, 432.9994201660156, 178.00038146972656]",26399.935546875,medium,126.07378787878788,42.335938356921595,42.335938356921595,False,False,edge,False,FN,brightness_up_15,False,,,1,,,0.0,0.0,brightness beta=15
E:\TJGY\MinPaper\MyAutoAugument\outputs\datasets\tiled\tiled_1024_ov20_full_safe_no_ok_position\images\val\2025-05-26-06-26-47ps5_NGyuan_tile_0002.jpg,7,碰伤,"[829.001708984375, 832.9989013671875, 845.000732421875, 854.99951171875]",351.98828065395355,tiny,47.50568181818182,17.70705340942459,17.70705340942459,True,True,corner,False,FN,brightness_up_15,False,0.12219355255365372,0.3897218406200409,7,0.11938972771167755,0.4774206876754761,0.0028038248419761658,-0.08769884705543518,brightness beta=15
E:\TJGY\MinPaper\MyAutoAugument\outputs\datasets\tiled\tiled_1024_ov20_full_safe_no_ok_position\images\val\2025-05-26-06-26-47ps5_NGyuan_tile_0003.jpg,7,碰伤,"[10.001408576965332, 832.9989013671875, 26.000385284423828, 854.99951171875]",351.9872525645187,tiny,47.51988636363637,17.69645097921654,17.69645097921654,True,True,corner,False,FN,brightness_up_15,False,,,,0.1084621399641037,0.29860982298851013,-0.1084621399641037,-0.29860982298851013,brightness beta=15
E:\TJGY\MinPaper\MyAutoAugument\outputs\datasets\tiled\tiled_1024_ov20_full_safe_no_ok_position\images\val\2025-05-26-06-26-47ps5_NGyuan_tile_0007.jpg,7,碰伤,"[829.001708984375, 13.998592376708984, 845.000732421875, 35.99923324584961]",351.98876890540123,tiny,47.5625,17.655689351517054,17.655689351517054,True,True,corner,False,FN,brightness_up_15,False,0.0,0.7388470768928528,7,0.0,0.808347761631012,0.0,-0.06950068473815918,brightness beta=15
E:\TJGY\MinPaper\MyAutoAugument\outputs\datasets\tiled\tiled_1024_ov20_full_safe_no_ok_position\images\val\2025-05-26-06-26-47ps5_NGyuan_tile_0008.jpg,7,碰伤,"[12.001280784606934, 65.0009536743164, 28.000255584716797, 93.00019073486328]",447.9590881539916,tiny,42.59375,17.59439227449839,17.59439227449839,True,True,corner,False,FN,brightness_up_15,False,,,,,,0.0,0.0,brightness beta=15
E:\TJGY\MinPaper\MyAutoAugument\outputs\datasets\tiled\tiled_1024_ov20_full_safe_no_ok_position\images\val\2025-05-26-06-26-47ps5_NGyuan_tile_0008.jpg,7,碰伤,"[10.001408576965332, 13.998592376708984, 26.000385284423828, 35.99923324584961]",351.9877408145403,tiny,47.49147727272727,17.715072424336388,17.715072424336388,True,True,corner,False,FN,brightness_up_15,False,,,,,,0.0,0.0,brightness beta=15
E:\TJGY\MinPaper\MyAutoAugument\outputs\datasets\tiled\tiled_1024_ov20_full_safe_no_ok_position\images\val\2025-05-26-06-26-47ps5_NGyuan_tile_0013.jpg,7,碰伤,"[12.001280784606934, 6.001152992248535, 28.000255584716797, 34.00038528442383]",447.95901186493484,tiny,42.60267857142857,17.57834991352709,17.57834991352709,True,True,corner,False,FN,brightness_up_15,False,,,,,,0.0,0.0,brightness beta=15
E:\TJGY\MinPaper\MyAutoAugument\outputs\datasets\tiled\tiled_1024_ov20_full_safe_no_ok_position\images\val\2025-05-27-23-28-53ps5_NGyuan_tile_0004.jpg,7,碰伤,"[10.999809265136719, 484.99969482421875, 38.998016357421875, 495.99847412109375]",307.94610051624477,tiny,30.376623376623378,15.92640457304751,15.92640457304751,True,True,edge,False,FN,brightness_up_15,False,,,,,,0.0,0.0,brightness beta=15
E:\TJGY\MinPaper\MyAutoAugument\outputs\datasets\tiled\tiled_1024_ov20_full_safe_no_ok_position\images\val\2025-05-27-23-28-53ps5_NGyuan_tile_0007.jpg,8,脏污,"[483.0003356933594, 140.00025939941406, 576.9994506835938, 275.00030517578125]",12689.884826619644,medium,71.34160756501183,37.9463373440113,37.9463373440113,False,False,center,False,FN,brightness_up_15,False,,,,,,0.0,0.0,brightness beta=15
E:\TJGY\MinPaper\MyAutoAugument\outputs\datasets\tiled\tiled_1024_ov20_full_safe_no_ok_position\images\val\2025-05-27-23-28-53ps5_NGyuan_tile_0012.jpg,8,脏污,"[483.0003356933594, 80.99942016601562, 576.9994506835938, 215.99948120117188]",12689.886260932311,medium,71.33664302600472,37.935428798887585,37.935428798887585,False,False,edge,False,FN,brightness_up_15,False,,,,,,0.0,0.0,brightness beta=15
E:\TJGY\MinPaper\MyAutoAugument\outputs\datasets\tiled\tiled_1024_ov20_full_safe_no_ok_position\images\val\2025-06-05-10-27-17ps5_NGyuan_tile_0012.jpg,8,脏污,"[315.9997253417969, 621.0001831054688, 515.9981689453125, 694.9995727539062]",14799.762757297605,medium,71.54310810810811,26.766541358300476,26.766541358300476,False,False,center,False,FN,brightness_up_15,False,,,1,,,0.0,0.0,brightness beta=15
E:\TJGY\MinPaper\MyAutoAugument\outputs\datasets\tiled\tiled_1024_ov20_full_safe_no_ok_position\images\val\2025-06-05-16-10-10ps5_NGyuan_tile_0000.jpg,5,浅划伤,"[682.9993286132812, 681.0009155273438, 724.0012817382812, 743.0000610351562]",2542.0860579013824,small,48.75177025963808,23.1536479006427,23.1536479006427,True,False,center,False,FN,brightness_up_15,False,,,9,,,0.0,0.0,brightness beta=15
E:\TJGY\MinPaper\MyAutoAugument\outputs\datasets\tiled\tiled_1024_ov20_full_safe_no_ok_position\images\val\2025-06-05-16-10-10ps5_NGyuan_tile_0007.jpg,12,锡膏,"[315.0023498535156, 396.9991760253906, 366.0006408691406, 461.9996032714844]",3314.9107048362494,small,136.19939668174962,49.85802830098024,49.85802830098024,False,False,center,False,FN,brightness_up_15,False,0.0,0.7693888545036316,12,0.0,0.7593369483947754,0.0,0.010051906108856201,brightness beta=15
E:\TJGY\MinPaper\MyAutoAugument\outputs\datasets\tiled\tiled_1024_ov20_full_safe_no_ok_position\images\val\2025-06-05-16-10-10ps5_NGyuan_tile_0012.jpg,12,锡膏,"[315.0023498535156, 337.9993591308594, 366.0006408691406, 402.9997863769531]",3314.9107048362494,small,136.1867269984917,49.83113994876743,49.83113994876743,False,False,center,False,FN,brightness_up_15,False,,,1,,,0.0,0.0,brightness beta=15
E:\TJGY\MinPaper\MyAutoAugument\outputs\datasets\tiled\tiled_1024_ov20_full_safe_no_ok_position\images\val\2025-06-06-01-33-39ps5_NGyuan_tile_0002.jpg,7,碰伤,"[816.9998779296875, 579.0008544921875, 859.0013427734375, 620.000732421875]",1722.054931461811,small,39.79094076655052,14.073490922084895,14.073490922084895,True,True,edge,False,FN,brightness_up_15,False,0.0,0.44139787554740906,7,0.0,0.5680842399597168,0.0,-0.12668636441230774,brightness beta=15
E:\TJGY\MinPaper\MyAutoAugument\outputs\datasets\tiled\tiled_1024_ov20_full_safe_no_ok_position\images\val\2025-06-06-01-33-39ps5_NGyuan_tile_0003.jpg,7,碰伤,"[0.0, 579.0008544921875, 40.00153732299805, 620.000732421875]",1640.0581472427584,small,39.94634146341463,14.091756759408304,14.091756759408304,True,True,edge,True,FN,brightness_up_15,False,0.0,0.8655235767364502,7,0.0,0.8766747713088989,0.0,-0.01115119457244873,brightness beta=15
E:\TJGY\MinPaper\MyAutoAugument\outputs\datasets\tiled\tiled_1024_ov20_full_safe_no_ok_position\images\val\2025-06-06-02-05-24ps5_NGyuan_tile_0002.jpg,4,油污,"[645.9990844726562, 631.0000610351562, 688.0005493164062, 698.9998168945312]",2856.089355111122,small,24.981442577030812,10.342625088307651,10.342625088307651,True,True,center,False,FN,brightness_up_15,False,,,7,,,0.0,0.0,brightness beta=15
E:\TJGY\MinPaper\MyAutoAugument\outputs\datasets\tiled\tiled_1024_ov20_full_safe_no_ok_position\images\val\2025-06-06-14-52-09ps5_NGyuan_tile_0007.jpg,6,漏背锡,"[223.00006103515625, 270.0001220703125, 468.9986572265625, 337.9998779296875]",16727.8444827646,medium,91.79441654710665,57.06993327056747,57.06993327056747,False,False,center,False,FN,brightness_up_15,False,0.0,0.9702022075653076,6,0.0,0.9697856307029724,0.0,0.0004165768623352051,brightness beta=15
E:\TJGY\MinPaper\MyAutoAugument\outputs\datasets\tiled\tiled_1024_ov20_full_safe_no_ok_position\images\val\2025-06-06-14-52-09ps5_NGyuan_tile_0012.jpg,6,漏背锡,"[223.00006103515625, 211.00033569335938, 468.9986572265625, 279.00006103515625]",16727.836975483224,medium,91.79632950741272,57.0763629572775,57.0763629572775,False,False,center,False,FN,brightness_up_15,False,0.0,0.9630289077758789,6,0.0,0.9665181040763855,0.0,-0.003489196300506592,brightness beta=15
E:\TJGY\MinPaper\MyAutoAugument\outputs\datasets\tiled\tiled_1024_ov20_full_safe_no_ok_position\images\val\2025-06-07-10-52-02ps5_NGyuan_tile_0007.jpg,12,锡膏,"[405.000732421875, 214.0011444091797, 530.0014038085938, 398.0006103515625]",23000.056777595542,medium,124.37534782608695,27.617660246438557,27.617660246438557,False,False,center,False,FN,brightness_up_15,False,,,6,,,0.0,0.0,brightness beta=15
E:\TJGY\MinPaper\MyAutoAugument\outputs\datasets\tiled\tiled_1024_ov20_full_safe_no_ok_position\images\val\2025-06-07-10-52-02ps5_NGyuan_tile_0007.jpg,7,碰伤,"[491.0008239746094, 661.0001831054688, 518.9990234375, 671.0005493164062]",279.99224787577987,tiny,44.128571428571426,14.02617087403954,14.02617087403954,True,True,center,False,FN,brightness_up_15,False,,,6,,,0.0,0.0,brightness beta=15
E:\TJGY\MinPaper\MyAutoAugument\outputs\datasets\tiled\tiled_1024_ov20_full_safe_no_ok_position\images\val\2025-06-07-10-52-02ps5_NGyuan_tile_0012.jpg,12,锡膏,"[405.000732421875, 155.0013427734375, 530.0014038085938, 339.0008239746094]",23000.05868495442,medium,124.38108695652174,27.613535411985193,27.613535411985193,False,False,center,False,FN,brightness_up_15,False,,,6,,,0.0,0.0,brightness beta=15
E:\TJGY\MinPaper\MyAutoAugument\outputs\datasets\tiled\tiled_1024_ov20_full_safe_no_ok_position\images\val\2025-06-07-10-52-02ps5_NGyuan_tile_0012.jpg,7,碰伤,"[491.0008239746094, 601.9993896484375, 518.9990234375, 611.999755859375]",279.99224787577987,tiny,44.15714285714286,14.149341947632067,14.149341947632067,True,True,center,False,FN,brightness_up_15,False,,,6,,,0.0,0.0,brightness beta=15
E:\TJGY\MinPaper\MyAutoAugument\outputs\datasets\tiled\tiled_1024_ov20_full_safe_no_ok_position\images\val\2025-06-07-14-43-50ps5_NGyuan_tile_0007.jpg,8,脏污,"[868.9996948242188, 696.00048828125, 923.0003051757812, 792.00048828125]",5184.05859375,small,55.714506172839506,18.48999494396198,18.48999494396198,True,True,edge,False,FN,brightness_up_15,False,,,4,,,0.0,0.0,brightness beta=15
E:\TJGY\MinPaper\MyAutoAugument\outputs\datasets\tiled\tiled_1024_ov20_full_safe_no_ok_position\images\val\2025-06-07-14-43-50ps5_NGyuan_tile_0007.jpg,8,脏污,"[481.0009460449219, 664.9999389648438, 644.9996337890625, 700.0003051757812]",5740.014129158109,small,62.34198606271777,23.746416129226407,23.746416129226407,False,False,center,False,FN,brightness_up_15,False,,,1,,,0.0,0.0,brightness beta=15
E:\TJGY\MinPaper\MyAutoAugument\outputs\datasets\tiled\tiled_1024_ov20_full_safe_no_ok_position\images\val\2025-06-07-14-43-50ps5_NGyuan_tile_0012.jpg,8,脏污,"[481.0009460449219, 605.9990844726562, 644.9996337890625, 640.9994506835938]",5740.014129158109,small,62.34128919860627,23.7636240565938,23.7636240565938,False,False,center,False,FN,brightness_up_15,False,0.0,0.4399872124195099,8,0.0,0.4562271237373352,0.0,-0.016239911317825317,brightness beta=15
E:\TJGY\MinPaper\MyAutoAugument\outputs\datasets\tiled\tiled_1024_ov20_full_safe_no_ok_position\images\val\2025-06-07-15-42-24ps5_NGyuan_tile_0002.jpg,8,脏污,"[183.00006103515625, 464.0, 275.999755859375, 541.000732421875]",7161.044616475701,small,69.0078201368524,36.994660186155414,36.994660186155414,False,False,center,False,FN,brightness_up_15,False,,,4,,,0.0,0.0,brightness beta=15
E:\TJGY\MinPaper\MyAutoAugument\outputs\datasets\tiled\tiled_1024_ov20_full_safe_no_ok_position\images\val\2025-06-07-15-42-24ps5_NGyuan_tile_0007.jpg,8,脏污,"[163.0013427734375, 529.0004272460938, 293.9996032714844, 589.0006713867188]",7859.927611880004,small,73.14211195928753,33.43959702171577,33.43959702171577,False,False,center,False,FN,brightness_up_15,False,,,1,,,0.0,0.0,brightness beta=15
E:\TJGY\MinPaper\MyAutoAugument\outputs\datasets\tiled\tiled_1024_ov20_full_safe_no_ok_position\images\val\2025-06-07-15-42-24ps5_NGyuan_tile_0012.jpg,8,脏污,"[163.0013427734375, 470.0006408691406, 293.9996032714844, 530.0009155273438]",7859.931609629653,small,73.14427480916031,33.442560974377976,33.442560974377976,False,False,center,False,FN,brightness_up_15,False,0.0,0.559741735458374,8,0.0,0.49067533016204834,0.0,0.06906640529632568,brightness beta=15
E:\TJGY\MinPaper\MyAutoAugument\outputs\datasets\tiled\tiled_1024_ov20_full_safe_no_ok_position\images\val\2025-06-07-16-21-50ps5_NGyuan_tile_0007.jpg,8,脏污,"[150.99903869628906, 744.0005493164062, 569.997314453125, 780.9996948242188]",15502.57817224972,medium,53.16080758562859,24.52833672514371,24.52833672514371,True,False,center,False,FN,brightness_up_15,False,,,1,,,0.0,0.0,brightness beta=15
E:\TJGY\MinPaper\MyAutoAugument\outputs\datasets\tiled\tiled_1024_ov20_full_safe_no_ok_position\images\val\2025-06-07-16-21-50ps5_NGyuan_tile_0012.jpg,8,脏污,"[150.99903869628906, 684.9996948242188, 569.997314453125, 721.9988403320312]",15502.57817224972,medium,53.15261562278269,24.522838338374772,24.522838338374772,True,False,center,False,FN,brightness_up_15,False,,,1,,,0.0,0.0,brightness beta=15
E:\TJGY\MinPaper\MyAutoAugument\outputs\datasets\tiled\tiled_1024_ov20_full_safe_no_ok_position\images\val\2025-06-11-19-13-20ps5_NGyuan_tile_0007.jpg,12,锡膏,"[520.9984130859375, 422.9995422363281, 563.999267578125, 485.9991149902344]",2709.035461060703,small,106.23661867847915,31.704531348378858,31.704531348378858,False,False,center,False,FN,brightness_up_15,False,,,5,,,0.0,0.0,brightness beta=15
E:\TJGY\MinPaper\MyAutoAugument\outputs\datasets\tiled\tiled_1024_ov20_full_safe_no_ok_position\images\val\2025-06-11-19-13-20ps5_NGyuan_tile_0007.jpg,5,浅划伤,"[532.0012817382812, 837.0006713867188, 539.0023803710938, 861.0001831054688]",168.0229486823082,tiny,83.0952380952381,39.93972215596513,39.93972215596513,False,False,edge,False,FN,brightness_up_15,False,0.0,0.4972987174987793,5,0.0,0.5088472962379456,0.0,-0.01154857873916626,brightness beta=15
E:\TJGY\MinPaper\MyAutoAugument\outputs\datasets\tiled\tiled_1024_ov20_full_safe_no_ok_position\images\val\2025-06-11-19-13-20ps5_NGyuan_tile_0012.jpg,12,锡膏,"[520.9984130859375, 363.9997253417969, 563.999267578125, 426.9992980957031]",2709.035461060703,small,106.20708748615725,31.71080344255586,31.71080344255586,False,False,center,False,FN,brightness_up_15,False,,,5,,,0.0,0.0,brightness beta=15
E:\TJGY\MinPaper\MyAutoAugument\outputs\datasets\tiled\tiled_1024_ov20_full_safe_no_ok_position\images\val\2025-06-14-16-53-39ps5_tile_0005.jpg,9,轮廓划伤,"[906.0018920898438, 573.000244140625, 930.0014038085938, 678.0001220703125]",2519.9458008408546,small,53.296031746031744,20.445661241887965,20.445661241887965,True,False,edge,False,FN,brightness_up_15,False,,,,,,0.0,0.0,brightness beta=15
E:\TJGY\MinPaper\MyAutoAugument\outputs\datasets\tiled\tiled_1024_ov20_full_safe_no_ok_position\images\val\2025-06-14-16-53-39ps5_tile_0006.jpg,9,轮廓划伤,"[87.00160217285156, 573.000244140625, 111.00108337402344, 678.0001220703125]",2519.942596498877,small,53.294444444444444,20.435161906666547,20.435161906666547,True,False,edge,False,FN,brightness_up_15,False,,,5,,,0.0,0.0,brightness beta=15
E:\TJGY\MinPaper\MyAutoAugument\outputs\datasets\tiled\tiled_1024_ov20_full_safe_no_ok_position\images\val\2025-06-14-16-53-39ps5_tile_0007.jpg,12,锡膏,"[611.9992065429688, 262.0001220703125, 701.0001831054688, 328.99945068359375]",5963.00567561388,small,101.16149589132986,37.46798170128969,37.46798170128969,False,False,center,False,FN,brightness_up_15,False,,,6,,,0.0,0.0,brightness beta=15
E:\TJGY\MinPaper\MyAutoAugument\outputs\datasets\tiled\tiled_1024_ov20_full_safe_no_ok_position\images\val\2025-06-14-16-53-39ps5_tile_0012.jpg,12,锡膏,"[611.9992065429688, 203.0003204345703, 701.0001831054688, 269.9996337890625]",5963.004317566752,small,101.14522891162167,37.44445544128088,37.44445544128088,False,False,center,False,FN,brightness_up_15,False,,,6,,,0.0,0.0,brightness beta=15
E:\TJGY\MinPaper\MyAutoAugument\outputs\datasets\tiled\tiled_1024_ov20_full_safe_no_ok_position\images\val\2025-06-18-06-39-05ps5_NGyuan_tile_0007.jpg,8,脏污,"[646.9990234375, 797.0001831054688, 813.9970703125, 840.0010375976562]",7181.058714151382,small,55.6344520261802,24.735676710958952,24.735676710958952,True,False,center,False,FN,brightness_up_15,False,,,6,,,0.0,0.0,brightness beta=15
E:\TJGY\MinPaper\MyAutoAugument\outputs\datasets\tiled\tiled_1024_ov20_full_safe_no_ok_position\images\val\2025-06-18-06-39-05ps5_NGyuan_tile_0007.jpg,8,脏污,"[742.9995727539062, 691.0003662109375, 796.0007934570312, 720.0]",1537.0159907639027,small,52.819128171763175,23.727055041545608,23.727055041545608,True,False,center,False,FN,brightness_up_15,False,,,6,,,0.0,0.0,brightness beta=15
E:\TJGY\MinPaper\MyAutoAugument\outputs\datasets\tiled\tiled_1024_ov20_full_safe_no_ok_position\images\val\2025-06-18-06-39-05ps5_NGyuan_tile_0012.jpg,8,脏污,"[646.9990234375, 737.9993286132812, 813.9970703125, 781.0001831054688]",7181.058714151382,small,55.635705333519006,24.722098374748796,24.722098374748796,True,False,center,False,FN,brightness_up_15,False,,,6,,,0.0,0.0,brightness beta=15
E:\TJGY\MinPaper\MyAutoAugument\outputs\datasets\tiled\tiled_1024_ov20_full_safe_no_ok_position\images\val\2025-06-18-06-39-05ps5_NGyuan_tile_0012.jpg,8,脏污,"[742.9995727539062, 632.0005493164062, 796.0007934570312, 661.0001831054688]",1537.0159907639027,small,52.82173064411191,23.741110094534566,23.741110094534566,True,False,center,False,FN,brightness_up_15,False,,,6,,,0.0,0.0,brightness beta=15
E:\TJGY\MinPaper\MyAutoAugument\outputs\datasets\tiled\tiled_1024_ov20_full_safe_no_ok_position\images\val\2025-06-28-00-58-48ps5_NGyuan_tile_0006.jpg,7,碰伤,"[860.0012817382812, 736.0010375976562, 887.9994506835938, 751.0005493164062]",419.9588631987572,tiny,58.654761904761905,26.507723064913893,26.507723064913893,True,False,edge,False,FN,brightness_up_15,False,0.0,0.6476931571960449,7,0.0,0.6023921370506287,0.0,0.04530102014541626,brightness beta=15
E:\TJGY\MinPaper\MyAutoAugument\outputs\datasets\tiled\tiled_1024_ov20_full_safe_no_ok_position\images\val\2025-06-28-00-58-48ps5_NGyuan_tile_0007.jpg,7,碰伤,"[41.00096130371094, 736.0010375976562, 68.9991683959961, 751.0005493164062]",419.95943538472056,tiny,58.62619047619047,26.560995028727742,26.560995028727742,True,False,edge,False,FN,brightness_up_15,False,,,1,,,0.0,0.0,brightness beta=15
E:\TJGY\MinPaper\MyAutoAugument\outputs\datasets\tiled\tiled_1024_ov20_full_safe_no_ok_position\images\val\2025-06-28-00-58-48ps5_NGyuan_tile_0011.jpg,7,碰伤,"[860.0012817382812, 677.001220703125, 887.9994506835938, 692.000732421875]",419.9588631987572,tiny,58.63095238095238,26.613181375072283,26.613181375072283,True,False,edge,False,FN,brightness_up_15,False,,,,,,0.0,0.0,brightness beta=15
E:\TJGY\MinPaper\MyAutoAugument\outputs\datasets\tiled\tiled_1024_ov20_full_safe_no_ok_position\images\val\2025-06-28-00-58-48ps5_NGyuan_tile_0012.jpg,7,碰伤,"[41.00096130371094, 677.001220703125, 68.9991683959961, 692.000732421875]",419.95943538472056,tiny,58.62380952380953,26.58994447892455,26.58994447892455,True,False,edge,False,FN,brightness_up_15,False,,,1,,,0.0,0.0,brightness beta=15
E:\TJGY\MinPaper\MyAutoAugument\outputs\datasets\tiled\tiled_1024_ov20_full_safe_no_ok_position\images\val\2025-06-28-07-30-46ps5_NGyuan_tile_0011.jpg,7,碰伤,"[370.9992980957031, 788.000732421875, 395.9992370605469, 801.00146484375]",325.01751704514027,tiny,57.65538461538461,8.878219342763774,8.878219342763774,True,True,center,False,FN,brightness_up_15,False,,,,,,0.0,0.0,brightness beta=15
E:\TJGY\MinPaper\MyAutoAugument\outputs\datasets\tiled\tiled_1024_ov20_full_safe_no_ok_position\images\val\2025-06-29-08-27-16ps5_NGyuan_tile_0000.jpg,7,碰伤,"[871.0021362304688, 658.0004272460938, 918.0016479492188, 671.0000610351562]",610.9764406085014,tiny,55.761047463175125,12.578598256206332,12.578598256206332,True,True,edge,False,FN,brightness_up_15,False,0.0,0.921129047870636,7,0.0,0.9341381192207336,0.0,-0.013009071350097656,brightness beta=15
E:\TJGY\MinPaper\MyAutoAugument\outputs\datasets\tiled\tiled_1024_ov20_full_safe_no_ok_position\images\val\2025-06-29-08-27-16ps5_NGyuan_tile_0001.jpg,7,碰伤,"[52.001792907714844, 658.0004272460938, 99.00135040283203, 671.0000610351562]",610.9770356845111,tiny,55.741407528641574,12.561673869036001,12.561673869036001,True,True,edge,False,FN,brightness_up_15,False,,,9,,,0.0,0.0,brightness beta=15
E:\TJGY\MinPaper\MyAutoAugument\outputs\datasets\tiled\tiled_1024_ov20_full_safe_no_ok_position\images\val\2025-06-29-08-27-16ps5_NGyuan_tile_0007.jpg,6,漏背锡,"[618.999267578125, 306.0003967285156, 836.000244140625, 432.0005187988281]",27342.14953625202,medium,104.82481164508815,65.53607339766639,65.53607339766639,False,False,center,False,FN,brightness_up_15,False,,,12,,,0.0,0.0,brightness beta=15
E:\TJGY\MinPaper\MyAutoAugument\outputs\datasets\tiled\tiled_1024_ov20_full_safe_no_ok_position\images\val\2025-06-29-08-27-16ps5_NGyuan_tile_0012.jpg,6,漏背锡,"[618.999267578125, 247.00057983398438, 836.000244140625, 373.0007019042969]",27342.14953625202,medium,104.82283666154633,65.53497091198456,65.53497091198456,False,False,center,False,FN,brightness_up_15,False,,,12,,,0.0,0.0,brightness beta=15
E:\TJGY\MinPaper\MyAutoAugument\outputs\datasets\tiled\tiled_1024_ov20_full_safe_no_ok_position\images\val\2025-07-13-20-08-46ps5_NGyuan_tile_0007.jpg,7,碰伤,"[928.0010375976562, 9.999872207641602, 975.0005493164062, 28.000768661499023]",846.0333438310772,tiny,54.854609929078016,14.40297763660568,14.40297763660568,True,True,corner,False,FN,brightness_up_15,False,,,11,,,0.0,0.0,brightness beta=15
E:\TJGY\MinPaper\MyAutoAugument\outputs\datasets\tiled\tiled_1024_ov20_full_safe_no_ok_position\images\val\2025-07-13-20-08-46ps5_NGyuan_tile_0007.jpg,11,锡尖,"[421.001220703125, 619.9987182617188, 494.99957275390625, 666.9993286132812]",3477.9677113965154,small,123.09488211615871,65.90531720864378,65.90531720864378,False,False,center,False,FN,brightness_up_15,False,0.0,0.9931626319885254,11,0.0,0.9944475889205933,0.0,-0.001284956932067871,brightness beta=15
E:\TJGY\MinPaper\MyAutoAugument\outputs\datasets\tiled\tiled_1024_ov20_full_safe_no_ok_position\images\val\2025-07-13-20-08-46ps5_NGyuan_tile_0008.jpg,7,碰伤,"[109.0017318725586, 9.999872207641602, 156.00128173828125, 28.000768661499023]",846.034030510782,tiny,54.892434988179666,14.35571448989137,14.35571448989137,True,True,corner,False,FN,brightness_up_15,False,,,,,,0.0,0.0,brightness beta=15
E:\TJGY\MinPaper\MyAutoAugument\outputs\datasets\tiled\tiled_1024_ov20_full_safe_no_ok_position\images\val\2025-07-13-20-08-46ps5_NGyuan_tile_0008.jpg,1,OK3,"[3.9976959228515625, 835.999755859375, 160.99942016601562, 889.9993896484375]",8478.035613382235,small,36.99728709601321,7.181065191702025,7.181065191702025,True,True,corner,False,FN,brightness_up_15,False,,,,,,0.0,0.0,brightness beta=15
E:\TJGY\MinPaper\MyAutoAugument\outputs\datasets\tiled\tiled_1024_ov20_full_safe_no_ok_position\images\val\2025-07-13-20-08-46ps5_NGyuan_tile_0012.jpg,11,锡尖,"[421.001220703125, 560.9989013671875, 494.99957275390625, 607.99951171875]",3477.9677113965154,small,123.08539390454284,65.88729036054909,65.88729036054909,False,False,center,False,FN,brightness_up_15,False,0.0,0.9978207349777222,11,0.0,0.9976463913917542,0.0,0.00017434358596801758,brightness beta=15
E:\TJGY\MinPaper\MyAutoAugument\outputs\datasets\tiled\tiled_1024_ov20_full_safe_no_ok_position\images\val\2025-07-13-20-08-46ps5_NGyuan_tile_0013.jpg,1,OK3,"[3.9976959228515625, 776.9999389648438, 160.99942016601562, 830.9995727539062]",8478.035613382235,small,37.001179523472516,7.193464342911849,7.193464342911849,True,True,edge,False,FN,brightness_up_15,False,,,,,,0.0,0.0,brightness beta=15
E:\TJGY\MinPaper\MyAutoAugument\outputs\datasets\tiled\tiled_1024_ov20_full_safe_no_ok_position\images\val\2025-07-14-19-29-20ps5_tile_0007.jpg,7,碰伤,"[916.0017700195312, -0.0005116462707519531, 937.0020141601562, 11.999744415283203]",252.00830704264808,tiny,30.4484126984127,7.5693432870978965,7.5693432870978965,True,True,corner,True,FN,brightness_up_15,False,,,11,,,0.0,0.0,brightness beta=15
E:\TJGY\MinPaper\MyAutoAugument\outputs\datasets\tiled\tiled_1024_ov20_full_safe_no_ok_position\images\val\2025-07-14-19-29-20ps5_tile_0008.jpg,7,碰伤,"[97.00147247314453, -0.0005116462707519531, 118.00167083740234, 11.999744415283203]",252.00775771452027,tiny,30.48015873015873,7.472409779402671,7.472409779402671,True,True,corner,True,FN,brightness_up_15,False,,,,,,0.0,0.0,brightness beta=15
E:\TJGY\MinPaper\MyAutoAugument\outputs\datasets\tiled\tiled_1024_ov20_full_safe_no_ok_position\images\val\2025-07-21-20-56-48ps5_NGyuan_tile_0000.jpg,7,碰伤,"[873.9989013671875, 906.0003662109375, 905.9998779296875, 920.00048828125]",448.0175782442093,tiny,74.57589285714286,14.53255425351571,14.53255425351571,False,True,corner,False,FN,brightness_up_15,False,,,,,,0.0,0.0,brightness beta=15
E:\TJGY\MinPaper\MyAutoAugument\outputs\datasets\tiled\tiled_1024_ov20_full_safe_no_ok_position\images\val\2025-07-21-20-56-48ps5_NGyuan_tile_0001.jpg,7,碰伤,"[54.99852752685547, 906.0003662109375, 86.99954986572266, 920.00048828125]",448.01821911893785,tiny,74.62946428571429,14.538318447621059,14.538318447621059,False,True,corner,False,FN,brightness_up_15,False,,,,,,0.0,0.0,brightness beta=15
E:\TJGY\MinPaper\MyAutoAugument\outputs\datasets\tiled\tiled_1024_ov20_full_safe_no_ok_position\images\val\2025-07-21-20-56-48ps5_NGyuan_tile_0005.jpg,7,碰伤,"[873.9989013671875, 87.00006866455078, 905.9998779296875, 101.00019073486328]",448.0175782442093,tiny,74.60714285714286,14.57989512433936,14.57989512433936,False,True,corner,False,FN,brightness_up_15,False,,,,,,0.0,0.0,brightness beta=15
E:\TJGY\MinPaper\MyAutoAugument\outputs\datasets\tiled\tiled_1024_ov20_full_safe_no_ok_position\images\val\2025-07-21-20-56-48ps5_NGyuan_tile_0006.jpg,7,碰伤,"[54.99852752685547, 87.00006866455078, 86.99954986572266, 101.00019073486328]",448.01821911893785,tiny,74.55357142857143,14.568397356285017,14.568397356285017,False,True,corner,False,FN,brightness_up_15,False,,,,,,0.0,0.0,brightness beta=15
E:\TJGY\MinPaper\MyAutoAugument\outputs\datasets\tiled\tiled_1024_ov20_full_safe_no_ok_position\images\val\2025-07-21-20-56-48ps5_NGyuan_tile_0010.jpg,7,碰伤,"[873.9989013671875, 28.000255584716797, 905.9998779296875, 42.00038528442383]",448.01782239228487,tiny,74.62276785714286,14.539604761639193,14.539604761639193,False,True,corner,False,FN,brightness_up_15,False,,,,,,0.0,0.0,brightness beta=15
E:\TJGY\MinPaper\MyAutoAugument\outputs\datasets\tiled\tiled_1024_ov20_full_safe_no_ok_position\images\val\2025-07-21-20-56-48ps5_NGyuan_tile_0011.jpg,7,碰伤,"[54.99852752685547, 28.000255584716797, 86.99954986572266, 42.00038528442383]",448.0184632673627,tiny,74.55357142857143,14.558128121010444,14.558128121010444,False,True,corner,False,FN,brightness_up_15,False,,,,,,0.0,0.0,brightness beta=15
E:\TJGY\MinPaper\MyAutoAugument\outputs\datasets\tiled\tiled_1024_ov20_full_safe_no_ok_position\images\val\2025-08-01-18-25-43ps5_NGyuan_tile_0005.jpg,7,碰伤,"[543.9989624023438, 789.001708984375, 570.9977416992188, 800.00048828125]",296.9536147713661,tiny,67.12121212121212,12.43429009826994,12.43429009826994,False,True,center,False,FN,brightness_up_15,False,,,,,,0.0,0.0,brightness beta=15
E:\TJGY\MinPaper\MyAutoAugument\outputs\datasets\tiled\tiled_1024_ov20_full_safe_no_ok_position\images\val\2025-08-01-18-25-43ps5_NGyuan_tile_0010.jpg,7,碰伤,"[543.9989624023438, 730.0018920898438, 570.9977416992188, 741.0006713867188]",296.9536147713661,tiny,67.14141414141415,12.336753635219289,12.336753635219289,False,True,center,False,FN,brightness_up_15,False,,,,,,0.0,0.0,brightness beta=15
E:\TJGY\MinPaper\MyAutoAugument\outputs\datasets\tiled\tiled_1024_ov20_full_safe_no_ok_position\images\val\2025-08-01-19-07-33ps5_tile_0001.jpg,7,碰伤,"[683.999755859375, 750.0001220703125, 761.00146484375, 764.9996337890625]",1154.98803627491,small,77.10822510822511,13.52277129892412,13.52277129892412,False,True,center,False,FN,brightness_up_15,True,0.5698795914649963,0.6199448108673096,7,0.5555399060249329,0.6593897342681885,0.014339685440063477,-0.039444923400878906,brightness beta=15
E:\TJGY\MinPaper\MyAutoAugument\outputs\datasets\tiled\tiled_1024_ov20_full_safe_no_ok_position\images\val\2025-08-01-19-07-33ps5_tile_0007.jpg,12,锡膏,"[602.0009155273438, 437.001220703125, 640.9999389648438, 562.0009155273438]",4874.8660281300545,small,132.29107692307693,25.70673247882104,25.70673247882104,False,False,center,False,FN,brightness_up_15,False,,,7,,,0.0,0.0,brightness beta=15
E:\TJGY\MinPaper\MyAutoAugument\outputs\datasets\tiled\tiled_1024_ov20_full_safe_no_ok_position\images\val\2025-08-01-19-15-54ps5_NGyuan_tile_0001.jpg,9,轮廓划伤,"[265.0019836425781, 812.000244140625, 301.0017395019531, 862.0001220703125]",1799.9833984673023,small,92.58722222222222,13.851881262347467,13.851881262347467,False,True,edge,False,FN,brightness_up_15,False,,,4,,,0.0,0.0,brightness beta=15
E:\TJGY\MinPaper\MyAutoAugument\outputs\datasets\tiled\tiled_1024_ov20_full_safe_no_ok_position\images\val\2025-08-01-19-15-54ps5_NGyuan_tile_0001.jpg,7,碰伤,"[678.99853515625, 792.9989013671875, 731.0003662109375, 860.9986572265625]",3536.111815959215,small,97.78082579185521,11.439135858198433,11.439135858198433,False,True,edge,False,FN,brightness_up_15,False,0.0,0.8869572281837463,7,0.0,0.8984742164611816,0.0,-0.011516988277435303,brightness beta=15
E:\TJGY\MinPaper\MyAutoAugument\outputs\datasets\tiled\tiled_1024_ov20_full_safe_no_ok_position\images\val\2025-08-01-19-15-54ps5_NGyuan_tile_0007.jpg,9,轮廓划伤,"[883.9992065429688, 939.0003051757812, 937.0004272460938, 1011.0007934570312]",3816.1137701272964,small,75.7541928721174,8.36023069434036,8.36023069434036,False,True,corner,False,FN,brightness_up_15,False,,,1,,,0.0,0.0,brightness beta=15
E:\TJGY\MinPaper\MyAutoAugument\outputs\datasets\tiled\tiled_1024_ov20_full_safe_no_ok_position\images\val\2025-08-01-19-15-54ps5_NGyuan_tile_0008.jpg,9,轮廓划伤,"[64.99890899658203, 939.0003051757812, 118.00012969970703, 1011.0007934570312]",3816.1137701272964,small,75.75104821802935,8.342785454022351,8.342785454022351,False,True,corner,False,FN,brightness_up_15,False,,,,,,0.0,0.0,brightness beta=15
E:\TJGY\MinPaper\MyAutoAugument\outputs\datasets\tiled\tiled_1024_ov20_full_safe_no_ok_position\images\val\2025-08-01-19-15-54ps5_NGyuan_tile_0010.jpg,9,轮廓划伤,"[320.0010070800781, 846.0001220703125, 367.0005798339844, 917.000244140625]",3336.975402779877,small,73.16332034761763,7.190210572874346,7.190210572874346,False,True,edge,False,FN,brightness_up_15,False,,,7,,,0.0,0.0,brightness beta=15
E:\TJGY\MinPaper\MyAutoAugument\outputs\datasets\tiled\tiled_1024_ov20_full_safe_no_ok_position\images\val\2025-08-04-12-33-32ps5_NGyuan_tile_0007.jpg,12,锡膏,"[372.0007629394531, 490.9992980957031, 429.0007019042969, 573.0001831054688]",4674.045440619811,small,181.8913136499786,36.092790329431004,36.092790329431004,False,False,center,False,FN,brightness_up_15,False,0.0,0.9723206758499146,12,0.0,0.9773492217063904,0.0,-0.00502854585647583,brightness beta=15
E:\TJGY\MinPaper\MyAutoAugument\outputs\datasets\tiled\tiled_1024_ov20_full_safe_no_ok_position\images\val\2025-08-04-12-33-32ps5_NGyuan_tile_0012.jpg,12,锡膏,"[372.0007629394531, 431.9994812011719, 429.0007019042969, 514.0003662109375]",4674.045440619811,small,181.89602053915277,36.09129258574198,36.09129258574198,False,False,center,False,FN,brightness_up_15,False,0.0,0.9810339212417603,12,0.0,0.984855592250824,0.0,-0.0038216710090637207,brightness beta=15
E:\TJGY\MinPaper\MyAutoAugument\outputs\datasets\tiled\tiled_1024_ov20_full_safe_no_ok_position\images\val\2025-08-11-12-08-10ps5_NGyuan_tile_0002.jpg,7,碰伤,"[579.0007934570312, 712.9994506835938, 612.0012817382812, 721.9993286132812]",297.00036615133286,tiny,61.54545454545455,12.719405938158081,12.719405938158081,False,True,center,False,FN,brightness_up_15,False,,,,,,0.0,0.0,brightness beta=15
E:\TJGY\MinPaper\MyAutoAugument\outputs\datasets\tiled\tiled_1024_ov20_full_safe_no_ok_position\images\val\2025-08-11-19-47-12ps5_tile_0002.jpg,10,锡丝残留,"[450.9997863769531, 899.0007934570312, 515.0007934570312, 1014.0011596679688]",7360.139252077788,small,90.81888586956522,29.39094057510151,29.39094057510151,False,False,edge,False,FN,brightness_up_15,False,,,,,,0.0,0.0,brightness beta=15
E:\TJGY\MinPaper\MyAutoAugument\outputs\datasets\tiled\tiled_1024_ov20_full_safe_no_ok_position\images\val\2025-08-11-19-47-12ps5_tile_0012.jpg,10,锡丝残留,"[450.9997863769531, 21.000701904296875, 515.0007934570312, 136.0010223388672]",7360.136322344188,small,90.81589673913044,29.391555325766586,29.391555325766586,False,False,edge,False,FN,brightness_up_15,False,,,1,,,0.0,0.0,brightness beta=15
E:\TJGY\MinPaper\MyAutoAugument\outputs\datasets\tiled\tiled_1024_ov20_full_safe_no_ok_position\images\val\2025-08-11-19-48-33ps5_tile_0002.jpg,10,锡丝残留,"[583.0010375976562, 918.9995727539062, 650.0014038085938, 1013.9990844726562]",6365.002075016499,small,82.86457187745484,29.289360786741216,29.289360786741216,False,False,edge,False,FN,brightness_up_15,False,,,11,,,0.0,0.0,brightness beta=15
E:\TJGY\MinPaper\MyAutoAugument\outputs\datasets\tiled\tiled_1024_ov20_full_safe_no_ok_position\images\val\2025-08-11-19-48-33ps5_tile_0007.jpg,10,锡丝残留,"[583.0010375976562, 99.99923706054688, 650.0014038085938, 194.998779296875]",6365.004119705409,small,82.88578161822467,29.26549908145222,29.26549908145222,False,False,edge,False,FN,brightness_up_15,False,,,11,,,0.0,0.0,brightness beta=15
E:\TJGY\MinPaper\MyAutoAugument\outputs\datasets\tiled\tiled_1024_ov20_full_safe_no_ok_position\images\val\2025-08-11-19-48-33ps5_tile_0012.jpg,10,锡丝残留,"[583.0010375976562, 40.99942398071289, 650.0014038085938, 135.9989776611328]",6365.00488646375,small,82.8725844461901,29.26325957101295,29.26325957101295,False,False,edge,False,FN,brightness_up_15,False,,,11,,,0.0,0.0,brightness beta=15
E:\TJGY\MinPaper\MyAutoAugument\outputs\datasets\tiled\tiled_1024_ov20_full_safe_no_ok_position\images\val\2025-08-11-19-48-39ps5_tile_0002.jpg,11,锡尖,"[260.00177001953125, 969.9993896484375, 426.99981689453125, 1022.0001220703125]",8684.020750522614,small,131.6589129433441,28.84888457853096,28.84888457853096,False,False,edge,False,FN,brightness_up_15,False,,,,,,0.0,0.0,brightness beta=15
E:\TJGY\MinPaper\MyAutoAugument\outputs\datasets\tiled\tiled_1024_ov20_full_safe_no_ok_position\images\val\2025-08-12-01-35-13ps5_NGyuan_tile_0008.jpg,7,碰伤,"[284.9986572265625, 695.0006103515625, 294.9990234375, 707.0008544921875]",120.00683602690697,tiny,68.83333333333333,13.364338949441365,13.364338949441365,False,True,center,False,FN,brightness_up_15,False,,,1,,,0.0,0.0,brightness beta=15
E:\TJGY\MinPaper\MyAutoAugument\outputs\datasets\tiled\tiled_1024_ov20_full_safe_no_ok_position\images\val\2025-08-12-01-35-13ps5_NGyuan_tile_0009.jpg,7,碰伤,"[169.9983367919922, 695.0006103515625, 179.9987335205078, 707.0008544921875]",120.00720224529505,tiny,68.89166666666667,13.415038721110308,13.415038721110308,False,True,edge,False,FN,brightness_up_15,False,,,,,,0.0,0.0,brightness beta=15
E:\TJGY\MinPaper\MyAutoAugument\outputs\datasets\tiled\tiled_1024_ov20_full_safe_no_ok_position\images\val\2025-08-12-01-35-13ps5_NGyuan_tile_0013.jpg,7,碰伤,"[284.9986572265625, 635.999755859375, 294.9990234375, 648.0]",120.00683602690697,tiny,68.75,13.430841373495555,13.430841373495555,False,True,center,False,FN,brightness_up_15,False,,,1,,,0.0,0.0,brightness beta=15
E:\TJGY\MinPaper\MyAutoAugument\outputs\datasets\tiled\tiled_1024_ov20_full_safe_no_ok_position\images\val\2025-08-12-01-35-13ps5_NGyuan_tile_0014.jpg,7,碰伤,"[169.9983367919922, 635.999755859375, 179.9987335205078, 648.0]",120.00720224529505,tiny,68.825,13.406256313129825,13.406256313129825,False,True,edge,False,FN,brightness_up_15,False,,,,,,0.0,0.0,brightness beta=15
E:\TJGY\MinPaper\MyAutoAugument\outputs\datasets\tiled\tiled_1024_ov20_full_safe_no_ok_position\images\val\2025-08-21-05-20-58ps5_NGyuan_tile_0010.jpg,7,碰伤,"[778.0018920898438, 644.0003051757812, 802.0014038085938, 658.0014038085938]",336.0195307135582,tiny,98.25297619047619,9.744885261578911,9.744885261578911,False,True,center,False,FN,brightness_up_15,False,,,,,,0.0,0.0,brightness beta=15
E:\TJGY\MinPaper\MyAutoAugument\outputs\datasets\tiled\tiled_1024_ov20_full_safe_no_ok_position\images\val\2025-09-02-07-01-17ps5_NGyuan_tile_0007.jpg,11,锡尖,"[728.0009765625, 371.9992370605469, 780.0028076171875, 418.9997863769531]",2444.114625029266,small,91.18780687397708,32.5586892764388,32.5586892764388,False,False,center,False,FN,brightness_up_15,False,,,,,,0.0,0.0,brightness beta=15
E:\TJGY\MinPaper\MyAutoAugument\outputs\datasets\tiled\tiled_1024_ov20_full_safe_no_ok_position\images\val\2025-09-02-07-01-17ps5_NGyuan_tile_0012.jpg,11,锡尖,"[728.0009765625, 312.99945068359375, 780.0028076171875, 360.0]",2444.114625029266,small,91.1665302782324,32.57385679580332,32.57385679580332,False,False,center,False,FN,brightness_up_15,False,,,,,,0.0,0.0,brightness beta=15
E:\TJGY\MinPaper\MyAutoAugument\outputs\datasets\tiled\tiled_1024_ov20_full_safe_no_ok_position\images\val\2025-09-02-08-24-16ps5_NGyuan_tile_0001.jpg,7,碰伤,"[504.9999084472656, 779.999755859375, 529.9998168945312, 790.99853515625]",274.9684754535556,tiny,67.17090909090909,16.44328735908832,16.44328735908832,False,True,center,False,FN,brightness_up_15,False,,,,,,0.0,0.0,brightness beta=15
E:\TJGY\MinPaper\MyAutoAugument\outputs\datasets\tiled\tiled_1024_ov20_full_safe_no_ok_position\images\val\2025-09-02-15-04-54ps5_NGyuan_tile_0007.jpg,6,漏背锡,"[592.9998779296875, 346.0003662109375, 857.9998779296875, 424.99993896484375]",20934.886779785156,medium,93.02302364461428,40.044814221721936,40.044814221721936,False,False,center,False,FN,brightness_up_15,False,0.2501942217350006,0.5842514634132385,6,0.25203555822372437,0.6360679864883423,-0.0018413364887237549,-0.05181652307510376,brightness beta=15
E:\TJGY\MinPaper\MyAutoAugument\outputs\datasets\tiled\tiled_1024_ov20_full_safe_no_ok_position\images\val\2025-09-02-15-04-54ps5_NGyuan_tile_0012.jpg,6,漏背锡,"[592.9998779296875, 287.0005798339844, 857.9998779296875, 366.0001525878906]",20934.886779785156,medium,93.03625507523286,40.043653921247,40.043653921247,False,False,center,False,FN,brightness_up_15,False,0.2649654150009155,0.7699854373931885,6,0.2679309844970703,0.768899142742157,-0.002965569496154785,0.0010862946510314941,brightness beta=15
E:\TJGY\MinPaper\MyAutoAugument\outputs\datasets\tiled\tiled_1024_ov20_full_safe_no_ok_position\images\val\2025-09-02-20-35-27ps5_NGyuan_tile_0007.jpg,6,漏背锡,"[495.9979248046875, 399.0010681152344, 710.9990234375, 448.0005187988281]",10534.935729376972,medium,142.15007119126722,62.38630949557069,62.38630949557069,False,False,center,False,FN,brightness_up_15,False,0.0,0.8674290776252747,6,0.0,0.8630314469337463,0.0,0.00439763069152832,brightness beta=15
E:\TJGY\MinPaper\MyAutoAugument\outputs\datasets\tiled\tiled_1024_ov20_full_safe_no_ok_position\images\val\2025-09-09-21-08-16ps5_tile_0005.jpg,7,碰伤,"[620.9991455078125, 429.00018310546875, 674.0003662109375, 473.9998779296875]",2385.0387569516897,small,83.34633123689727,8.341202081152689,8.341202081152689,False,True,center,False,FN,brightness_up_15,False,,,,,,0.0,0.0,brightness beta=15
E:\TJGY\MinPaper\MyAutoAugument\outputs\datasets\tiled\tiled_1024_ov20_full_safe_no_ok_position\images\val\2025-09-09-21-08-16ps5_tile_0010.jpg,7,碰伤,"[620.9991455078125, 370.0003662109375, 674.0003662109375, 415.00006103515625]",2385.0387569516897,small,83.31949685534592,8.310901718698924,8.310901718698924,False,True,center,False,FN,brightness_up_15,False,,,,,,0.0,0.0,brightness beta=15
E:\TJGY\MinPaper\MyAutoAugument\outputs\datasets\tiled\tiled_1024_ov20_full_safe_no_ok_position\images\val\2025-09-09-21-09-08ps5_tile_0002.jpg,7,碰伤,"[268.99969482421875, 636.000244140625, 350.0001220703125, 668.9996337890625]",2672.964660383761,small,71.33370744481856,13.990167208105312,13.990167208105312,False,True,center,False,FN,brightness_up_15,False,0.0,0.37748149037361145,7,,,0.0,0.37748149037361145,brightness beta=15
E:\TJGY\MinPaper\MyAutoAugument\outputs\datasets\tiled\tiled_1024_ov20_full_safe_no_ok_position\images\val\2025-09-09-21-09-08ps5_tile_0002.jpg,7,碰伤,"[896.0, 637.0001831054688, 967.99951171875, 685.9995727539062]",3527.932129204273,small,60.058956916099774,24.542952173817785,24.542952173817785,False,False,edge,False,FN,brightness_up_15,True,0.7122751474380493,0.37748149037361145,7,,,0.7122751474380493,0.37748149037361145,brightness beta=15
E:\TJGY\MinPaper\MyAutoAugument\outputs\datasets\tiled\tiled_1024_ov20_full_safe_no_ok_position\images\val\2025-09-09-21-09-08ps5_tile_0003.jpg,7,碰伤,"[77.00070190429688, 637.0001831054688, 149.0001983642578, 685.9995727539062]",3527.9313815329224,small,60.06235827664399,24.52822591520583,24.52822591520583,False,False,edge,False,FN,brightness_up_15,True,0.7676829695701599,0.2836662828922272,7,,,0.7676829695701599,0.2836662828922272,brightness beta=15
E:\TJGY\MinPaper\MyAutoAugument\outputs\datasets\tiled\tiled_1024_ov20_full_safe_no_ok_position\images\val\2025-09-09-21-09-08ps5_tile_0006.jpg,9,轮廓划伤,"[423.0005798339844, 792.00048828125, 472.9994201660156, 853.9996337890625]",3099.8853769674897,small,73.83129032258064,11.283484431491578,11.283484431491578,False,True,edge,False,FN,brightness_up_15,False,,,7,,,0.0,0.0,brightness beta=15
E:\TJGY\MinPaper\MyAutoAugument\outputs\datasets\tiled\tiled_1024_ov20_full_safe_no_ok_position\images\val\2025-09-09-21-09-08ps5_tile_0011.jpg,9,轮廓划伤,"[423.0005798339844, 733.0006713867188, 472.9994201660156, 794.9998168945312]",3099.8853769674897,small,73.80677419354839,11.264664388596808,11.264664388596808,False,True,center,False,FN,brightness_up_15,False,,,7,,,0.0,0.0,brightness beta=15
E:\TJGY\MinPaper\MyAutoAugument\outputs\datasets\tiled\tiled_1024_ov20_full_safe_no_ok_position\images\val\2025-09-15-17-40-22ps5_tile_0002.jpg,2,加强筋打伤,"[780.000244140625, 491.00030517578125, 825.0009765625, 563.0007934570312]",3240.074707388878,small,58.91203703703704,12.028771200385384,12.028771200385384,True,True,center,False,FN,brightness_up_15,False,,,0,,,0.0,0.0,brightness beta=15
E:\TJGY\MinPaper\MyAutoAugument\outputs\datasets\tiled\tiled_1024_ov20_full_safe_no_ok_position\images\val\2025-09-15-17-40-45ps5_tile_0003.jpg,9,轮廓划伤,"[614.99853515625, 768.9994506835938, 658.998779296875, 878.9995727539062]",4840.032226592302,small,43.10144628099174,5.880616532374243,5.880616532374243,True,True,edge,False,FN,brightness_up_15,False,0.0,0.8801727890968323,9,0.0,0.8685526251792908,0.0,0.011620163917541504,brightness beta=15
E:\TJGY\MinPaper\MyAutoAugument\outputs\datasets\tiled\tiled_1024_ov20_full_safe_no_ok_position\images\val\2025-09-15-17-40-45ps5_tile_0005.jpg,7,碰伤,"[658.001953125, 365.9991149902344, 696.00048828125, 410.0003967285156]",1671.9842510521412,small,80.13516746411483,19.512654649717266,19.512654649717266,False,True,center,False,FN,brightness_up_15,False,,,2,,,0.0,0.0,brightness beta=15
E:\TJGY\MinPaper\MyAutoAugument\outputs\datasets\tiled\tiled_1024_ov20_full_safe_no_ok_position\images\val\2025-09-15-17-40-45ps5_tile_0008.jpg,9,轮廓划伤,"[667.999755859375, 143.99948120117188, 736.00048828125, 280.0]",9248.134888075292,small,52.046820934256054,11.056431250044772,11.056431250044772,True,True,center,False,FN,brightness_up_15,False,0.0,0.5209787487983704,9,0.0,0.6813665628433228,0.0,-0.1603878140449524,brightness beta=15
E:\TJGY\MinPaper\MyAutoAugument\outputs\datasets\tiled\tiled_1024_ov20_full_safe_no_ok_position\images\val\2025-09-15-17-40-45ps5_tile_0009.jpg,9,轮廓划伤,"[552.9994506835938, 143.99948120117188, 621.0001831054688, 280.0]",9248.134888075292,small,52.04163062283737,11.041174963422284,11.041174963422284,True,True,center,False,FN,brightness_up_15,False,0.4365907311439514,0.3810614049434662,9,0.0,0.4902084767818451,0.4365907311439514,-0.1091470718383789,brightness beta=15
E:\TJGY\MinPaper\MyAutoAugument\outputs\datasets\tiled\tiled_1024_ov20_full_safe_no_ok_position\images\val\2025-09-15-17-40-45ps5_tile_0013.jpg,9,轮廓划伤,"[588.0007934570312, 129.9998779296875, 647.0005493164062, 266.998779296875]",8082.901733666658,small,45.12247927749598,7.320491860402777,7.320491860402777,True,True,edge,False,FN,brightness_up_15,False,,,7,,,0.0,0.0,brightness beta=15
E:\TJGY\MinPaper\MyAutoAugument\outputs\datasets\tiled\tiled_1024_ov20_full_safe_no_ok_position\images\val\2025-09-15-17-40-45ps5_tile_0013.jpg,9,轮廓划伤,"[667.999755859375, 84.99967956542969, 736.00048828125, 221.0001983642578]",9248.134888075292,small,52.05590397923876,11.051302284552333,11.051302284552333,True,True,edge,False,FN,brightness_up_15,False,,,7,,,0.0,0.0,brightness beta=15
E:\TJGY\MinPaper\MyAutoAugument\outputs\datasets\tiled\tiled_1024_ov20_full_safe_no_ok_position\images\val\2025-09-17-00-42-01ps5_NGyuan_tile_0002.jpg,9,轮廓划伤,"[569.9998779296875, 440.9994201660156, 608.9989013671875, 531.9992065429688]",3548.902801722288,small,82.39165962242885,19.955258444015058,19.955258444015058,False,True,center,False,FN,brightness_up_15,False,,,4,,,0.0,0.0,brightness beta=15
E:\TJGY\MinPaper\MyAutoAugument\outputs\datasets\tiled\tiled_1024_ov20_full_safe_no_ok_position\images\val\2025-09-17-00-42-01ps5_NGyuan_tile_0003.jpg,9,轮廓划伤,"[88.99993896484375, 451.99920654296875, 134.00064086914062, 546.998779296875]",4275.0474545340985,small,61.53426900584795,16.561533177541072,16.561533177541072,False,True,edge,False,FN,brightness_up_15,False,,,,,,0.0,0.0,brightness beta=15
E:\TJGY\MinPaper\MyAutoAugument\outputs\datasets\tiled\tiled_1024_ov20_full_safe_no_ok_position\images\val\2025-09-17-00-42-01ps5_NGyuan_tile_0007.jpg,9,轮廓划伤,"[825.9993286132812, 569.0009765625, 861.9990844726562, 658.0008544921875]",3203.9738769829273,small,82.04119850187266,27.04385951819281,27.04385951819281,False,False,edge,False,FN,brightness_up_15,False,,,4,,,0.0,0.0,brightness beta=15
E:\TJGY\MinPaper\MyAutoAugument\outputs\datasets\tiled\tiled_1024_ov20_full_safe_no_ok_position\images\val\2025-09-17-00-42-01ps5_NGyuan_tile_0007.jpg,9,轮廓划伤,"[464.9989318847656, 554.0003662109375, 508.9991760253906, 646.0006103515625]",4048.0332031846046,small,88.09510869565217,25.228170146891692,25.228170146891692,False,False,center,False,FN,brightness_up_15,False,,,4,,,0.0,0.0,brightness beta=15
E:\TJGY\MinPaper\MyAutoAugument\outputs\datasets\tiled\tiled_1024_ov20_full_safe_no_ok_position\images\val\2025-09-17-00-42-01ps5_NGyuan_tile_0008.jpg,9,轮廓划伤,"[6.999040603637695, 569.0009765625, 42.99878692626953, 658.0008544921875]",3203.97302821395,small,82.03558052434457,27.060123698453427,27.060123698453427,False,False,edge,False,FN,brightness_up_15,False,,,4,,,0.0,0.0,brightness beta=15
E:\TJGY\MinPaper\MyAutoAugument\outputs\datasets\tiled\tiled_1024_ov20_full_safe_no_ok_position\images\val\2025-09-17-00-42-01ps5_NGyuan_tile_0012.jpg,9,轮廓划伤,"[825.9993286132812, 510.0011291503906, 861.9990844726562, 599.0010986328125]",3203.977172859013,small,82.05087390761548,27.03131251511788,27.03131251511788,False,False,edge,False,FN,brightness_up_15,False,,,4,,,0.0,0.0,brightness beta=15
E:\TJGY\MinPaper\MyAutoAugument\outputs\datasets\tiled\tiled_1024_ov20_full_safe_no_ok_position\images\val\2025-09-17-00-42-01ps5_NGyuan_tile_0012.jpg,9,轮廓划伤,"[464.9989318847656, 495.0006103515625, 508.9991760253906, 587.0008544921875]",4048.0332031846046,small,88.0909090909091,25.217132883679668,25.217132883679668,False,False,center,False,FN,brightness_up_15,False,,,4,,,0.0,0.0,brightness beta=15
E:\TJGY\MinPaper\MyAutoAugument\outputs\datasets\tiled\tiled_1024_ov20_full_safe_no_ok_position\images\val\2025-09-17-00-42-01ps5_NGyuan_tile_0013.jpg,9,轮廓划伤,"[6.999040603637695, 510.0011291503906, 42.99878692626953, 599.0010986328125]",3203.9763240891625,small,82.05149812734082,27.05617049169587,27.05617049169587,False,False,edge,False,FN,brightness_up_15,False,,,4,,,0.0,0.0,brightness beta=15
E:\TJGY\MinPaper\MyAutoAugument\outputs\datasets\tiled\tiled_1024_ov20_full_safe_no_ok_position\images\val\2025-09-17-01-04-57ps5_NGyuan_tile_0007.jpg,7,碰伤,"[943.9984741210938, 549.001220703125, 1022.9990844726562, 661.000244140625]",8847.991210341454,small,70.38438065099457,27.789816997064424,27.789816997064424,False,False,edge,False,FN,brightness_up_15,False,,,0,,,0.0,0.0,brightness beta=15
E:\TJGY\MinPaper\MyAutoAugument\outputs\datasets\tiled\tiled_1024_ov20_full_safe_no_ok_position\images\val\2025-09-17-01-04-57ps5_NGyuan_tile_0009.jpg,7,碰伤,"[9.997825622558594, 549.001220703125, 88.99839782714844, 661.000244140625]",8847.986937917769,small,70.39500452079567,27.785352623891168,27.785352623891168,False,False,edge,False,FN,brightness_up_15,False,,,,,,0.0,0.0,brightness beta=15
E:\TJGY\MinPaper\MyAutoAugument\outputs\datasets\tiled\tiled_1024_ov20_full_safe_no_ok_position\images\val\2025-09-17-01-04-57ps5_NGyuan_tile_0012.jpg,7,碰伤,"[943.9984741210938, 490.0014343261719, 1022.9990844726562, 602.0004272460938]",8847.988799434155,small,70.38381555153707,27.781154746340547,27.781154746340547,False,False,edge,False,FN,brightness_up_15,False,,,1,,,0.0,0.0,brightness beta=15
E:\TJGY\MinPaper\MyAutoAugument\outputs\datasets\tiled\tiled_1024_ov20_full_safe_no_ok_position\images\val\2025-09-17-01-04-57ps5_NGyuan_tile_0014.jpg,7,碰伤,"[9.997825622558594, 490.0014343261719, 88.99839782714844, 602.0004272460938]",8847.984527011635,small,70.39602169981917,27.783863597371752,27.783863597371752,False,False,edge,False,FN,brightness_up_15,False,,,,,,0.0,0.0,brightness beta=15
E:\TJGY\MinPaper\MyAutoAugument\outputs\datasets\tiled\tiled_1024_ov20_full_safe_no_ok_position\images\val\2025-09-23-01-12-21ps5_NGyuan_tile_0000.jpg,8,脏污,"[867.0013427734375, 503.0005798339844, 929.9998779296875, 558.0006713867188]",3464.925201281905,small,96.83174603174604,20.809539021020875,20.809539021020875,False,False,edge,False,FN,brightness_up_15,False,,,7,,,0.0,0.0,brightness beta=15
E:\TJGY\MinPaper\MyAutoAugument\outputs\datasets\tiled\tiled_1024_ov20_full_safe_no_ok_position\images\val\2025-09-23-01-12-21ps5_NGyuan_tile_0001.jpg,8,脏污,"[48.00102615356445, 503.0005798339844, 110.99955749511719, 558.0006713867188]",3464.9249914732063,small,96.83376623376624,20.802404743265633,20.802404743265633,False,False,edge,False,FN,brightness_up_15,False,,,7,,,0.0,0.0,brightness beta=15
E:\TJGY\MinPaper\MyAutoAugument\outputs\datasets\tiled\tiled_1024_ov20_full_safe_no_ok_position\images\val\2025-09-23-12-23-50ps5_NGyuan_tile_0007.jpg,1,OK3,"[535.99951171875, 675.0003051757812, 712.9979248046875, 710.0006713867188]",6195.009276762605,small,68.44229217110573,12.546360320682469,12.546360320682469,False,True,center,False,FN,brightness_up_15,False,,,0,,,0.0,0.0,brightness beta=15
E:\TJGY\MinPaper\MyAutoAugument\outputs\datasets\tiled\tiled_1024_ov20_full_safe_no_ok_position\images\val\2025-10-11-06-43-38ps5_tile_0004.jpg,7,碰伤,"[785.0004272460938, 780.9996948242188, 939.9992065429688, 1000.9999389648438]",34099.76928681135,medium,53.30431085043988,18.205265879869607,18.205265879869607,True,True,corner,False,FN,brightness_up_15,False,,,,,,0.0,0.0,brightness beta=15
E:\TJGY\MinPaper\MyAutoAugument\outputs\datasets\tiled\tiled_1024_ov20_full_safe_no_ok_position\images\val\2025-10-11-06-43-38ps5_tile_0009.jpg,7,碰伤,"[833.00146484375, 496.00048828125, 952.00048828125, 672.00048828125]",20943.828125,medium,53.00940603514133,15.966843311164997,15.966843311164997,True,True,edge,False,FN,brightness_up_15,False,,,,,,0.0,0.0,brightness beta=15
E:\TJGY\MinPaper\MyAutoAugument\outputs\datasets\tiled\tiled_1024_ov20_full_safe_no_ok_position\images\val\2025-10-11-06-43-38ps5_tile_0012.jpg,1,OK3,"[825.0009765625, 564.000732421875, 944.9993896484375, 625.9998779296875]",7439.799073621631,small,60.81760752688172,12.480530501060455,12.480530501060455,False,True,edge,False,FN,brightness_up_15,False,,,0,,,0.0,0.0,brightness beta=15
E:\TJGY\MinPaper\MyAutoAugument\outputs\datasets\tiled\tiled_1024_ov20_full_safe_no_ok_position\images\val\2025-10-11-06-43-38ps5_tile_0013.jpg,1,OK3,"[6.001659393310547, 564.000732421875, 126.0001220703125, 625.9998779296875]",7439.802148225252,small,60.82231182795699,12.474237409818958,12.474237409818958,False,True,edge,False,FN,brightness_up_15,False,,,0,,,0.0,0.0,brightness beta=15
E:\TJGY\MinPaper\MyAutoAugument\outputs\datasets\tiled\tiled_1024_ov20_full_safe_no_ok_position\images\val\2025-10-11-06-43-38ps5_tile_0014.jpg,7,碰伤,"[833.00146484375, 437.000732421875, 952.00048828125, 613.000732421875]",20943.828125,medium,53.00868983957219,15.957455759330232,15.957455759330232,True,True,edge,False,FN,brightness_up_15,False,,,,,,0.0,0.0,brightness beta=15
E:\TJGY\MinPaper\MyAutoAugument\outputs\datasets\tiled\tiled_1024_ov20_full_safe_no_ok_position\images\val\2025-10-17-13-38-05ps5_NGyuan_tile_0002.jpg,8,脏污,"[97.9993667602539, 625.00146484375, 315.999755859375, 758.0006103515625]",28993.86547055375,medium,92.81903152376354,27.81747796575795,27.81747796575795,False,False,center,False,FN,brightness_up_15,False,,,,,,0.0,0.0,brightness beta=15
E:\TJGY\MinPaper\MyAutoAugument\outputs\datasets\tiled\tiled_1024_ov20_full_safe_no_ok_position\images\val\2025-10-17-15-21-16ps5_NGyuan_tile_0001.jpg,7,碰伤,"[370.9992980957031, 653.0001831054688, 397.9980773925781, 676.9996948242188]",647.9575201272964,tiny,76.18672839506173,7.7350419033912425,7.7350419033912425,False,True,center,False,FN,brightness_up_15,False,0.0,0.6332427859306335,7,0.0,0.711706280708313,0.0,-0.07846349477767944,brightness beta=15
E:\TJGY\MinPaper\MyAutoAugument\outputs\datasets\tiled\tiled_1024_ov20_full_safe_no_ok_position\images\val\2025-10-17-15-21-16ps5_NGyuan_tile_0005.jpg,7,碰伤,"[891.9987182617188, 703.99951171875, 935.9989624023438, 729.9998779296875]",1144.022461026907,small,82.23076923076923,6.091169014871003,6.091169014871003,False,True,edge,False,FN,brightness_up_15,False,,,,,,0.0,0.0,brightness beta=15
E:\TJGY\MinPaper\MyAutoAugument\outputs\datasets\tiled\tiled_1024_ov20_full_safe_no_ok_position\images\val\2025-10-17-15-21-16ps5_NGyuan_tile_0010.jpg,7,碰伤,"[891.9987182617188, 644.9996948242188, 935.9989624023438, 671.0000610351562]",1144.022461026907,small,82.25961538461539,6.116146679218979,6.116146679218979,False,True,edge,False,FN,brightness_up_15,False,,,,,,0.0,0.0,brightness beta=15
E:\TJGY\MinPaper\MyAutoAugument\outputs\datasets\tiled\tiled_1024_ov20_full_safe_no_ok_position\images\val\2025-10-17-15-21-16ps5_NGyuan_tile_0011.jpg,7,碰伤,"[72.99839782714844, 644.9996948242188, 116.9986572265625, 671.0000610351562]",1144.0228577610105,small,82.26923076923077,6.0766575138929095,6.0766575138929095,False,True,edge,False,FN,brightness_up_15,False,,,,,,0.0,0.0,brightness beta=15
E:\TJGY\MinPaper\MyAutoAugument\outputs\datasets\tiled\tiled_1024_ov20_full_safe_no_ok_position\images\val\2025-10-22-13-52-23ps5_NGyuan_tile_0007.jpg,12,锡膏,"[213.9990997314453, 268.9996643066406, 273.9983215332031, 304.9994201660156]",2159.957336615771,small,210.7685185185185,35.23007881570474,35.23007881570474,False,False,center,False,FN,brightness_up_15,False,,,0,,,0.0,0.0,brightness beta=15
E:\TJGY\MinPaper\MyAutoAugument\outputs\datasets\tiled\tiled_1024_ov20_full_safe_no_ok_position\images\val\2025-10-22-13-52-23ps5_NGyuan_tile_0012.jpg,12,锡膏,"[213.9990997314453, 209.99986267089844, 273.9983215332031, 245.99961853027344]",2159.957336615771,small,210.7699074074074,35.20862849305262,35.20862849305262,False,False,center,False,FN,brightness_up_15,False,,,0,,,0.0,0.0,brightness beta=15
E:\TJGY\MinPaper\MyAutoAugument\outputs\datasets\tiled\tiled_1024_ov20_full_safe_no_ok_position\images\val\2025-10-31-03-46-08ps5_NGyuan_tile_0006.jpg,5,浅划伤,"[213.99911499023438, 679.99951171875, 291.0008239746094, 736.0]",4312.133301615715,small,87.8409090909091,9.498692220750025,9.498692220750025,False,True,center,False,FN,brightness_up_15,False,,,7,,,0.0,0.0,brightness beta=15
E:\TJGY\MinPaper\MyAutoAugument\outputs\datasets\tiled\tiled_1024_ov20_full_safe_no_ok_position\images\val\2025-10-31-03-46-08ps5_NGyuan_tile_0011.jpg,5,浅划伤,"[213.99911499023438, 620.9996948242188, 291.0008239746094, 677.0001831054688]",4312.133301615715,small,87.8471706864564,9.498318929995587,9.498318929995587,False,True,center,False,FN,brightness_up_15,False,,,7,,,0.0,0.0,brightness beta=15
E:\TJGY\MinPaper\MyAutoAugument\outputs\datasets\tiled\tiled_1024_ov20_full_safe_no_ok_position\images\val\2025-11-01-14-42-20ps5_NGyuan_tile_0003.jpg,7,碰伤,"[500.000244140625, 899.999755859375, 605.9996337890625, 977.00048828125]",8162.030639201403,small,50.66172506738545,18.150312464313096,18.150312464313096,True,True,edge,False,FN,brightness_up_15,False,0.0,0.7050101161003113,7,0.0,0.7693948745727539,0.0,-0.06438475847244263,brightness beta=15
E:\TJGY\MinPaper\MyAutoAugument\outputs\datasets\tiled\tiled_1024_ov20_full_safe_no_ok_position\images\val\2025-11-01-14-42-20ps5_NGyuan_tile_0004.jpg,7,碰伤,"[384.99993896484375, 899.999755859375, 490.999267578125, 977.00048828125]",8162.025939449668,small,50.65645675079637,18.16103435712057,18.16103435712057,True,True,edge,False,FN,brightness_up_15,False,,,,,,0.0,0.0,brightness beta=15
E:\TJGY\MinPaper\MyAutoAugument\outputs\datasets\tiled\tiled_1024_ov20_full_safe_no_ok_position\images\val\2025-11-01-14-42-20ps5_NGyuan_tile_0005.jpg,7,碰伤,"[372.0007629394531, 847.9994506835938, 434.9992980957031, 944.9999389648438]",6110.888671159744,small,73.78972344951727,10.3877121956301,10.3877121956301,False,True,edge,False,FN,brightness_up_15,False,,,,,,0.0,0.0,brightness beta=15
E:\TJGY\MinPaper\MyAutoAugument\outputs\datasets\tiled\tiled_1024_ov20_full_safe_no_ok_position\images\val\2025-11-01-14-42-20ps5_NGyuan_tile_0008.jpg,7,碰伤,"[594.0014038085938, 581.9996337890625, 643.0007934570312, 670.99951171875]",4360.939697340131,small,61.634716808071545,8.350099978877372,8.350099978877372,False,True,center,False,FN,brightness_up_15,False,,,9,,,0.0,0.0,brightness beta=15
E:\TJGY\MinPaper\MyAutoAugument\outputs\datasets\tiled\tiled_1024_ov20_full_safe_no_ok_position\images\val\2025-11-01-14-42-20ps5_NGyuan_tile_0008.jpg,7,碰伤,"[342.998046875, 683.0003051757812, 490.998779296875, 816.9999389648438]",19832.04394504428,medium,46.13816054860831,9.892181567104181,9.892181567104181,True,True,center,False,FN,brightness_up_15,False,,,9,,,0.0,0.0,brightness beta=15
E:\TJGY\MinPaper\MyAutoAugument\outputs\datasets\tiled\tiled_1024_ov20_full_safe_no_ok_position\images\val\2025-11-01-14-42-20ps5_NGyuan_tile_0008.jpg,7,碰伤,"[500.000244140625, 80.99942779541016, 605.9996337890625, 158.0001220703125]",8162.026595645584,small,50.6691987258025,18.166714261311874,18.166714261311874,True,True,edge,False,FN,brightness_up_15,False,,,9,,,0.0,0.0,brightness beta=15
E:\TJGY\MinPaper\MyAutoAugument\outputs\datasets\tiled\tiled_1024_ov20_full_safe_no_ok_position\images\val\2025-11-01-14-42-20ps5_NGyuan_tile_0009.jpg,7,碰伤,"[479.0010681152344, 581.9996337890625, 528.00048828125, 670.99951171875]",4360.942413400859,small,61.649163036000914,8.381732074677439,8.381732074677439,False,True,center,False,FN,brightness_up_15,False,0.0,0.32560181617736816,7,0.0,0.36237359046936035,0.0,-0.03677177429199219,brightness beta=15
E:\TJGY\MinPaper\MyAutoAugument\outputs\datasets\tiled\tiled_1024_ov20_full_safe_no_ok_position\images\val\2025-11-01-14-42-20ps5_NGyuan_tile_0009.jpg,7,碰伤,"[384.99993896484375, 80.99942779541016, 490.999267578125, 158.0001220703125]",8162.021895896178,small,50.65853957363392,18.18350789983095,18.18350789983095,True,True,edge,False,FN,brightness_up_15,False,0.0,0.32560181617736816,7,0.0,0.36237359046936035,0.0,-0.03677177429199219,brightness beta=15
E:\TJGY\MinPaper\MyAutoAugument\outputs\datasets\tiled\tiled_1024_ov20_full_safe_no_ok_position\images\val\2025-11-01-14-42-20ps5_NGyuan_tile_0010.jpg,7,碰伤,"[372.0007629394531, 788.9986572265625, 434.9992980957031, 885.9991455078125]",6110.888671159744,small,73.77974144984454,10.409780498474799,10.409780498474799,False,True,edge,False,FN,brightness_up_15,False,,,,,,0.0,0.0,brightness beta=15
E:\TJGY\MinPaper\MyAutoAugument\outputs\datasets\tiled\tiled_1024_ov20_full_safe_no_ok_position\images\val\2025-11-01-14-42-20ps5_NGyuan_tile_0013.jpg,7,碰伤,"[594.0014038085938, 522.998779296875, 643.0007934570312, 611.998779296875]",4360.9456787109375,small,61.65099747764274,8.370885904884908,8.370885904884908,False,True,center,False,FN,brightness_up_15,False,0.0,0.42797401547431946,7,0.0,0.5604667067527771,0.0,-0.13249269127845764,brightness beta=15
E:\TJGY\MinPaper\MyAutoAugument\outputs\datasets\tiled\tiled_1024_ov20_full_safe_no_ok_position\images\val\2025-11-01-14-42-20ps5_NGyuan_tile_0013.jpg,7,碰伤,"[500.000244140625, 21.999618530273438, 605.9996337890625, 99.00032043457031]",8162.027404356748,small,50.657926978681694,18.16755758235728,18.16755758235728,True,True,edge,False,FN,brightness_up_15,False,0.0,0.42797401547431946,7,0.0,0.5604667067527771,0.0,-0.13249269127845764,brightness beta=15
E:\TJGY\MinPaper\MyAutoAugument\outputs\datasets\tiled\tiled_1024_ov20_full_safe_no_ok_position\images\val\2025-11-01-14-42-20ps5_NGyuan_tile_0014.jpg,7,碰伤,"[384.99993896484375, 21.999618530273438, 490.999267578125, 99.00032043457031]",8162.022704606876,small,50.65290370007351,18.163884330448102,18.163884330448102,True,True,edge,False,FN,brightness_up_15,False,0.0,0.5406429767608643,7,0.0,0.48193860054016113,0.0,0.058704376220703125,brightness beta=15
E:\TJGY\MinPaper\MyAutoAugument\outputs\datasets\tiled\tiled_1024_ov20_full_safe_no_ok_position\images\val\2025-11-12-16-33-42ps5_NGyuan_tile_0006.jpg,7,碰伤,"[650.998291015625, 6.000639915466309, 692.000244140625, 24.999935150146484]",779.0082126203924,tiny,77.55198973042361,16.23695860274999,16.23695860274999,False,True,edge,False,FN,brightness_up_15,False,,,,,,0.0,0.0,brightness beta=15
E:\TJGY\MinPaper\MyAutoAugument\outputs\datasets\tiled\tiled_1024_ov20_full_safe_no_ok_position\images\val\2229344f-2025-05-09-18-28-13ps5_tile_0002.jpg,10,锡丝残留,"[425.9978332519531, 917.0001831054688, 709.9991455078125, 974.9995727539062]",16471.902770195156,medium,51.756313744536186,28.19032209028167,28.19032209028167,True,False,edge,False,FN,brightness_up_15,False,,,,,,0.0,0.0,brightness beta=15
E:\TJGY\MinPaper\MyAutoAugument\outputs\datasets\tiled\tiled_1024_ov20_full_safe_no_ok_position\images\val\2229344f-2025-05-09-18-28-13ps5_tile_0007.jpg,10,锡丝残留,"[425.9978332519531, 97.99987030029297, 709.9991455078125, 155.99923706054688]",16471.89626992098,medium,51.75728508984944,28.200555790248156,28.200555790248156,True,False,edge,False,FN,brightness_up_15,False,,,12,,,0.0,0.0,brightness beta=15
E:\TJGY\MinPaper\MyAutoAugument\outputs\datasets\tiled\tiled_1024_ov20_full_safe_no_ok_position\images\val\a91db891-2025-04-13-11-39-07ps5_tile_0002.jpg,7,碰伤,"[374.00115966796875, 808.00048828125, 396.00177001953125, 816.0]",175.99414032697678,tiny,29.619318181818183,9.131456096604467,9.131456096604467,True,True,center,False,FN,brightness_up_15,False,0.0,0.5502696633338928,7,0.0,0.6018717288970947,0.0,-0.051602065563201904,brightness beta=15
E:\TJGY\MinPaper\MyAutoAugument\outputs\datasets\tiled\tiled_1024_ov20_full_safe_no_ok_position\images\val\a91db891-2025-04-13-11-39-07ps5_tile_0004.jpg,7,碰伤,"[334.0006408691406, 957.9996337890625, 346.0008850097656, 973.9996337890625]",192.00390625,tiny,33.760416666666664,13.989761726338381,13.989761726338381,True,True,edge,False,FN,brightness_up_15,False,,,,,,0.0,0.0,brightness beta=15
E:\TJGY\MinPaper\MyAutoAugument\outputs\datasets\tiled\tiled_1024_ov20_full_safe_no_ok_position\images\val\a91db891-2025-04-13-11-39-07ps5_tile_0006.jpg,7,碰伤,"[373.99859619140625, 880.9999389648438, 439.00006103515625, 896.9999389648438]",1040.0234375,tiny,39.90480769230769,16.103558372940746,16.103558372940746,True,True,edge,False,FN,brightness_up_15,False,0.0,0.312700092792511,7,0.0,0.2767678499221802,0.0,0.03593224287033081,brightness beta=15
E:\TJGY\MinPaper\MyAutoAugument\outputs\datasets\tiled\tiled_1024_ov20_full_safe_no_ok_position\images\val\a91db891-2025-04-13-11-39-07ps5_tile_0009.jpg,7,碰伤,"[334.0006408691406, 138.99929809570312, 346.0008850097656, 154.99929809570312]",192.00390625,tiny,33.739583333333336,13.970388917029316,13.970388917029316,True,True,edge,False,FN,brightness_up_15,False,,,,,,0.0,0.0,brightness beta=15
E:\TJGY\MinPaper\MyAutoAugument\outputs\datasets\tiled\tiled_1024_ov20_full_safe_no_ok_position\images\val\a91db891-2025-04-13-11-39-07ps5_tile_0014.jpg,7,碰伤,"[334.0006408691406, 79.9994888305664, 346.0008850097656, 95.9994888305664]",192.00390625,tiny,33.786458333333336,13.92319796682012,13.92319796682012,True,True,edge,False,FN,brightness_up_15,False,,,,,,0.0,0.0,brightness beta=15
E:\TJGY\MinPaper\MyAutoAugument\outputs\datasets\tiled\tiled_1024_ov20_full_safe_no_ok_position\images\val\ce0d1787-2025-04-25-11-20-04ps5_NGyuan_tile_0007.jpg,12,锡膏,"[463.99896240234375, 184.99891662597656, 601.9993286132812, 294.9990539550781]",15180.059234669432,medium,116.9655467720685,31.009908507174064,31.009908507174064,False,False,center,False,FN,brightness_up_15,False,,,,,,0.0,0.0,brightness beta=15
E:\TJGY\MinPaper\MyAutoAugument\outputs\datasets\tiled\tiled_1024_ov20_full_safe_no_ok_position\images\val\ce0d1787-2025-04-25-11-20-04ps5_NGyuan_tile_0012.jpg,12,锡膏,"[463.99896240234375, 125.99909973144531, 601.9993286132812, 235.9992218017578]",15180.057128950953,medium,116.96752305665349,31.00227688190202,31.00227688190202,False,False,edge,False,FN,brightness_up_15,False,,,,,,0.0,0.0,brightness beta=15
E:\TJGY\MinPaper\MyAutoAugument\outputs\datasets\tiled\tiled_1024_ov20_full_safe_no_ok_position\images\val\105acebc-2025-05-09-18-24-19ps5_tile_0000.jpg,7,碰伤,"[912.9993896484375, 569.9989013671875, 931.0013427734375, 578.998779296875]",162.01538062095642,tiny,33.98765432098765,11.577429966155993,11.577429966155993,True,True,edge,False,FN,brightness_up_30,False,0.27250155806541443,0.9357725977897644,7,0.3009812533855438,0.9500972628593445,-0.028479695320129395,-0.014324665069580078,brightness beta=30
E:\TJGY\MinPaper\MyAutoAugument\outputs\datasets\tiled\tiled_1024_ov20_full_safe_no_ok_position\images\val\13d91ebd-2025-04-13-11-32-17ps5_tile_0010.jpg,7,碰伤,"[525.0022583007812, 711.0015869140625, 550.0011596679688, 735.0010986328125]",599.9614263176918,tiny,31.981666666666666,9.476884010873803,9.476884010873803,True,True,center,False,FN,brightness_up_30,False,0.0,0.6795357465744019,7,0.0,0.837761402130127,0.0,-0.1582256555557251,brightness beta=30
E:\TJGY\MinPaper\MyAutoAugument\outputs\datasets\tiled\tiled_1024_ov20_full_safe_no_ok_position\images\val\182e7d02-2025-04-22-16-40-10ps5_NGyuan_tile_0001.jpg,7,碰伤,"[494.002197265625, 576.0, 531.0013427734375, 586.0003662109375]",370.0050045698881,tiny,40.229729729729726,15.822279277922496,15.822279277922496,True,True,center,False,FN,brightness_up_30,False,0.0,0.8617154955863953,7,0.0,0.8648220896720886,0.0,-0.0031065940856933594,brightness beta=30
E:\TJGY\MinPaper\MyAutoAugument\outputs\datasets\tiled\tiled_1024_ov20_full_safe_no_ok_position\images\val\182e7d02-2025-04-22-16-40-10ps5_NGyuan_tile_0007.jpg,12,锡膏,"[311.99896240234375, 112.99890899658203, 425.9998779296875, 240.99993896484375]",14592.2346048248,medium,80.68414199561404,25.61158079643109,25.61158079643109,False,False,edge,False,FN,brightness_up_30,False,,,1,,,0.0,0.0,brightness beta=30
E:\TJGY\MinPaper\MyAutoAugument\outputs\datasets\tiled\tiled_1024_ov20_full_safe_no_ok_position\images\val\2025-05-10-15-39-23ps5_tile_0007.jpg,4,油污,"[15.00006103515625, 628.000244140625, 304.99993896484375, 725.000732421875]",28130.129760682583,medium,54.22619978670458,15.326970402266443,15.326970402266443,True,True,edge,False,FN,brightness_up_30,False,0.13989707827568054,0.3188072144985199,4,0.1353103369474411,0.5343640446662903,0.004586741328239441,-0.21555683016777039,brightness beta=30
E:\TJGY\MinPaper\MyAutoAugument\outputs\datasets\tiled\tiled_1024_ov20_full_safe_no_ok_position\images\val\2025-05-10-15-39-23ps5_tile_0012.jpg,4,油污,"[15.00006103515625, 569.0004272460938, 304.99993896484375, 666.0009155273438]",28130.129760682583,medium,54.22321365090651,15.3365902471285,15.3365902471285,True,True,edge,False,FN,brightness_up_30,False,0.16442552208900452,0.8478867411613464,4,0.14986126124858856,0.9171929359436035,0.014564260840415955,-0.06930619478225708,brightness beta=30
E:\TJGY\MinPaper\MyAutoAugument\outputs\datasets\tiled\tiled_1024_ov20_full_safe_no_ok_position\images\val\2025-05-10-15-40-40ps5_tile_0005.jpg,4,油污,"[359.9989929199219, 440.0005187988281, 402.0003967285156, 532.0007934570312]",3864.140686420724,small,34.52329192546584,26.149523784041858,26.149523784041858,True,False,center,False,FN,brightness_up_30,False,,,7,,,0.0,0.0,brightness beta=30
E:\TJGY\MinPaper\MyAutoAugument\outputs\datasets\tiled\tiled_1024_ov20_full_safe_no_ok_position\images\val\2025-05-10-15-40-40ps5_tile_0006.jpg,4,油污,"[66.00038146972656, 801.9993286132812, 299.999755859375, 866.9998168945312]",15210.073592834175,medium,28.58500986193294,14.81777230950077,14.81777230950077,True,True,corner,False,FN,brightness_up_30,False,,,,,,0.0,0.0,brightness beta=30
E:\TJGY\MinPaper\MyAutoAugument\outputs\datasets\tiled\tiled_1024_ov20_full_safe_no_ok_position\images\val\2025-05-10-15-40-40ps5_tile_0007.jpg,6,漏背锡,"[551.99951171875, 300.00128173828125, 830.99853515625, 412.000244140625]",31247.601136267185,medium,87.3754160266257,51.00135128257115,51.00135128257115,False,False,center,False,FN,brightness_up_30,False,,,,,,0.0,0.0,brightness beta=30
E:\TJGY\MinPaper\MyAutoAugument\outputs\datasets\tiled\tiled_1024_ov20_full_safe_no_ok_position\images\val\2025-05-10-15-40-40ps5_tile_0010.jpg,4,油污,"[359.9989929199219, 380.99969482421875, 402.0003967285156, 472.99993896484375]",3864.1394046396017,small,34.53933747412008,26.137962230065977,26.137962230065977,True,False,center,False,FN,brightness_up_30,False,,,,,,0.0,0.0,brightness beta=30
E:\TJGY\MinPaper\MyAutoAugument\outputs\datasets\tiled\tiled_1024_ov20_full_safe_no_ok_position\images\val\2025-05-10-15-40-40ps5_tile_0010.jpg,4,油污,"[357.00018310546875, 160.0, 403.999755859375, 267.9992370605469]",5075.917999593541,small,44.630220646178095,27.09347754794195,27.09347754794195,True,False,center,False,FN,brightness_up_30,False,,,,,,0.0,0.0,brightness beta=30
E:\TJGY\MinPaper\MyAutoAugument\outputs\datasets\tiled\tiled_1024_ov20_full_safe_no_ok_position\images\val\2025-05-10-15-40-40ps5_tile_0012.jpg,6,漏背锡,"[551.99951171875, 241.00146484375, 830.99853515625, 353.00042724609375]",31247.601136267185,medium,87.37426395289299,51.00970071261489,51.00970071261489,False,False,center,False,FN,brightness_up_30,True,0.6113830208778381,0.26850083470344543,6,,,0.6113830208778381,0.26850083470344543,brightness beta=30
E:\TJGY\MinPaper\MyAutoAugument\outputs\datasets\tiled\tiled_1024_ov20_full_safe_no_ok_position\images\val\2025-05-16-16-13-18ps5_tile_0006.jpg,3,开裂,"[632.9978637695312, 607.0006103515625, 825.9993286132812, 713.0009765625]",20458.22595268488,medium,54.9853358099521,35.48760494371061,35.48760494371061,True,False,center,False,FN,brightness_up_30,False,,,8,,,0.0,0.0,brightness beta=30
E:\TJGY\MinPaper\MyAutoAugument\outputs\datasets\tiled\tiled_1024_ov20_full_safe_no_ok_position\images\val\2025-05-16-16-13-18ps5_tile_0006.jpg,7,碰伤,"[877.9985961914062, 616.00048828125, 898.9998168945312, 624.0]",167.99951112270355,tiny,36.892857142857146,13.2718982181497,13.2718982181497,True,True,edge,False,FN,brightness_up_30,False,,,8,,,0.0,0.0,brightness beta=30
E:\TJGY\MinPaper\MyAutoAugument\outputs\datasets\tiled\tiled_1024_ov20_full_safe_no_ok_position\images\val\2025-05-16-16-13-18ps5_tile_0007.jpg,7,碰伤,"[234.0009002685547, 616.0005493164062, 269.00018310546875, 626.0009155273438]",350.00564548932016,tiny,35.331428571428575,10.488572596022816,10.488572596022816,True,True,center,False,FN,brightness_up_30,False,,,,,,0.0,0.0,brightness beta=30
E:\TJGY\MinPaper\MyAutoAugument\outputs\datasets\tiled\tiled_1024_ov20_full_safe_no_ok_position\images\val\2025-05-16-16-13-18ps5_tile_0011.jpg,3,开裂,"[632.9978637695312, 548.0007934570312, 825.9993286132812, 654.0011596679688]",20458.22595268488,medium,54.97976341773389,35.4759722846913,35.4759722846913,True,False,center,False,FN,brightness_up_30,False,,,8,,,0.0,0.0,brightness beta=30
E:\TJGY\MinPaper\MyAutoAugument\outputs\datasets\tiled\tiled_1024_ov20_full_safe_no_ok_position\images\val\2025-05-16-16-13-18ps5_tile_0012.jpg,7,碰伤,"[234.0009002685547, 557.000732421875, 269.00018310546875, 567.0010986328125]",350.00564548932016,tiny,35.25714285714286,10.521658905441146,10.521658905441146,True,True,center,False,FN,brightness_up_30,False,0.0,0.6487756371498108,7,0.0,0.7078184485435486,0.0,-0.05904281139373779,brightness beta=30
E:\TJGY\MinPaper\MyAutoAugument\outputs\datasets\tiled\tiled_1024_ov20_full_safe_no_ok_position\images\val\2025-05-16-16-19-14ps5_tile_0008.jpg,9,轮廓划伤,"[520.9989624023438, 608.0, 567.9984741210938, 710.0006103515625]",4793.978881537914,small,38.24238631622862,9.342376873848142,9.342376873848142,True,True,center,False,FN,brightness_up_30,False,0.0,0.9030192494392395,9,0.0,0.9271972179412842,0.0,-0.024177968502044678,brightness beta=30
E:\TJGY\MinPaper\MyAutoAugument\outputs\datasets\tiled\tiled_1024_ov20_full_safe_no_ok_position\images\val\2025-05-16-16-19-14ps5_tile_0009.jpg,9,轮廓划伤,"[405.99859619140625, 608.0, 452.9981689453125, 710.0006103515625]",4793.985107161105,small,38.23091364205256,9.312466003703815,9.312466003703815,True,True,center,False,FN,brightness_up_30,False,0.0,0.48648157715797424,9,0.0,0.6587848663330078,0.0,-0.17230328917503357,brightness beta=30
E:\TJGY\MinPaper\MyAutoAugument\outputs\datasets\tiled\tiled_1024_ov20_full_safe_no_ok_position\images\val\2025-05-16-16-19-14ps5_tile_0013.jpg,9,轮廓划伤,"[520.9989624023438, 549.0001831054688, 567.9984741210938, 651.0007934570312]",4793.978881537914,small,38.23967459324155,9.34134155542688,9.34134155542688,True,True,center,False,FN,brightness_up_30,False,0.0,0.7398455739021301,9,0.0,0.7647011280059814,0.0,-0.02485555410385132,brightness beta=30
E:\TJGY\MinPaper\MyAutoAugument\outputs\datasets\tiled\tiled_1024_ov20_full_safe_no_ok_position\images\val\2025-05-16-16-19-14ps5_tile_0014.jpg,9,轮廓划伤,"[405.99859619140625, 549.0001831054688, 452.9981689453125, 651.0007934570312]",4793.985107161105,small,38.253650396328744,9.366384219178354,9.366384219178354,True,True,center,False,FN,brightness_up_30,False,0.0,0.6422999501228333,9,0.0,0.770592987537384,0.0,-0.12829303741455078,brightness beta=30
E:\TJGY\MinPaper\MyAutoAugument\outputs\datasets\tiled\tiled_1024_ov20_full_safe_no_ok_position\images\val\2025-05-16-16-24-29ps5_tile_0003.jpg,8,脏污,"[76.99866485595703, 511.0010681152344, 273.9978332519531, 560.00048828125]",9652.845024591079,small,42.01906143167927,14.004625823723606,14.004625823723606,True,True,edge,False,FN,brightness_up_30,False,,,,,,0.0,0.0,brightness beta=30
E:\TJGY\MinPaper\MyAutoAugument\outputs\datasets\tiled\tiled_1024_ov20_full_safe_no_ok_position\images\val\2025-05-16-16-24-46ps5_tile_0000.jpg,8,脏污,"[506.998291015625, 682.9998168945312, 540.9981689453125, 719.9989624023438]",1257.9664307683706,small,64.9785373608903,29.119271484492103,29.119271484492103,False,False,center,False,FN,brightness_up_30,False,0.0,0.9595766067504883,8,0.00951562449336052,0.5130482316017151,-0.00951562449336052,0.4465283751487732,brightness beta=30
E:\TJGY\MinPaper\MyAutoAugument\outputs\datasets\tiled\tiled_1024_ov20_full_safe_no_ok_position\images\val\2025-05-16-17-11-45ps5_tile_0000.jpg,7,碰伤,"[498.998779296875, 856.9999389648438, 522.998291015625, 880.0010375976562]",552.0151361823082,tiny,56.77355072463768,27.305792964522016,27.305792964522016,True,False,edge,False,FN,brightness_up_30,False,,,,,,0.0,0.0,brightness beta=30
E:\TJGY\MinPaper\MyAutoAugument\outputs\datasets\tiled\tiled_1024_ov20_full_safe_no_ok_position\images\val\2025-05-16-17-11-45ps5_tile_0005.jpg,7,碰伤,"[498.998779296875, 38.000640869140625, 522.998291015625, 61.00172424316406]",552.0147699788213,tiny,56.75,27.3048245192857,27.3048245192857,True,False,edge,False,FN,brightness_up_30,False,0.0,0.7401705384254456,7,0.0,0.8368571400642395,0.0,-0.09668660163879395,brightness beta=30
E:\TJGY\MinPaper\MyAutoAugument\outputs\datasets\tiled\tiled_1024_ov20_full_safe_no_ok_position\images\val\2025-05-16-17-11-45ps5_tile_0006.jpg,4,油污,"[90.00088500976562, 603.0003051757812, 226.00140380859375, 634.9993286132812]",4351.8837885558605,small,35.973805147058826,14.415089668580242,14.415089668580242,True,True,edge,False,FN,brightness_up_30,False,0.0,0.9303883910179138,4,0.0,0.9706906676292419,0.0,-0.040302276611328125,brightness beta=30
E:\TJGY\MinPaper\MyAutoAugument\outputs\datasets\tiled\tiled_1024_ov20_full_safe_no_ok_position\images\val\2025-05-16-17-11-45ps5_tile_0007.jpg,4,油污,"[63.00160217285156, 655.0005493164062, 455.0010986328125, 732.0012817382812]",30184.24833642319,medium,36.6937781606149,14.713793279782761,14.713793279782761,True,True,center,False,FN,brightness_up_30,False,,,12,,,0.0,0.0,brightness beta=30
E:\TJGY\MinPaper\MyAutoAugument\outputs\datasets\tiled\tiled_1024_ov20_full_safe_no_ok_position\images\val\2025-05-16-17-11-45ps5_tile_0011.jpg,4,油污,"[90.00088500976562, 544.00048828125, 226.00140380859375, 575.99951171875]",4351.8837885558605,small,35.9967830882353,14.42663325257906,14.42663325257906,True,True,edge,False,FN,brightness_up_30,False,,,7,0.0,0.4782649278640747,0.0,-0.4782649278640747,brightness beta=30
E:\TJGY\MinPaper\MyAutoAugument\outputs\datasets\tiled\tiled_1024_ov20_full_safe_no_ok_position\images\val\2025-05-16-17-11-45ps5_tile_0011.jpg,7,碰伤,"[514.9993286132812, 555.0008544921875, 544.0010375976562, 570.0003662109375]",435.01147377491,tiny,47.777011494252875,10.270297549656902,10.270297549656902,True,True,center,False,FN,brightness_up_30,False,0.0,0.909835934638977,7,0.0,0.8992533087730408,0.0,0.01058262586593628,brightness beta=30
E:\TJGY\MinPaper\MyAutoAugument\outputs\datasets\tiled\tiled_1024_ov20_full_safe_no_ok_position\images\val\2025-05-16-17-11-45ps5_tile_0012.jpg,4,油污,"[63.00160217285156, 596.000732421875, 455.0010986328125, 673.00146484375]",30184.24833642319,medium,36.6912602703419,14.718103705245113,14.718103705245113,True,True,center,False,FN,brightness_up_30,False,,,12,,,0.0,0.0,brightness beta=30
E:\TJGY\MinPaper\MyAutoAugument\outputs\datasets\tiled\tiled_1024_ov20_full_safe_no_ok_position\images\val\2025-05-19-17-19-55ps5_NGyuan_tile_0003.jpg,9,轮廓划伤,"[356.9981384277344, 562.0003662109375, 386.9992980957031, 649.9998779296875]",2640.087401777506,small,30.10909090909091,8.369963022124741,8.369963022124741,True,True,center,False,FN,brightness_up_30,False,0.0,0.856461763381958,9,0.0,0.9622868895530701,0.0,-0.10582512617111206,brightness beta=30
E:\TJGY\MinPaper\MyAutoAugument\outputs\datasets\tiled\tiled_1024_ov20_full_safe_no_ok_position\images\val\2025-05-19-17-19-55ps5_NGyuan_tile_0003.jpg,7,碰伤,"[495.0010681152344, 654.0001220703125, 527.0020751953125, 715.999267578125]",1984.0350943543017,small,20.97328629032258,8.269392657632261,8.269392657632261,True,True,center,False,FN,brightness_up_30,False,0.0,0.2596301734447479,7,,,0.0,0.2596301734447479,brightness beta=30
E:\TJGY\MinPaper\MyAutoAugument\outputs\datasets\tiled\tiled_1024_ov20_full_safe_no_ok_position\images\val\2025-05-19-17-19-55ps5_NGyuan_tile_0004.jpg,9,轮廓划伤,"[292.0018005371094, 645.9990844726562, 317.0017395019531, 696.9994506835938]",1275.006042458117,small,29.054901960784314,10.289463747254985,10.289463747254985,True,True,center,False,FN,brightness_up_30,False,,,7,,,0.0,0.0,brightness beta=30
E:\TJGY\MinPaper\MyAutoAugument\outputs\datasets\tiled\tiled_1024_ov20_full_safe_no_ok_position\images\val\2025-05-19-17-19-55ps5_NGyuan_tile_0004.jpg,9,轮廓划伤,"[241.99783325195312, 562.0003662109375, 271.9989929199219, 649.9998779296875]",2640.087401777506,small,30.121969696969696,8.38199562549089,8.38199562549089,True,True,center,False,FN,brightness_up_30,False,,,7,,,0.0,0.0,brightness beta=30
E:\TJGY\MinPaper\MyAutoAugument\outputs\datasets\tiled\tiled_1024_ov20_full_safe_no_ok_position\images\val\2025-05-19-17-19-55ps5_NGyuan_tile_0007.jpg,9,轮廓划伤,"[956.9996948242188, 613.9996337890625, 984.9978637695312, 679.0010986328125]",1819.9219943881035,small,48.77582417582418,12.206612697693961,12.206612697693961,True,True,edge,False,FN,brightness_up_30,False,,,12,,,0.0,0.0,brightness beta=30
E:\TJGY\MinPaper\MyAutoAugument\outputs\datasets\tiled\tiled_1024_ov20_full_safe_no_ok_position\images\val\2025-05-19-17-19-55ps5_NGyuan_tile_0008.jpg,9,轮廓划伤,"[137.99935913085938, 613.9996337890625, 165.99755859375, 679.0010986328125]",1819.923978075385,small,48.792307692307695,12.231321087833361,12.231321087833361,True,True,edge,False,FN,brightness_up_30,False,,,1,,,0.0,0.0,brightness beta=30
E:\TJGY\MinPaper\MyAutoAugument\outputs\datasets\tiled\tiled_1024_ov20_full_safe_no_ok_position\images\val\2025-05-19-17-19-55ps5_NGyuan_tile_0009.jpg,9,轮廓划伤,"[23.000064849853516, 613.9996337890625, 50.99827194213867, 679.0010986328125]",1819.9244739972055,small,48.74230769230769,12.227561694967093,12.227561694967093,True,True,edge,False,FN,brightness_up_30,False,,,,,,0.0,0.0,brightness beta=30
E:\TJGY\MinPaper\MyAutoAugument\outputs\datasets\tiled\tiled_1024_ov20_full_safe_no_ok_position\images\val\2025-05-19-17-19-55ps5_NGyuan_tile_0012.jpg,9,轮廓划伤,"[956.9996948242188, 554.9998168945312, 984.9978637695312, 620.0012817382812]",1819.9219943881035,small,48.77967032967033,12.216918727241366,12.216918727241366,True,True,edge,False,FN,brightness_up_30,False,,,12,,,0.0,0.0,brightness beta=30
E:\TJGY\MinPaper\MyAutoAugument\outputs\datasets\tiled\tiled_1024_ov20_full_safe_no_ok_position\images\val\2025-05-19-17-19-55ps5_NGyuan_tile_0014.jpg,9,轮廓划伤,"[23.000064849853516, 554.9998168945312, 50.99827194213867, 620.0012817382812]",1819.9244739972055,small,48.76978021978022,12.244454629850441,12.244454629850441,True,True,edge,False,FN,brightness_up_30,False,,,,,,0.0,0.0,brightness beta=30
E:\TJGY\MinPaper\MyAutoAugument\outputs\datasets\tiled\tiled_1024_ov20_full_safe_no_ok_position\images\val\2025-05-25-09-48-32ps5_NGyuan_tile_0002.jpg,7,碰伤,"[986.998779296875, 777.0004272460938, 1023.9979248046875, 804.9996948242188]",1035.9489752352238,tiny,44.560810810810814,13.456176866691457,13.456176866691457,True,True,edge,True,FN,brightness_up_30,False,,,,,,0.0,0.0,brightness beta=30
E:\TJGY\MinPaper\MyAutoAugument\outputs\datasets\tiled\tiled_1024_ov20_full_safe_no_ok_position\images\val\2025-05-25-09-48-32ps5_NGyuan_tile_0012.jpg,6,漏背锡,"[379.99920654296875, 354.99981689453125, 444.00128173828125, 413.9996337890625]",3776.110717393458,small,95.13241525423729,63.08038109358812,63.08038109358812,False,False,center,False,FN,brightness_up_30,False,0.0,0.7591720223426819,6,0.0,0.7506036162376404,0.0,0.008568406105041504,brightness beta=30
E:\TJGY\MinPaper\MyAutoAugument\outputs\datasets\tiled\tiled_1024_ov20_full_safe_no_ok_position\images\val\2025-05-26-06-14-31ps5_NGyuan_tile_0012.jpg,12,锡膏,"[282.9997863769531, 2.0003814697265625, 432.9994201660156, 178.00038146972656]",26399.935546875,medium,126.07378787878788,42.335938356921595,42.335938356921595,False,False,edge,False,FN,brightness_up_30,False,,,1,,,0.0,0.0,brightness beta=30
E:\TJGY\MinPaper\MyAutoAugument\outputs\datasets\tiled\tiled_1024_ov20_full_safe_no_ok_position\images\val\2025-05-26-06-26-47ps5_NGyuan_tile_0002.jpg,7,碰伤,"[829.001708984375, 832.9989013671875, 845.000732421875, 854.99951171875]",351.98828065395355,tiny,47.50568181818182,17.70705340942459,17.70705340942459,True,True,corner,False,FN,brightness_up_30,False,0.11296454817056656,0.2635834813117981,7,0.11938972771167755,0.4774206876754761,-0.006425179541110992,-0.21383720636367798,brightness beta=30
E:\TJGY\MinPaper\MyAutoAugument\outputs\datasets\tiled\tiled_1024_ov20_full_safe_no_ok_position\images\val\2025-05-26-06-26-47ps5_NGyuan_tile_0003.jpg,7,碰伤,"[10.001408576965332, 832.9989013671875, 26.000385284423828, 854.99951171875]",351.9872525645187,tiny,47.51988636363637,17.69645097921654,17.69645097921654,True,True,corner,False,FN,brightness_up_30,False,,,,0.1084621399641037,0.29860982298851013,-0.1084621399641037,-0.29860982298851013,brightness beta=30
E:\TJGY\MinPaper\MyAutoAugument\outputs\datasets\tiled\tiled_1024_ov20_full_safe_no_ok_position\images\val\2025-05-26-06-26-47ps5_NGyuan_tile_0007.jpg,7,碰伤,"[829.001708984375, 13.998592376708984, 845.000732421875, 35.99923324584961]",351.98876890540123,tiny,47.5625,17.655689351517054,17.655689351517054,True,True,corner,False,FN,brightness_up_30,False,0.0,0.5447403788566589,7,0.0,0.808347761631012,0.0,-0.263607382774353,brightness beta=30
E:\TJGY\MinPaper\MyAutoAugument\outputs\datasets\tiled\tiled_1024_ov20_full_safe_no_ok_position\images\val\2025-05-26-06-26-47ps5_NGyuan_tile_0008.jpg,7,碰伤,"[12.001280784606934, 65.0009536743164, 28.000255584716797, 93.00019073486328]",447.9590881539916,tiny,42.59375,17.59439227449839,17.59439227449839,True,True,corner,False,FN,brightness_up_30,False,,,,,,0.0,0.0,brightness beta=30
E:\TJGY\MinPaper\MyAutoAugument\outputs\datasets\tiled\tiled_1024_ov20_full_safe_no_ok_position\images\val\2025-05-26-06-26-47ps5_NGyuan_tile_0008.jpg,7,碰伤,"[10.001408576965332, 13.998592376708984, 26.000385284423828, 35.99923324584961]",351.9877408145403,tiny,47.49147727272727,17.715072424336388,17.715072424336388,True,True,corner,False,FN,brightness_up_30,False,,,,,,0.0,0.0,brightness beta=30
E:\TJGY\MinPaper\MyAutoAugument\outputs\datasets\tiled\tiled_1024_ov20_full_safe_no_ok_position\images\val\2025-05-26-06-26-47ps5_NGyuan_tile_0013.jpg,7,碰伤,"[12.001280784606934, 6.001152992248535, 28.000255584716797, 34.00038528442383]",447.95901186493484,tiny,42.60267857142857,17.57834991352709,17.57834991352709,True,True,corner,False,FN,brightness_up_30,False,,,,,,0.0,0.0,brightness beta=30
E:\TJGY\MinPaper\MyAutoAugument\outputs\datasets\tiled\tiled_1024_ov20_full_safe_no_ok_position\images\val\2025-05-27-23-28-53ps5_NGyuan_tile_0004.jpg,7,碰伤,"[10.999809265136719, 484.99969482421875, 38.998016357421875, 495.99847412109375]",307.94610051624477,tiny,30.376623376623378,15.92640457304751,15.92640457304751,True,True,edge,False,FN,brightness_up_30,False,,,,,,0.0,0.0,brightness beta=30
E:\TJGY\MinPaper\MyAutoAugument\outputs\datasets\tiled\tiled_1024_ov20_full_safe_no_ok_position\images\val\2025-05-27-23-28-53ps5_NGyuan_tile_0007.jpg,8,脏污,"[483.0003356933594, 140.00025939941406, 576.9994506835938, 275.00030517578125]",12689.884826619644,medium,71.34160756501183,37.9463373440113,37.9463373440113,False,False,center,False,FN,brightness_up_30,False,,,,,,0.0,0.0,brightness beta=30
E:\TJGY\MinPaper\MyAutoAugument\outputs\datasets\tiled\tiled_1024_ov20_full_safe_no_ok_position\images\val\2025-05-27-23-28-53ps5_NGyuan_tile_0012.jpg,8,脏污,"[483.0003356933594, 80.99942016601562, 576.9994506835938, 215.99948120117188]",12689.886260932311,medium,71.33664302600472,37.935428798887585,37.935428798887585,False,False,edge,False,FN,brightness_up_30,False,,,12,,,0.0,0.0,brightness beta=30
E:\TJGY\MinPaper\MyAutoAugument\outputs\datasets\tiled\tiled_1024_ov20_full_safe_no_ok_position\images\val\2025-06-05-10-27-17ps5_NGyuan_tile_0012.jpg,8,脏污,"[315.9997253417969, 621.0001831054688, 515.9981689453125, 694.9995727539062]",14799.762757297605,medium,71.54310810810811,26.766541358300476,26.766541358300476,False,False,center,False,FN,brightness_up_30,False,,,1,,,0.0,0.0,brightness beta=30
E:\TJGY\MinPaper\MyAutoAugument\outputs\datasets\tiled\tiled_1024_ov20_full_safe_no_ok_position\images\val\2025-06-05-16-10-10ps5_NGyuan_tile_0000.jpg,5,浅划伤,"[682.9993286132812, 681.0009155273438, 724.0012817382812, 743.0000610351562]",2542.0860579013824,small,48.75177025963808,23.1536479006427,23.1536479006427,True,False,center,False,FN,brightness_up_30,False,,,9,,,0.0,0.0,brightness beta=30
E:\TJGY\MinPaper\MyAutoAugument\outputs\datasets\tiled\tiled_1024_ov20_full_safe_no_ok_position\images\val\2025-06-05-16-10-10ps5_NGyuan_tile_0007.jpg,12,锡膏,"[315.0023498535156, 396.9991760253906, 366.0006408691406, 461.9996032714844]",3314.9107048362494,small,136.19939668174962,49.85802830098024,49.85802830098024,False,False,center,False,FN,brightness_up_30,False,0.0,0.7755202054977417,12,0.0,0.7593369483947754,0.0,0.01618325710296631,brightness beta=30
E:\TJGY\MinPaper\MyAutoAugument\outputs\datasets\tiled\tiled_1024_ov20_full_safe_no_ok_position\images\val\2025-06-05-16-10-10ps5_NGyuan_tile_0012.jpg,12,锡膏,"[315.0023498535156, 337.9993591308594, 366.0006408691406, 402.9997863769531]",3314.9107048362494,small,136.1867269984917,49.83113994876743,49.83113994876743,False,False,center,False,FN,brightness_up_30,False,0.0,0.25034627318382263,12,,,0.0,0.25034627318382263,brightness beta=30
E:\TJGY\MinPaper\MyAutoAugument\outputs\datasets\tiled\tiled_1024_ov20_full_safe_no_ok_position\images\val\2025-06-06-01-33-39ps5_NGyuan_tile_0002.jpg,7,碰伤,"[816.9998779296875, 579.0008544921875, 859.0013427734375, 620.000732421875]",1722.054931461811,small,39.79094076655052,14.073490922084895,14.073490922084895,True,True,edge,False,FN,brightness_up_30,False,0.0,0.27879202365875244,7,0.0,0.5680842399597168,0.0,-0.28929221630096436,brightness beta=30
E:\TJGY\MinPaper\MyAutoAugument\outputs\datasets\tiled\tiled_1024_ov20_full_safe_no_ok_position\images\val\2025-06-06-01-33-39ps5_NGyuan_tile_0003.jpg,7,碰伤,"[0.0, 579.0008544921875, 40.00153732299805, 620.000732421875]",1640.0581472427584,small,39.94634146341463,14.091756759408304,14.091756759408304,True,True,edge,True,FN,brightness_up_30,False,0.0,0.8465601205825806,7,0.0,0.8766747713088989,0.0,-0.03011465072631836,brightness beta=30
E:\TJGY\MinPaper\MyAutoAugument\outputs\datasets\tiled\tiled_1024_ov20_full_safe_no_ok_position\images\val\2025-06-06-02-05-24ps5_NGyuan_tile_0002.jpg,4,油污,"[645.9990844726562, 631.0000610351562, 688.0005493164062, 698.9998168945312]",2856.089355111122,small,24.981442577030812,10.342625088307651,10.342625088307651,True,True,center,False,FN,brightness_up_30,False,,,7,,,0.0,0.0,brightness beta=30
E:\TJGY\MinPaper\MyAutoAugument\outputs\datasets\tiled\tiled_1024_ov20_full_safe_no_ok_position\images\val\2025-06-06-14-52-09ps5_NGyuan_tile_0007.jpg,6,漏背锡,"[223.00006103515625, 270.0001220703125, 468.9986572265625, 337.9998779296875]",16727.8444827646,medium,91.79441654710665,57.06993327056747,57.06993327056747,False,False,center,False,FN,brightness_up_30,False,0.0,0.9670748114585876,6,0.0,0.9697856307029724,0.0,-0.0027108192443847656,brightness beta=30
E:\TJGY\MinPaper\MyAutoAugument\outputs\datasets\tiled\tiled_1024_ov20_full_safe_no_ok_position\images\val\2025-06-06-14-52-09ps5_NGyuan_tile_0012.jpg,6,漏背锡,"[223.00006103515625, 211.00033569335938, 468.9986572265625, 279.00006103515625]",16727.836975483224,medium,91.79632950741272,57.0763629572775,57.0763629572775,False,False,center,False,FN,brightness_up_30,False,0.0,0.9565326571464539,6,0.0,0.9665181040763855,0.0,-0.00998544692993164,brightness beta=30
E:\TJGY\MinPaper\MyAutoAugument\outputs\datasets\tiled\tiled_1024_ov20_full_safe_no_ok_position\images\val\2025-06-07-10-52-02ps5_NGyuan_tile_0007.jpg,12,锡膏,"[405.000732421875, 214.0011444091797, 530.0014038085938, 398.0006103515625]",23000.056777595542,medium,124.37534782608695,27.617660246438557,27.617660246438557,False,False,center,False,FN,brightness_up_30,False,,,6,,,0.0,0.0,brightness beta=30
E:\TJGY\MinPaper\MyAutoAugument\outputs\datasets\tiled\tiled_1024_ov20_full_safe_no_ok_position\images\val\2025-06-07-10-52-02ps5_NGyuan_tile_0007.jpg,7,碰伤,"[491.0008239746094, 661.0001831054688, 518.9990234375, 671.0005493164062]",279.99224787577987,tiny,44.128571428571426,14.02617087403954,14.02617087403954,True,True,center,False,FN,brightness_up_30,False,,,6,,,0.0,0.0,brightness beta=30
E:\TJGY\MinPaper\MyAutoAugument\outputs\datasets\tiled\tiled_1024_ov20_full_safe_no_ok_position\images\val\2025-06-07-10-52-02ps5_NGyuan_tile_0012.jpg,12,锡膏,"[405.000732421875, 155.0013427734375, 530.0014038085938, 339.0008239746094]",23000.05868495442,medium,124.38108695652174,27.613535411985193,27.613535411985193,False,False,center,False,FN,brightness_up_30,False,,,6,,,0.0,0.0,brightness beta=30
E:\TJGY\MinPaper\MyAutoAugument\outputs\datasets\tiled\tiled_1024_ov20_full_safe_no_ok_position\images\val\2025-06-07-10-52-02ps5_NGyuan_tile_0012.jpg,7,碰伤,"[491.0008239746094, 601.9993896484375, 518.9990234375, 611.999755859375]",279.99224787577987,tiny,44.15714285714286,14.149341947632067,14.149341947632067,True,True,center,False,FN,brightness_up_30,False,,,6,,,0.0,0.0,brightness beta=30
E:\TJGY\MinPaper\MyAutoAugument\outputs\datasets\tiled\tiled_1024_ov20_full_safe_no_ok_position\images\val\2025-06-07-14-43-50ps5_NGyuan_tile_0007.jpg,8,脏污,"[868.9996948242188, 696.00048828125, 923.0003051757812, 792.00048828125]",5184.05859375,small,55.714506172839506,18.48999494396198,18.48999494396198,True,True,edge,False,FN,brightness_up_30,False,,,4,,,0.0,0.0,brightness beta=30
E:\TJGY\MinPaper\MyAutoAugument\outputs\datasets\tiled\tiled_1024_ov20_full_safe_no_ok_position\images\val\2025-06-07-14-43-50ps5_NGyuan_tile_0007.jpg,8,脏污,"[481.0009460449219, 664.9999389648438, 644.9996337890625, 700.0003051757812]",5740.014129158109,small,62.34198606271777,23.746416129226407,23.746416129226407,False,False,center,False,FN,brightness_up_30,False,,,1,,,0.0,0.0,brightness beta=30
E:\TJGY\MinPaper\MyAutoAugument\outputs\datasets\tiled\tiled_1024_ov20_full_safe_no_ok_position\images\val\2025-06-07-14-43-50ps5_NGyuan_tile_0012.jpg,8,脏污,"[481.0009460449219, 605.9990844726562, 644.9996337890625, 640.9994506835938]",5740.014129158109,small,62.34128919860627,23.7636240565938,23.7636240565938,False,False,center,False,FN,brightness_up_30,False,0.0,0.4082004725933075,8,0.0,0.4562271237373352,0.0,-0.04802665114402771,brightness beta=30
E:\TJGY\MinPaper\MyAutoAugument\outputs\datasets\tiled\tiled_1024_ov20_full_safe_no_ok_position\images\val\2025-06-07-15-42-24ps5_NGyuan_tile_0002.jpg,8,脏污,"[183.00006103515625, 464.0, 275.999755859375, 541.000732421875]",7161.044616475701,small,69.0078201368524,36.994660186155414,36.994660186155414,False,False,center,False,FN,brightness_up_30,False,,,3,,,0.0,0.0,brightness beta=30
E:\TJGY\MinPaper\MyAutoAugument\outputs\datasets\tiled\tiled_1024_ov20_full_safe_no_ok_position\images\val\2025-06-07-15-42-24ps5_NGyuan_tile_0007.jpg,8,脏污,"[163.0013427734375, 529.0004272460938, 293.9996032714844, 589.0006713867188]",7859.927611880004,small,73.14211195928753,33.43959702171577,33.43959702171577,False,False,center,False,FN,brightness_up_30,False,,,1,,,0.0,0.0,brightness beta=30
E:\TJGY\MinPaper\MyAutoAugument\outputs\datasets\tiled\tiled_1024_ov20_full_safe_no_ok_position\images\val\2025-06-07-15-42-24ps5_NGyuan_tile_0012.jpg,8,脏污,"[163.0013427734375, 470.0006408691406, 293.9996032714844, 530.0009155273438]",7859.931609629653,small,73.14427480916031,33.442560974377976,33.442560974377976,False,False,center,False,FN,brightness_up_30,False,0.0,0.5559946894645691,8,0.0,0.49067533016204834,0.0,0.06531935930252075,brightness beta=30
E:\TJGY\MinPaper\MyAutoAugument\outputs\datasets\tiled\tiled_1024_ov20_full_safe_no_ok_position\images\val\2025-06-07-16-21-50ps5_NGyuan_tile_0007.jpg,8,脏污,"[150.99903869628906, 744.0005493164062, 569.997314453125, 780.9996948242188]",15502.57817224972,medium,53.16080758562859,24.52833672514371,24.52833672514371,True,False,center,False,FN,brightness_up_30,False,,,1,,,0.0,0.0,brightness beta=30
E:\TJGY\MinPaper\MyAutoAugument\outputs\datasets\tiled\tiled_1024_ov20_full_safe_no_ok_position\images\val\2025-06-07-16-21-50ps5_NGyuan_tile_0012.jpg,8,脏污,"[150.99903869628906, 684.9996948242188, 569.997314453125, 721.9988403320312]",15502.57817224972,medium,53.15261562278269,24.522838338374772,24.522838338374772,True,False,center,False,FN,brightness_up_30,False,,,1,,,0.0,0.0,brightness beta=30
E:\TJGY\MinPaper\MyAutoAugument\outputs\datasets\tiled\tiled_1024_ov20_full_safe_no_ok_position\images\val\2025-06-11-19-13-20ps5_NGyuan_tile_0007.jpg,12,锡膏,"[520.9984130859375, 422.9995422363281, 563.999267578125, 485.9991149902344]",2709.035461060703,small,106.23661867847915,31.704531348378858,31.704531348378858,False,False,center,False,FN,brightness_up_30,False,,,5,,,0.0,0.0,brightness beta=30
E:\TJGY\MinPaper\MyAutoAugument\outputs\datasets\tiled\tiled_1024_ov20_full_safe_no_ok_position\images\val\2025-06-11-19-13-20ps5_NGyuan_tile_0007.jpg,5,浅划伤,"[532.0012817382812, 837.0006713867188, 539.0023803710938, 861.0001831054688]",168.0229486823082,tiny,83.0952380952381,39.93972215596513,39.93972215596513,False,False,edge,False,FN,brightness_up_30,False,0.0,0.51670241355896,5,0.0,0.5088472962379456,0.0,0.007855117321014404,brightness beta=30
E:\TJGY\MinPaper\MyAutoAugument\outputs\datasets\tiled\tiled_1024_ov20_full_safe_no_ok_position\images\val\2025-06-11-19-13-20ps5_NGyuan_tile_0012.jpg,12,锡膏,"[520.9984130859375, 363.9997253417969, 563.999267578125, 426.9992980957031]",2709.035461060703,small,106.20708748615725,31.71080344255586,31.71080344255586,False,False,center,False,FN,brightness_up_30,False,,,5,,,0.0,0.0,brightness beta=30
E:\TJGY\MinPaper\MyAutoAugument\outputs\datasets\tiled\tiled_1024_ov20_full_safe_no_ok_position\images\val\2025-06-14-16-53-39ps5_tile_0005.jpg,9,轮廓划伤,"[906.0018920898438, 573.000244140625, 930.0014038085938, 678.0001220703125]",2519.9458008408546,small,53.296031746031744,20.445661241887965,20.445661241887965,True,False,edge,False,FN,brightness_up_30,False,,,,,,0.0,0.0,brightness beta=30
E:\TJGY\MinPaper\MyAutoAugument\outputs\datasets\tiled\tiled_1024_ov20_full_safe_no_ok_position\images\val\2025-06-14-16-53-39ps5_tile_0006.jpg,9,轮廓划伤,"[87.00160217285156, 573.000244140625, 111.00108337402344, 678.0001220703125]",2519.942596498877,small,53.294444444444444,20.435161906666547,20.435161906666547,True,False,edge,False,FN,brightness_up_30,False,,,5,,,0.0,0.0,brightness beta=30
E:\TJGY\MinPaper\MyAutoAugument\outputs\datasets\tiled\tiled_1024_ov20_full_safe_no_ok_position\images\val\2025-06-14-16-53-39ps5_tile_0007.jpg,12,锡膏,"[611.9992065429688, 262.0001220703125, 701.0001831054688, 328.99945068359375]",5963.00567561388,small,101.16149589132986,37.46798170128969,37.46798170128969,False,False,center,False,FN,brightness_up_30,False,,,6,,,0.0,0.0,brightness beta=30
E:\TJGY\MinPaper\MyAutoAugument\outputs\datasets\tiled\tiled_1024_ov20_full_safe_no_ok_position\images\val\2025-06-14-16-53-39ps5_tile_0012.jpg,12,锡膏,"[611.9992065429688, 203.0003204345703, 701.0001831054688, 269.9996337890625]",5963.004317566752,small,101.14522891162167,37.44445544128088,37.44445544128088,False,False,center,False,FN,brightness_up_30,False,,,6,,,0.0,0.0,brightness beta=30
E:\TJGY\MinPaper\MyAutoAugument\outputs\datasets\tiled\tiled_1024_ov20_full_safe_no_ok_position\images\val\2025-06-18-06-39-05ps5_NGyuan_tile_0007.jpg,8,脏污,"[646.9990234375, 797.0001831054688, 813.9970703125, 840.0010375976562]",7181.058714151382,small,55.6344520261802,24.735676710958952,24.735676710958952,True,False,center,False,FN,brightness_up_30,False,,,6,,,0.0,0.0,brightness beta=30
E:\TJGY\MinPaper\MyAutoAugument\outputs\datasets\tiled\tiled_1024_ov20_full_safe_no_ok_position\images\val\2025-06-18-06-39-05ps5_NGyuan_tile_0007.jpg,8,脏污,"[742.9995727539062, 691.0003662109375, 796.0007934570312, 720.0]",1537.0159907639027,small,52.819128171763175,23.727055041545608,23.727055041545608,True,False,center,False,FN,brightness_up_30,False,,,6,,,0.0,0.0,brightness beta=30
E:\TJGY\MinPaper\MyAutoAugument\outputs\datasets\tiled\tiled_1024_ov20_full_safe_no_ok_position\images\val\2025-06-18-06-39-05ps5_NGyuan_tile_0012.jpg,8,脏污,"[646.9990234375, 737.9993286132812, 813.9970703125, 781.0001831054688]",7181.058714151382,small,55.635705333519006,24.722098374748796,24.722098374748796,True,False,center,False,FN,brightness_up_30,False,,,6,,,0.0,0.0,brightness beta=30
E:\TJGY\MinPaper\MyAutoAugument\outputs\datasets\tiled\tiled_1024_ov20_full_safe_no_ok_position\images\val\2025-06-18-06-39-05ps5_NGyuan_tile_0012.jpg,8,脏污,"[742.9995727539062, 632.0005493164062, 796.0007934570312, 661.0001831054688]",1537.0159907639027,small,52.82173064411191,23.741110094534566,23.741110094534566,True,False,center,False,FN,brightness_up_30,False,,,6,,,0.0,0.0,brightness beta=30
E:\TJGY\MinPaper\MyAutoAugument\outputs\datasets\tiled\tiled_1024_ov20_full_safe_no_ok_position\images\val\2025-06-28-00-58-48ps5_NGyuan_tile_0006.jpg,7,碰伤,"[860.0012817382812, 736.0010375976562, 887.9994506835938, 751.0005493164062]",419.9588631987572,tiny,58.654761904761905,26.507723064913893,26.507723064913893,True,False,edge,False,FN,brightness_up_30,False,0.0,0.634160578250885,7,0.0,0.6023921370506287,0.0,0.03176844120025635,brightness beta=30
E:\TJGY\MinPaper\MyAutoAugument\outputs\datasets\tiled\tiled_1024_ov20_full_safe_no_ok_position\images\val\2025-06-28-00-58-48ps5_NGyuan_tile_0007.jpg,7,碰伤,"[41.00096130371094, 736.0010375976562, 68.9991683959961, 751.0005493164062]",419.95943538472056,tiny,58.62619047619047,26.560995028727742,26.560995028727742,True,False,edge,False,FN,brightness_up_30,False,,,1,,,0.0,0.0,brightness beta=30
E:\TJGY\MinPaper\MyAutoAugument\outputs\datasets\tiled\tiled_1024_ov20_full_safe_no_ok_position\images\val\2025-06-28-00-58-48ps5_NGyuan_tile_0011.jpg,7,碰伤,"[860.0012817382812, 677.001220703125, 887.9994506835938, 692.000732421875]",419.9588631987572,tiny,58.63095238095238,26.613181375072283,26.613181375072283,True,False,edge,False,FN,brightness_up_30,False,,,,,,0.0,0.0,brightness beta=30
E:\TJGY\MinPaper\MyAutoAugument\outputs\datasets\tiled\tiled_1024_ov20_full_safe_no_ok_position\images\val\2025-06-28-00-58-48ps5_NGyuan_tile_0012.jpg,7,碰伤,"[41.00096130371094, 677.001220703125, 68.9991683959961, 692.000732421875]",419.95943538472056,tiny,58.62380952380953,26.58994447892455,26.58994447892455,True,False,edge,False,FN,brightness_up_30,False,,,1,,,0.0,0.0,brightness beta=30
E:\TJGY\MinPaper\MyAutoAugument\outputs\datasets\tiled\tiled_1024_ov20_full_safe_no_ok_position\images\val\2025-06-28-07-30-46ps5_NGyuan_tile_0011.jpg,7,碰伤,"[370.9992980957031, 788.000732421875, 395.9992370605469, 801.00146484375]",325.01751704514027,tiny,57.65538461538461,8.878219342763774,8.878219342763774,True,True,center,False,FN,brightness_up_30,False,,,,,,0.0,0.0,brightness beta=30
E:\TJGY\MinPaper\MyAutoAugument\outputs\datasets\tiled\tiled_1024_ov20_full_safe_no_ok_position\images\val\2025-06-29-08-27-16ps5_NGyuan_tile_0000.jpg,7,碰伤,"[871.0021362304688, 658.0004272460938, 918.0016479492188, 671.0000610351562]",610.9764406085014,tiny,55.761047463175125,12.578598256206332,12.578598256206332,True,True,edge,False,FN,brightness_up_30,False,0.0,0.9054427146911621,7,0.0,0.9341381192207336,0.0,-0.028695404529571533,brightness beta=30
E:\TJGY\MinPaper\MyAutoAugument\outputs\datasets\tiled\tiled_1024_ov20_full_safe_no_ok_position\images\val\2025-06-29-08-27-16ps5_NGyuan_tile_0001.jpg,7,碰伤,"[52.001792907714844, 658.0004272460938, 99.00135040283203, 671.0000610351562]",610.9770356845111,tiny,55.741407528641574,12.561673869036001,12.561673869036001,True,True,edge,False,FN,brightness_up_30,False,,,9,,,0.0,0.0,brightness beta=30
E:\TJGY\MinPaper\MyAutoAugument\outputs\datasets\tiled\tiled_1024_ov20_full_safe_no_ok_position\images\val\2025-06-29-08-27-16ps5_NGyuan_tile_0007.jpg,6,漏背锡,"[618.999267578125, 306.0003967285156, 836.000244140625, 432.0005187988281]",27342.14953625202,medium,104.82481164508815,65.53607339766639,65.53607339766639,False,False,center,False,FN,brightness_up_30,False,,,12,,,0.0,0.0,brightness beta=30
E:\TJGY\MinPaper\MyAutoAugument\outputs\datasets\tiled\tiled_1024_ov20_full_safe_no_ok_position\images\val\2025-06-29-08-27-16ps5_NGyuan_tile_0012.jpg,6,漏背锡,"[618.999267578125, 247.00057983398438, 836.000244140625, 373.0007019042969]",27342.14953625202,medium,104.82283666154633,65.53497091198456,65.53497091198456,False,False,center,False,FN,brightness_up_30,False,,,12,,,0.0,0.0,brightness beta=30
E:\TJGY\MinPaper\MyAutoAugument\outputs\datasets\tiled\tiled_1024_ov20_full_safe_no_ok_position\images\val\2025-07-13-20-08-46ps5_NGyuan_tile_0007.jpg,7,碰伤,"[928.0010375976562, 9.999872207641602, 975.0005493164062, 28.000768661499023]",846.0333438310772,tiny,54.854609929078016,14.40297763660568,14.40297763660568,True,True,corner,False,FN,brightness_up_30,False,,,11,,,0.0,0.0,brightness beta=30
E:\TJGY\MinPaper\MyAutoAugument\outputs\datasets\tiled\tiled_1024_ov20_full_safe_no_ok_position\images\val\2025-07-13-20-08-46ps5_NGyuan_tile_0007.jpg,11,锡尖,"[421.001220703125, 619.9987182617188, 494.99957275390625, 666.9993286132812]",3477.9677113965154,small,123.09488211615871,65.90531720864378,65.90531720864378,False,False,center,False,FN,brightness_up_30,False,0.0,0.9923262596130371,11,0.0,0.9944475889205933,0.0,-0.0021213293075561523,brightness beta=30
E:\TJGY\MinPaper\MyAutoAugument\outputs\datasets\tiled\tiled_1024_ov20_full_safe_no_ok_position\images\val\2025-07-13-20-08-46ps5_NGyuan_tile_0008.jpg,7,碰伤,"[109.0017318725586, 9.999872207641602, 156.00128173828125, 28.000768661499023]",846.034030510782,tiny,54.892434988179666,14.35571448989137,14.35571448989137,True,True,corner,False,FN,brightness_up_30,False,,,,,,0.0,0.0,brightness beta=30
E:\TJGY\MinPaper\MyAutoAugument\outputs\datasets\tiled\tiled_1024_ov20_full_safe_no_ok_position\images\val\2025-07-13-20-08-46ps5_NGyuan_tile_0008.jpg,1,OK3,"[3.9976959228515625, 835.999755859375, 160.99942016601562, 889.9993896484375]",8478.035613382235,small,36.99728709601321,7.181065191702025,7.181065191702025,True,True,corner,False,FN,brightness_up_30,False,,,,,,0.0,0.0,brightness beta=30
E:\TJGY\MinPaper\MyAutoAugument\outputs\datasets\tiled\tiled_1024_ov20_full_safe_no_ok_position\images\val\2025-07-13-20-08-46ps5_NGyuan_tile_0012.jpg,11,锡尖,"[421.001220703125, 560.9989013671875, 494.99957275390625, 607.99951171875]",3477.9677113965154,small,123.08539390454284,65.88729036054909,65.88729036054909,False,False,center,False,FN,brightness_up_30,False,0.0,0.9980033040046692,11,0.0,0.9976463913917542,0.0,0.00035691261291503906,brightness beta=30
E:\TJGY\MinPaper\MyAutoAugument\outputs\datasets\tiled\tiled_1024_ov20_full_safe_no_ok_position\images\val\2025-07-13-20-08-46ps5_NGyuan_tile_0013.jpg,1,OK3,"[3.9976959228515625, 776.9999389648438, 160.99942016601562, 830.9995727539062]",8478.035613382235,small,37.001179523472516,7.193464342911849,7.193464342911849,True,True,edge,False,FN,brightness_up_30,False,,,,,,0.0,0.0,brightness beta=30
E:\TJGY\MinPaper\MyAutoAugument\outputs\datasets\tiled\tiled_1024_ov20_full_safe_no_ok_position\images\val\2025-07-14-19-29-20ps5_tile_0007.jpg,7,碰伤,"[916.0017700195312, -0.0005116462707519531, 937.0020141601562, 11.999744415283203]",252.00830704264808,tiny,30.4484126984127,7.5693432870978965,7.5693432870978965,True,True,corner,True,FN,brightness_up_30,False,,,11,,,0.0,0.0,brightness beta=30
E:\TJGY\MinPaper\MyAutoAugument\outputs\datasets\tiled\tiled_1024_ov20_full_safe_no_ok_position\images\val\2025-07-14-19-29-20ps5_tile_0008.jpg,7,碰伤,"[97.00147247314453, -0.0005116462707519531, 118.00167083740234, 11.999744415283203]",252.00775771452027,tiny,30.48015873015873,7.472409779402671,7.472409779402671,True,True,corner,True,FN,brightness_up_30,False,,,,,,0.0,0.0,brightness beta=30
E:\TJGY\MinPaper\MyAutoAugument\outputs\datasets\tiled\tiled_1024_ov20_full_safe_no_ok_position\images\val\2025-07-21-20-56-48ps5_NGyuan_tile_0000.jpg,7,碰伤,"[873.9989013671875, 906.0003662109375, 905.9998779296875, 920.00048828125]",448.0175782442093,tiny,74.57589285714286,14.53255425351571,14.53255425351571,False,True,corner,False,FN,brightness_up_30,False,,,,,,0.0,0.0,brightness beta=30
E:\TJGY\MinPaper\MyAutoAugument\outputs\datasets\tiled\tiled_1024_ov20_full_safe_no_ok_position\images\val\2025-07-21-20-56-48ps5_NGyuan_tile_0001.jpg,7,碰伤,"[54.99852752685547, 906.0003662109375, 86.99954986572266, 920.00048828125]",448.01821911893785,tiny,74.62946428571429,14.538318447621059,14.538318447621059,False,True,corner,False,FN,brightness_up_30,False,,,,,,0.0,0.0,brightness beta=30
E:\TJGY\MinPaper\MyAutoAugument\outputs\datasets\tiled\tiled_1024_ov20_full_safe_no_ok_position\images\val\2025-07-21-20-56-48ps5_NGyuan_tile_0005.jpg,7,碰伤,"[873.9989013671875, 87.00006866455078, 905.9998779296875, 101.00019073486328]",448.0175782442093,tiny,74.60714285714286,14.57989512433936,14.57989512433936,False,True,corner,False,FN,brightness_up_30,False,,,,,,0.0,0.0,brightness beta=30
E:\TJGY\MinPaper\MyAutoAugument\outputs\datasets\tiled\tiled_1024_ov20_full_safe_no_ok_position\images\val\2025-07-21-20-56-48ps5_NGyuan_tile_0006.jpg,7,碰伤,"[54.99852752685547, 87.00006866455078, 86.99954986572266, 101.00019073486328]",448.01821911893785,tiny,74.55357142857143,14.568397356285017,14.568397356285017,False,True,corner,False,FN,brightness_up_30,False,,,,,,0.0,0.0,brightness beta=30
E:\TJGY\MinPaper\MyAutoAugument\outputs\datasets\tiled\tiled_1024_ov20_full_safe_no_ok_position\images\val\2025-07-21-20-56-48ps5_NGyuan_tile_0010.jpg,7,碰伤,"[873.9989013671875, 28.000255584716797, 905.9998779296875, 42.00038528442383]",448.01782239228487,tiny,74.62276785714286,14.539604761639193,14.539604761639193,False,True,corner,False,FN,brightness_up_30,False,,,,,,0.0,0.0,brightness beta=30
E:\TJGY\MinPaper\MyAutoAugument\outputs\datasets\tiled\tiled_1024_ov20_full_safe_no_ok_position\images\val\2025-07-21-20-56-48ps5_NGyuan_tile_0011.jpg,7,碰伤,"[54.99852752685547, 28.000255584716797, 86.99954986572266, 42.00038528442383]",448.0184632673627,tiny,74.55357142857143,14.558128121010444,14.558128121010444,False,True,corner,False,FN,brightness_up_30,False,,,,,,0.0,0.0,brightness beta=30
E:\TJGY\MinPaper\MyAutoAugument\outputs\datasets\tiled\tiled_1024_ov20_full_safe_no_ok_position\images\val\2025-08-01-18-25-43ps5_NGyuan_tile_0005.jpg,7,碰伤,"[543.9989624023438, 789.001708984375, 570.9977416992188, 800.00048828125]",296.9536147713661,tiny,67.12121212121212,12.43429009826994,12.43429009826994,False,True,center,False,FN,brightness_up_30,False,,,,,,0.0,0.0,brightness beta=30
E:\TJGY\MinPaper\MyAutoAugument\outputs\datasets\tiled\tiled_1024_ov20_full_safe_no_ok_position\images\val\2025-08-01-18-25-43ps5_NGyuan_tile_0010.jpg,7,碰伤,"[543.9989624023438, 730.0018920898438, 570.9977416992188, 741.0006713867188]",296.9536147713661,tiny,67.14141414141415,12.336753635219289,12.336753635219289,False,True,center,False,FN,brightness_up_30,False,,,,,,0.0,0.0,brightness beta=30
E:\TJGY\MinPaper\MyAutoAugument\outputs\datasets\tiled\tiled_1024_ov20_full_safe_no_ok_position\images\val\2025-08-01-19-07-33ps5_tile_0001.jpg,7,碰伤,"[683.999755859375, 750.0001220703125, 761.00146484375, 764.9996337890625]",1154.98803627491,small,77.10822510822511,13.52277129892412,13.52277129892412,False,True,center,False,FN,brightness_up_30,True,0.5731284618377686,0.44816210865974426,7,0.5555399060249329,0.6593897342681885,0.017588555812835693,-0.2112276256084442,brightness beta=30
E:\TJGY\MinPaper\MyAutoAugument\outputs\datasets\tiled\tiled_1024_ov20_full_safe_no_ok_position\images\val\2025-08-01-19-07-33ps5_tile_0007.jpg,12,锡膏,"[602.0009155273438, 437.001220703125, 640.9999389648438, 562.0009155273438]",4874.8660281300545,small,132.29107692307693,25.70673247882104,25.70673247882104,False,False,center,False,FN,brightness_up_30,False,,,7,,,0.0,0.0,brightness beta=30
E:\TJGY\MinPaper\MyAutoAugument\outputs\datasets\tiled\tiled_1024_ov20_full_safe_no_ok_position\images\val\2025-08-01-19-15-54ps5_NGyuan_tile_0001.jpg,9,轮廓划伤,"[265.0019836425781, 812.000244140625, 301.0017395019531, 862.0001220703125]",1799.9833984673023,small,92.58722222222222,13.851881262347467,13.851881262347467,False,True,edge,False,FN,brightness_up_30,False,,,4,,,0.0,0.0,brightness beta=30
E:\TJGY\MinPaper\MyAutoAugument\outputs\datasets\tiled\tiled_1024_ov20_full_safe_no_ok_position\images\val\2025-08-01-19-15-54ps5_NGyuan_tile_0001.jpg,7,碰伤,"[678.99853515625, 792.9989013671875, 731.0003662109375, 860.9986572265625]",3536.111815959215,small,97.78082579185521,11.439135858198433,11.439135858198433,False,True,edge,False,FN,brightness_up_30,False,0.0,0.8344324827194214,7,0.0,0.8984742164611816,0.0,-0.06404173374176025,brightness beta=30
E:\TJGY\MinPaper\MyAutoAugument\outputs\datasets\tiled\tiled_1024_ov20_full_safe_no_ok_position\images\val\2025-08-01-19-15-54ps5_NGyuan_tile_0007.jpg,9,轮廓划伤,"[883.9992065429688, 939.0003051757812, 937.0004272460938, 1011.0007934570312]",3816.1137701272964,small,75.7541928721174,8.36023069434036,8.36023069434036,False,True,corner,False,FN,brightness_up_30,False,,,1,,,0.0,0.0,brightness beta=30
E:\TJGY\MinPaper\MyAutoAugument\outputs\datasets\tiled\tiled_1024_ov20_full_safe_no_ok_position\images\val\2025-08-01-19-15-54ps5_NGyuan_tile_0008.jpg,9,轮廓划伤,"[64.99890899658203, 939.0003051757812, 118.00012969970703, 1011.0007934570312]",3816.1137701272964,small,75.75104821802935,8.342785454022351,8.342785454022351,False,True,corner,False,FN,brightness_up_30,False,,,,,,0.0,0.0,brightness beta=30
E:\TJGY\MinPaper\MyAutoAugument\outputs\datasets\tiled\tiled_1024_ov20_full_safe_no_ok_position\images\val\2025-08-01-19-15-54ps5_NGyuan_tile_0010.jpg,9,轮廓划伤,"[320.0010070800781, 846.0001220703125, 367.0005798339844, 917.000244140625]",3336.975402779877,small,73.16332034761763,7.190210572874346,7.190210572874346,False,True,edge,False,FN,brightness_up_30,False,,,7,,,0.0,0.0,brightness beta=30
E:\TJGY\MinPaper\MyAutoAugument\outputs\datasets\tiled\tiled_1024_ov20_full_safe_no_ok_position\images\val\2025-08-04-12-33-32ps5_NGyuan_tile_0007.jpg,12,锡膏,"[372.0007629394531, 490.9992980957031, 429.0007019042969, 573.0001831054688]",4674.045440619811,small,181.8913136499786,36.092790329431004,36.092790329431004,False,False,center,False,FN,brightness_up_30,False,0.0,0.9607218503952026,12,0.0,0.9773492217063904,0.0,-0.016627371311187744,brightness beta=30
E:\TJGY\MinPaper\MyAutoAugument\outputs\datasets\tiled\tiled_1024_ov20_full_safe_no_ok_position\images\val\2025-08-04-12-33-32ps5_NGyuan_tile_0012.jpg,12,锡膏,"[372.0007629394531, 431.9994812011719, 429.0007019042969, 514.0003662109375]",4674.045440619811,small,181.89602053915277,36.09129258574198,36.09129258574198,False,False,center,False,FN,brightness_up_30,False,0.0,0.9767207503318787,12,0.0,0.984855592250824,0.0,-0.008134841918945312,brightness beta=30
E:\TJGY\MinPaper\MyAutoAugument\outputs\datasets\tiled\tiled_1024_ov20_full_safe_no_ok_position\images\val\2025-08-11-12-08-10ps5_NGyuan_tile_0002.jpg,7,碰伤,"[579.0007934570312, 712.9994506835938, 612.0012817382812, 721.9993286132812]",297.00036615133286,tiny,61.54545454545455,12.719405938158081,12.719405938158081,False,True,center,False,FN,brightness_up_30,False,,,,,,0.0,0.0,brightness beta=30
E:\TJGY\MinPaper\MyAutoAugument\outputs\datasets\tiled\tiled_1024_ov20_full_safe_no_ok_position\images\val\2025-08-11-19-47-12ps5_tile_0002.jpg,10,锡丝残留,"[450.9997863769531, 899.0007934570312, 515.0007934570312, 1014.0011596679688]",7360.139252077788,small,90.81888586956522,29.39094057510151,29.39094057510151,False,False,edge,False,FN,brightness_up_30,False,,,,,,0.0,0.0,brightness beta=30
E:\TJGY\MinPaper\MyAutoAugument\outputs\datasets\tiled\tiled_1024_ov20_full_safe_no_ok_position\images\val\2025-08-11-19-47-12ps5_tile_0012.jpg,10,锡丝残留,"[450.9997863769531, 21.000701904296875, 515.0007934570312, 136.0010223388672]",7360.136322344188,small,90.81589673913044,29.391555325766586,29.391555325766586,False,False,edge,False,FN,brightness_up_30,False,,,1,,,0.0,0.0,brightness beta=30
E:\TJGY\MinPaper\MyAutoAugument\outputs\datasets\tiled\tiled_1024_ov20_full_safe_no_ok_position\images\val\2025-08-11-19-48-33ps5_tile_0002.jpg,10,锡丝残留,"[583.0010375976562, 918.9995727539062, 650.0014038085938, 1013.9990844726562]",6365.002075016499,small,82.86457187745484,29.289360786741216,29.289360786741216,False,False,edge,False,FN,brightness_up_30,False,,,11,,,0.0,0.0,brightness beta=30
E:\TJGY\MinPaper\MyAutoAugument\outputs\datasets\tiled\tiled_1024_ov20_full_safe_no_ok_position\images\val\2025-08-11-19-48-33ps5_tile_0007.jpg,10,锡丝残留,"[583.0010375976562, 99.99923706054688, 650.0014038085938, 194.998779296875]",6365.004119705409,small,82.88578161822467,29.26549908145222,29.26549908145222,False,False,edge,False,FN,brightness_up_30,False,,,11,,,0.0,0.0,brightness beta=30
E:\TJGY\MinPaper\MyAutoAugument\outputs\datasets\tiled\tiled_1024_ov20_full_safe_no_ok_position\images\val\2025-08-11-19-48-33ps5_tile_0012.jpg,10,锡丝残留,"[583.0010375976562, 40.99942398071289, 650.0014038085938, 135.9989776611328]",6365.00488646375,small,82.8725844461901,29.26325957101295,29.26325957101295,False,False,edge,False,FN,brightness_up_30,False,,,11,,,0.0,0.0,brightness beta=30
E:\TJGY\MinPaper\MyAutoAugument\outputs\datasets\tiled\tiled_1024_ov20_full_safe_no_ok_position\images\val\2025-08-11-19-48-39ps5_tile_0002.jpg,11,锡尖,"[260.00177001953125, 969.9993896484375, 426.99981689453125, 1022.0001220703125]",8684.020750522614,small,131.6589129433441,28.84888457853096,28.84888457853096,False,False,edge,False,FN,brightness_up_30,False,,,,,,0.0,0.0,brightness beta=30
E:\TJGY\MinPaper\MyAutoAugument\outputs\datasets\tiled\tiled_1024_ov20_full_safe_no_ok_position\images\val\2025-08-12-01-35-13ps5_NGyuan_tile_0008.jpg,7,碰伤,"[284.9986572265625, 695.0006103515625, 294.9990234375, 707.0008544921875]",120.00683602690697,tiny,68.83333333333333,13.364338949441365,13.364338949441365,False,True,center,False,FN,brightness_up_30,False,,,1,,,0.0,0.0,brightness beta=30
E:\TJGY\MinPaper\MyAutoAugument\outputs\datasets\tiled\tiled_1024_ov20_full_safe_no_ok_position\images\val\2025-08-12-01-35-13ps5_NGyuan_tile_0009.jpg,7,碰伤,"[169.9983367919922, 695.0006103515625, 179.9987335205078, 707.0008544921875]",120.00720224529505,tiny,68.89166666666667,13.415038721110308,13.415038721110308,False,True,edge,False,FN,brightness_up_30,False,,,,,,0.0,0.0,brightness beta=30
E:\TJGY\MinPaper\MyAutoAugument\outputs\datasets\tiled\tiled_1024_ov20_full_safe_no_ok_position\images\val\2025-08-12-01-35-13ps5_NGyuan_tile_0013.jpg,7,碰伤,"[284.9986572265625, 635.999755859375, 294.9990234375, 648.0]",120.00683602690697,tiny,68.75,13.430841373495555,13.430841373495555,False,True,center,False,FN,brightness_up_30,False,,,1,,,0.0,0.0,brightness beta=30
E:\TJGY\MinPaper\MyAutoAugument\outputs\datasets\tiled\tiled_1024_ov20_full_safe_no_ok_position\images\val\2025-08-12-01-35-13ps5_NGyuan_tile_0014.jpg,7,碰伤,"[169.9983367919922, 635.999755859375, 179.9987335205078, 648.0]",120.00720224529505,tiny,68.825,13.406256313129825,13.406256313129825,False,True,edge,False,FN,brightness_up_30,False,,,,,,0.0,0.0,brightness beta=30
E:\TJGY\MinPaper\MyAutoAugument\outputs\datasets\tiled\tiled_1024_ov20_full_safe_no_ok_position\images\val\2025-08-21-05-20-58ps5_NGyuan_tile_0010.jpg,7,碰伤,"[778.0018920898438, 644.0003051757812, 802.0014038085938, 658.0014038085938]",336.0195307135582,tiny,98.25297619047619,9.744885261578911,9.744885261578911,False,True,center,False,FN,brightness_up_30,False,,,,,,0.0,0.0,brightness beta=30
E:\TJGY\MinPaper\MyAutoAugument\outputs\datasets\tiled\tiled_1024_ov20_full_safe_no_ok_position\images\val\2025-09-02-07-01-17ps5_NGyuan_tile_0007.jpg,11,锡尖,"[728.0009765625, 371.9992370605469, 780.0028076171875, 418.9997863769531]",2444.114625029266,small,91.18780687397708,32.5586892764388,32.5586892764388,False,False,center,False,FN,brightness_up_30,False,,,,,,0.0,0.0,brightness beta=30
E:\TJGY\MinPaper\MyAutoAugument\outputs\datasets\tiled\tiled_1024_ov20_full_safe_no_ok_position\images\val\2025-09-02-07-01-17ps5_NGyuan_tile_0012.jpg,11,锡尖,"[728.0009765625, 312.99945068359375, 780.0028076171875, 360.0]",2444.114625029266,small,91.1665302782324,32.57385679580332,32.57385679580332,False,False,center,False,FN,brightness_up_30,False,,,,,,0.0,0.0,brightness beta=30
E:\TJGY\MinPaper\MyAutoAugument\outputs\datasets\tiled\tiled_1024_ov20_full_safe_no_ok_position\images\val\2025-09-02-08-24-16ps5_NGyuan_tile_0001.jpg,7,碰伤,"[504.9999084472656, 779.999755859375, 529.9998168945312, 790.99853515625]",274.9684754535556,tiny,67.17090909090909,16.44328735908832,16.44328735908832,False,True,center,False,FN,brightness_up_30,False,,,,,,0.0,0.0,brightness beta=30
E:\TJGY\MinPaper\MyAutoAugument\outputs\datasets\tiled\tiled_1024_ov20_full_safe_no_ok_position\images\val\2025-09-02-15-04-54ps5_NGyuan_tile_0007.jpg,6,漏背锡,"[592.9998779296875, 346.0003662109375, 857.9998779296875, 424.99993896484375]",20934.886779785156,medium,93.02302364461428,40.044814221721936,40.044814221721936,False,False,center,False,FN,brightness_up_30,False,0.24413664638996124,0.505143940448761,6,0.25203555822372437,0.6360679864883423,-0.007898911833763123,-0.1309240460395813,brightness beta=30
E:\TJGY\MinPaper\MyAutoAugument\outputs\datasets\tiled\tiled_1024_ov20_full_safe_no_ok_position\images\val\2025-09-02-15-04-54ps5_NGyuan_tile_0012.jpg,6,漏背锡,"[592.9998779296875, 287.0005798339844, 857.9998779296875, 366.0001525878906]",20934.886779785156,medium,93.03625507523286,40.043653921247,40.043653921247,False,False,center,False,FN,brightness_up_30,False,0.258914589881897,0.7618156671524048,6,0.2679309844970703,0.768899142742157,-0.00901639461517334,-0.007083475589752197,brightness beta=30
E:\TJGY\MinPaper\MyAutoAugument\outputs\datasets\tiled\tiled_1024_ov20_full_safe_no_ok_position\images\val\2025-09-02-20-35-27ps5_NGyuan_tile_0007.jpg,6,漏背锡,"[495.9979248046875, 399.0010681152344, 710.9990234375, 448.0005187988281]",10534.935729376972,medium,142.15007119126722,62.38630949557069,62.38630949557069,False,False,center,False,FN,brightness_up_30,False,0.0,0.8741213083267212,6,0.0,0.8630314469337463,0.0,0.011089861392974854,brightness beta=30
E:\TJGY\MinPaper\MyAutoAugument\outputs\datasets\tiled\tiled_1024_ov20_full_safe_no_ok_position\images\val\2025-09-09-21-08-16ps5_tile_0005.jpg,7,碰伤,"[620.9991455078125, 429.00018310546875, 674.0003662109375, 473.9998779296875]",2385.0387569516897,small,83.34633123689727,8.341202081152689,8.341202081152689,False,True,center,False,FN,brightness_up_30,False,,,,,,0.0,0.0,brightness beta=30
E:\TJGY\MinPaper\MyAutoAugument\outputs\datasets\tiled\tiled_1024_ov20_full_safe_no_ok_position\images\val\2025-09-09-21-08-16ps5_tile_0010.jpg,7,碰伤,"[620.9991455078125, 370.0003662109375, 674.0003662109375, 415.00006103515625]",2385.0387569516897,small,83.31949685534592,8.310901718698924,8.310901718698924,False,True,center,False,FN,brightness_up_30,False,,,,,,0.0,0.0,brightness beta=30
E:\TJGY\MinPaper\MyAutoAugument\outputs\datasets\tiled\tiled_1024_ov20_full_safe_no_ok_position\images\val\2025-09-09-21-09-08ps5_tile_0002.jpg,7,碰伤,"[268.99969482421875, 636.000244140625, 350.0001220703125, 668.9996337890625]",2672.964660383761,small,71.33370744481856,13.990167208105312,13.990167208105312,False,True,center,False,FN,brightness_up_30,False,0.0,0.5915709137916565,7,,,0.0,0.5915709137916565,brightness beta=30
E:\TJGY\MinPaper\MyAutoAugument\outputs\datasets\tiled\tiled_1024_ov20_full_safe_no_ok_position\images\val\2025-09-09-21-09-08ps5_tile_0002.jpg,7,碰伤,"[896.0, 637.0001831054688, 967.99951171875, 685.9995727539062]",3527.932129204273,small,60.058956916099774,24.542952173817785,24.542952173817785,False,False,edge,False,FN,brightness_up_30,True,0.733898937702179,0.5915709137916565,7,,,0.733898937702179,0.5915709137916565,brightness beta=30
E:\TJGY\MinPaper\MyAutoAugument\outputs\datasets\tiled\tiled_1024_ov20_full_safe_no_ok_position\images\val\2025-09-09-21-09-08ps5_tile_0003.jpg,7,碰伤,"[77.00070190429688, 637.0001831054688, 149.0001983642578, 685.9995727539062]",3527.9313815329224,small,60.06235827664399,24.52822591520583,24.52822591520583,False,False,edge,False,FN,brightness_up_30,True,0.7599391341209412,0.3178618848323822,7,,,0.7599391341209412,0.3178618848323822,brightness beta=30
E:\TJGY\MinPaper\MyAutoAugument\outputs\datasets\tiled\tiled_1024_ov20_full_safe_no_ok_position\images\val\2025-09-09-21-09-08ps5_tile_0006.jpg,9,轮廓划伤,"[423.0005798339844, 792.00048828125, 472.9994201660156, 853.9996337890625]",3099.8853769674897,small,73.83129032258064,11.283484431491578,11.283484431491578,False,True,edge,False,FN,brightness_up_30,False,,,7,,,0.0,0.0,brightness beta=30
E:\TJGY\MinPaper\MyAutoAugument\outputs\datasets\tiled\tiled_1024_ov20_full_safe_no_ok_position\images\val\2025-09-09-21-09-08ps5_tile_0011.jpg,9,轮廓划伤,"[423.0005798339844, 733.0006713867188, 472.9994201660156, 794.9998168945312]",3099.8853769674897,small,73.80677419354839,11.264664388596808,11.264664388596808,False,True,center,False,FN,brightness_up_30,False,,,7,,,0.0,0.0,brightness beta=30
E:\TJGY\MinPaper\MyAutoAugument\outputs\datasets\tiled\tiled_1024_ov20_full_safe_no_ok_position\images\val\2025-09-15-17-40-22ps5_tile_0002.jpg,2,加强筋打伤,"[780.000244140625, 491.00030517578125, 825.0009765625, 563.0007934570312]",3240.074707388878,small,58.91203703703704,12.028771200385384,12.028771200385384,True,True,center,False,FN,brightness_up_30,False,,,0,,,0.0,0.0,brightness beta=30
E:\TJGY\MinPaper\MyAutoAugument\outputs\datasets\tiled\tiled_1024_ov20_full_safe_no_ok_position\images\val\2025-09-15-17-40-45ps5_tile_0003.jpg,9,轮廓划伤,"[614.99853515625, 768.9994506835938, 658.998779296875, 878.9995727539062]",4840.032226592302,small,43.10144628099174,5.880616532374243,5.880616532374243,True,True,edge,False,FN,brightness_up_30,False,0.0,0.8952155113220215,9,0.0,0.8685526251792908,0.0,0.026662886142730713,brightness beta=30
E:\TJGY\MinPaper\MyAutoAugument\outputs\datasets\tiled\tiled_1024_ov20_full_safe_no_ok_position\images\val\2025-09-15-17-40-45ps5_tile_0005.jpg,7,碰伤,"[658.001953125, 365.9991149902344, 696.00048828125, 410.0003967285156]",1671.9842510521412,small,80.13516746411483,19.512654649717266,19.512654649717266,False,True,center,False,FN,brightness_up_30,False,,,2,,,0.0,0.0,brightness beta=30
E:\TJGY\MinPaper\MyAutoAugument\outputs\datasets\tiled\tiled_1024_ov20_full_safe_no_ok_position\images\val\2025-09-15-17-40-45ps5_tile_0008.jpg,9,轮廓划伤,"[667.999755859375, 143.99948120117188, 736.00048828125, 280.0]",9248.134888075292,small,52.046820934256054,11.056431250044772,11.056431250044772,True,True,center,False,FN,brightness_up_30,False,0.0,0.30065494775772095,9,0.0,0.6813665628433228,0.0,-0.3807116150856018,brightness beta=30
E:\TJGY\MinPaper\MyAutoAugument\outputs\datasets\tiled\tiled_1024_ov20_full_safe_no_ok_position\images\val\2025-09-15-17-40-45ps5_tile_0009.jpg,9,轮廓划伤,"[552.9994506835938, 143.99948120117188, 621.0001831054688, 280.0]",9248.134888075292,small,52.04163062283737,11.041174963422284,11.041174963422284,True,True,center,False,FN,brightness_up_30,False,0.43849125504493713,0.3833761215209961,9,0.0,0.4902084767818451,0.43849125504493713,-0.106832355260849,brightness beta=30
E:\TJGY\MinPaper\MyAutoAugument\outputs\datasets\tiled\tiled_1024_ov20_full_safe_no_ok_position\images\val\2025-09-15-17-40-45ps5_tile_0013.jpg,9,轮廓划伤,"[588.0007934570312, 129.9998779296875, 647.0005493164062, 266.998779296875]",8082.901733666658,small,45.12247927749598,7.320491860402777,7.320491860402777,True,True,edge,False,FN,brightness_up_30,False,,,7,,,0.0,0.0,brightness beta=30
E:\TJGY\MinPaper\MyAutoAugument\outputs\datasets\tiled\tiled_1024_ov20_full_safe_no_ok_position\images\val\2025-09-15-17-40-45ps5_tile_0013.jpg,9,轮廓划伤,"[667.999755859375, 84.99967956542969, 736.00048828125, 221.0001983642578]",9248.134888075292,small,52.05590397923876,11.051302284552333,11.051302284552333,True,True,edge,False,FN,brightness_up_30,False,,,7,,,0.0,0.0,brightness beta=30
E:\TJGY\MinPaper\MyAutoAugument\outputs\datasets\tiled\tiled_1024_ov20_full_safe_no_ok_position\images\val\2025-09-17-00-42-01ps5_NGyuan_tile_0002.jpg,9,轮廓划伤,"[569.9998779296875, 440.9994201660156, 608.9989013671875, 531.9992065429688]",3548.902801722288,small,82.39165962242885,19.955258444015058,19.955258444015058,False,True,center,False,FN,brightness_up_30,False,,,,,,0.0,0.0,brightness beta=30
E:\TJGY\MinPaper\MyAutoAugument\outputs\datasets\tiled\tiled_1024_ov20_full_safe_no_ok_position\images\val\2025-09-17-00-42-01ps5_NGyuan_tile_0003.jpg,9,轮廓划伤,"[88.99993896484375, 451.99920654296875, 134.00064086914062, 546.998779296875]",4275.0474545340985,small,61.53426900584795,16.561533177541072,16.561533177541072,False,True,edge,False,FN,brightness_up_30,False,,,,,,0.0,0.0,brightness beta=30
E:\TJGY\MinPaper\MyAutoAugument\outputs\datasets\tiled\tiled_1024_ov20_full_safe_no_ok_position\images\val\2025-09-17-00-42-01ps5_NGyuan_tile_0007.jpg,9,轮廓划伤,"[825.9993286132812, 569.0009765625, 861.9990844726562, 658.0008544921875]",3203.9738769829273,small,82.04119850187266,27.04385951819281,27.04385951819281,False,False,edge,False,FN,brightness_up_30,False,,,4,,,0.0,0.0,brightness beta=30
E:\TJGY\MinPaper\MyAutoAugument\outputs\datasets\tiled\tiled_1024_ov20_full_safe_no_ok_position\images\val\2025-09-17-00-42-01ps5_NGyuan_tile_0007.jpg,9,轮廓划伤,"[464.9989318847656, 554.0003662109375, 508.9991760253906, 646.0006103515625]",4048.0332031846046,small,88.09510869565217,25.228170146891692,25.228170146891692,False,False,center,False,FN,brightness_up_30,False,,,4,,,0.0,0.0,brightness beta=30
E:\TJGY\MinPaper\MyAutoAugument\outputs\datasets\tiled\tiled_1024_ov20_full_safe_no_ok_position\images\val\2025-09-17-00-42-01ps5_NGyuan_tile_0008.jpg,9,轮廓划伤,"[6.999040603637695, 569.0009765625, 42.99878692626953, 658.0008544921875]",3203.97302821395,small,82.03558052434457,27.060123698453427,27.060123698453427,False,False,edge,False,FN,brightness_up_30,False,,,,,,0.0,0.0,brightness beta=30
E:\TJGY\MinPaper\MyAutoAugument\outputs\datasets\tiled\tiled_1024_ov20_full_safe_no_ok_position\images\val\2025-09-17-00-42-01ps5_NGyuan_tile_0012.jpg,9,轮廓划伤,"[825.9993286132812, 510.0011291503906, 861.9990844726562, 599.0010986328125]",3203.977172859013,small,82.05087390761548,27.03131251511788,27.03131251511788,False,False,edge,False,FN,brightness_up_30,False,,,4,,,0.0,0.0,brightness beta=30
E:\TJGY\MinPaper\MyAutoAugument\outputs\datasets\tiled\tiled_1024_ov20_full_safe_no_ok_position\images\val\2025-09-17-00-42-01ps5_NGyuan_tile_0012.jpg,9,轮廓划伤,"[464.9989318847656, 495.0006103515625, 508.9991760253906, 587.0008544921875]",4048.0332031846046,small,88.0909090909091,25.217132883679668,25.217132883679668,False,False,center,False,FN,brightness_up_30,False,,,4,,,0.0,0.0,brightness beta=30
E:\TJGY\MinPaper\MyAutoAugument\outputs\datasets\tiled\tiled_1024_ov20_full_safe_no_ok_position\images\val\2025-09-17-00-42-01ps5_NGyuan_tile_0013.jpg,9,轮廓划伤,"[6.999040603637695, 510.0011291503906, 42.99878692626953, 599.0010986328125]",3203.9763240891625,small,82.05149812734082,27.05617049169587,27.05617049169587,False,False,edge,False,FN,brightness_up_30,False,,,,,,0.0,0.0,brightness beta=30
E:\TJGY\MinPaper\MyAutoAugument\outputs\datasets\tiled\tiled_1024_ov20_full_safe_no_ok_position\images\val\2025-09-17-01-04-57ps5_NGyuan_tile_0007.jpg,7,碰伤,"[943.9984741210938, 549.001220703125, 1022.9990844726562, 661.000244140625]",8847.991210341454,small,70.38438065099457,27.789816997064424,27.789816997064424,False,False,edge,False,FN,brightness_up_30,False,,,0,,,0.0,0.0,brightness beta=30
E:\TJGY\MinPaper\MyAutoAugument\outputs\datasets\tiled\tiled_1024_ov20_full_safe_no_ok_position\images\val\2025-09-17-01-04-57ps5_NGyuan_tile_0009.jpg,7,碰伤,"[9.997825622558594, 549.001220703125, 88.99839782714844, 661.000244140625]",8847.986937917769,small,70.39500452079567,27.785352623891168,27.785352623891168,False,False,edge,False,FN,brightness_up_30,False,,,,,,0.0,0.0,brightness beta=30
E:\TJGY\MinPaper\MyAutoAugument\outputs\datasets\tiled\tiled_1024_ov20_full_safe_no_ok_position\images\val\2025-09-17-01-04-57ps5_NGyuan_tile_0012.jpg,7,碰伤,"[943.9984741210938, 490.0014343261719, 1022.9990844726562, 602.0004272460938]",8847.988799434155,small,70.38381555153707,27.781154746340547,27.781154746340547,False,False,edge,False,FN,brightness_up_30,False,,,1,,,0.0,0.0,brightness beta=30
E:\TJGY\MinPaper\MyAutoAugument\outputs\datasets\tiled\tiled_1024_ov20_full_safe_no_ok_position\images\val\2025-09-17-01-04-57ps5_NGyuan_tile_0014.jpg,7,碰伤,"[9.997825622558594, 490.0014343261719, 88.99839782714844, 602.0004272460938]",8847.984527011635,small,70.39602169981917,27.783863597371752,27.783863597371752,False,False,edge,False,FN,brightness_up_30,False,,,,,,0.0,0.0,brightness beta=30
E:\TJGY\MinPaper\MyAutoAugument\outputs\datasets\tiled\tiled_1024_ov20_full_safe_no_ok_position\images\val\2025-09-23-01-12-21ps5_NGyuan_tile_0000.jpg,8,脏污,"[867.0013427734375, 503.0005798339844, 929.9998779296875, 558.0006713867188]",3464.925201281905,small,96.83174603174604,20.809539021020875,20.809539021020875,False,False,edge,False,FN,brightness_up_30,False,,,7,,,0.0,0.0,brightness beta=30
E:\TJGY\MinPaper\MyAutoAugument\outputs\datasets\tiled\tiled_1024_ov20_full_safe_no_ok_position\images\val\2025-09-23-01-12-21ps5_NGyuan_tile_0001.jpg,8,脏污,"[48.00102615356445, 503.0005798339844, 110.99955749511719, 558.0006713867188]",3464.9249914732063,small,96.83376623376624,20.802404743265633,20.802404743265633,False,False,edge,False,FN,brightness_up_30,False,,,7,,,0.0,0.0,brightness beta=30
E:\TJGY\MinPaper\MyAutoAugument\outputs\datasets\tiled\tiled_1024_ov20_full_safe_no_ok_position\images\val\2025-09-23-12-23-50ps5_NGyuan_tile_0007.jpg,1,OK3,"[535.99951171875, 675.0003051757812, 712.9979248046875, 710.0006713867188]",6195.009276762605,small,68.44229217110573,12.546360320682469,12.546360320682469,False,True,center,False,FN,brightness_up_30,False,,,0,,,0.0,0.0,brightness beta=30
E:\TJGY\MinPaper\MyAutoAugument\outputs\datasets\tiled\tiled_1024_ov20_full_safe_no_ok_position\images\val\2025-10-11-06-43-38ps5_tile_0004.jpg,7,碰伤,"[785.0004272460938, 780.9996948242188, 939.9992065429688, 1000.9999389648438]",34099.76928681135,medium,53.30431085043988,18.205265879869607,18.205265879869607,True,True,corner,False,FN,brightness_up_30,False,,,,,,0.0,0.0,brightness beta=30
E:\TJGY\MinPaper\MyAutoAugument\outputs\datasets\tiled\tiled_1024_ov20_full_safe_no_ok_position\images\val\2025-10-11-06-43-38ps5_tile_0009.jpg,7,碰伤,"[833.00146484375, 496.00048828125, 952.00048828125, 672.00048828125]",20943.828125,medium,53.00940603514133,15.966843311164997,15.966843311164997,True,True,edge,False,FN,brightness_up_30,False,,,,,,0.0,0.0,brightness beta=30
E:\TJGY\MinPaper\MyAutoAugument\outputs\datasets\tiled\tiled_1024_ov20_full_safe_no_ok_position\images\val\2025-10-11-06-43-38ps5_tile_0012.jpg,1,OK3,"[825.0009765625, 564.000732421875, 944.9993896484375, 625.9998779296875]",7439.799073621631,small,60.81760752688172,12.480530501060455,12.480530501060455,False,True,edge,False,FN,brightness_up_30,False,,,0,,,0.0,0.0,brightness beta=30
E:\TJGY\MinPaper\MyAutoAugument\outputs\datasets\tiled\tiled_1024_ov20_full_safe_no_ok_position\images\val\2025-10-11-06-43-38ps5_tile_0013.jpg,1,OK3,"[6.001659393310547, 564.000732421875, 126.0001220703125, 625.9998779296875]",7439.802148225252,small,60.82231182795699,12.474237409818958,12.474237409818958,False,True,edge,False,FN,brightness_up_30,False,,,0,,,0.0,0.0,brightness beta=30
E:\TJGY\MinPaper\MyAutoAugument\outputs\datasets\tiled\tiled_1024_ov20_full_safe_no_ok_position\images\val\2025-10-11-06-43-38ps5_tile_0014.jpg,7,碰伤,"[833.00146484375, 437.000732421875, 952.00048828125, 613.000732421875]",20943.828125,medium,53.00868983957219,15.957455759330232,15.957455759330232,True,True,edge,False,FN,brightness_up_30,False,,,,,,0.0,0.0,brightness beta=30
E:\TJGY\MinPaper\MyAutoAugument\outputs\datasets\tiled\tiled_1024_ov20_full_safe_no_ok_position\images\val\2025-10-17-13-38-05ps5_NGyuan_tile_0002.jpg,8,脏污,"[97.9993667602539, 625.00146484375, 315.999755859375, 758.0006103515625]",28993.86547055375,medium,92.81903152376354,27.81747796575795,27.81747796575795,False,False,center,False,FN,brightness_up_30,False,,,,,,0.0,0.0,brightness beta=30
E:\TJGY\MinPaper\MyAutoAugument\outputs\datasets\tiled\tiled_1024_ov20_full_safe_no_ok_position\images\val\2025-10-17-15-21-16ps5_NGyuan_tile_0001.jpg,7,碰伤,"[370.9992980957031, 653.0001831054688, 397.9980773925781, 676.9996948242188]",647.9575201272964,tiny,76.18672839506173,7.7350419033912425,7.7350419033912425,False,True,center,False,FN,brightness_up_30,False,0.0,0.49210092425346375,7,0.0,0.711706280708313,0.0,-0.21960535645484924,brightness beta=30
E:\TJGY\MinPaper\MyAutoAugument\outputs\datasets\tiled\tiled_1024_ov20_full_safe_no_ok_position\images\val\2025-10-17-15-21-16ps5_NGyuan_tile_0005.jpg,7,碰伤,"[891.9987182617188, 703.99951171875, 935.9989624023438, 729.9998779296875]",1144.022461026907,small,82.23076923076923,6.091169014871003,6.091169014871003,False,True,edge,False,FN,brightness_up_30,False,,,,,,0.0,0.0,brightness beta=30
E:\TJGY\MinPaper\MyAutoAugument\outputs\datasets\tiled\tiled_1024_ov20_full_safe_no_ok_position\images\val\2025-10-17-15-21-16ps5_NGyuan_tile_0010.jpg,7,碰伤,"[891.9987182617188, 644.9996948242188, 935.9989624023438, 671.0000610351562]",1144.022461026907,small,82.25961538461539,6.116146679218979,6.116146679218979,False,True,edge,False,FN,brightness_up_30,False,,,,,,0.0,0.0,brightness beta=30
E:\TJGY\MinPaper\MyAutoAugument\outputs\datasets\tiled\tiled_1024_ov20_full_safe_no_ok_position\images\val\2025-10-17-15-21-16ps5_NGyuan_tile_0011.jpg,7,碰伤,"[72.99839782714844, 644.9996948242188, 116.9986572265625, 671.0000610351562]",1144.0228577610105,small,82.26923076923077,6.0766575138929095,6.0766575138929095,False,True,edge,False,FN,brightness_up_30,False,,,,,,0.0,0.0,brightness beta=30
E:\TJGY\MinPaper\MyAutoAugument\outputs\datasets\tiled\tiled_1024_ov20_full_safe_no_ok_position\images\val\2025-10-22-13-52-23ps5_NGyuan_tile_0007.jpg,12,锡膏,"[213.9990997314453, 268.9996643066406, 273.9983215332031, 304.9994201660156]",2159.957336615771,small,210.7685185185185,35.23007881570474,35.23007881570474,False,False,center,False,FN,brightness_up_30,False,,,0,,,0.0,0.0,brightness beta=30
E:\TJGY\MinPaper\MyAutoAugument\outputs\datasets\tiled\tiled_1024_ov20_full_safe_no_ok_position\images\val\2025-10-22-13-52-23ps5_NGyuan_tile_0012.jpg,12,锡膏,"[213.9990997314453, 209.99986267089844, 273.9983215332031, 245.99961853027344]",2159.957336615771,small,210.7699074074074,35.20862849305262,35.20862849305262,False,False,center,False,FN,brightness_up_30,False,,,0,,,0.0,0.0,brightness beta=30
E:\TJGY\MinPaper\MyAutoAugument\outputs\datasets\tiled\tiled_1024_ov20_full_safe_no_ok_position\images\val\2025-10-31-03-46-08ps5_NGyuan_tile_0006.jpg,5,浅划伤,"[213.99911499023438, 679.99951171875, 291.0008239746094, 736.0]",4312.133301615715,small,87.8409090909091,9.498692220750025,9.498692220750025,False,True,center,False,FN,brightness_up_30,False,,,7,,,0.0,0.0,brightness beta=30
E:\TJGY\MinPaper\MyAutoAugument\outputs\datasets\tiled\tiled_1024_ov20_full_safe_no_ok_position\images\val\2025-10-31-03-46-08ps5_NGyuan_tile_0011.jpg,5,浅划伤,"[213.99911499023438, 620.9996948242188, 291.0008239746094, 677.0001831054688]",4312.133301615715,small,87.8471706864564,9.498318929995587,9.498318929995587,False,True,center,False,FN,brightness_up_30,False,,,7,,,0.0,0.0,brightness beta=30
E:\TJGY\MinPaper\MyAutoAugument\outputs\datasets\tiled\tiled_1024_ov20_full_safe_no_ok_position\images\val\2025-11-01-14-42-20ps5_NGyuan_tile_0003.jpg,7,碰伤,"[500.000244140625, 899.999755859375, 605.9996337890625, 977.00048828125]",8162.030639201403,small,50.66172506738545,18.150312464313096,18.150312464313096,True,True,edge,False,FN,brightness_up_30,False,0.0,0.3760380148887634,7,0.0,0.7693948745727539,0.0,-0.3933568596839905,brightness beta=30
E:\TJGY\MinPaper\MyAutoAugument\outputs\datasets\tiled\tiled_1024_ov20_full_safe_no_ok_position\images\val\2025-11-01-14-42-20ps5_NGyuan_tile_0004.jpg,7,碰伤,"[384.99993896484375, 899.999755859375, 490.999267578125, 977.00048828125]",8162.025939449668,small,50.65645675079637,18.16103435712057,18.16103435712057,True,True,edge,False,FN,brightness_up_30,False,,,,,,0.0,0.0,brightness beta=30
E:\TJGY\MinPaper\MyAutoAugument\outputs\datasets\tiled\tiled_1024_ov20_full_safe_no_ok_position\images\val\2025-11-01-14-42-20ps5_NGyuan_tile_0005.jpg,7,碰伤,"[372.0007629394531, 847.9994506835938, 434.9992980957031, 944.9999389648438]",6110.888671159744,small,73.78972344951727,10.3877121956301,10.3877121956301,False,True,edge,False,FN,brightness_up_30,False,,,,,,0.0,0.0,brightness beta=30
E:\TJGY\MinPaper\MyAutoAugument\outputs\datasets\tiled\tiled_1024_ov20_full_safe_no_ok_position\images\val\2025-11-01-14-42-20ps5_NGyuan_tile_0008.jpg,7,碰伤,"[594.0014038085938, 581.9996337890625, 643.0007934570312, 670.99951171875]",4360.939697340131,small,61.634716808071545,8.350099978877372,8.350099978877372,False,True,center,False,FN,brightness_up_30,False,,,9,,,0.0,0.0,brightness beta=30
E:\TJGY\MinPaper\MyAutoAugument\outputs\datasets\tiled\tiled_1024_ov20_full_safe_no_ok_position\images\val\2025-11-01-14-42-20ps5_NGyuan_tile_0008.jpg,7,碰伤,"[342.998046875, 683.0003051757812, 490.998779296875, 816.9999389648438]",19832.04394504428,medium,46.13816054860831,9.892181567104181,9.892181567104181,True,True,center,False,FN,brightness_up_30,False,,,9,,,0.0,0.0,brightness beta=30
E:\TJGY\MinPaper\MyAutoAugument\outputs\datasets\tiled\tiled_1024_ov20_full_safe_no_ok_position\images\val\2025-11-01-14-42-20ps5_NGyuan_tile_0008.jpg,7,碰伤,"[500.000244140625, 80.99942779541016, 605.9996337890625, 158.0001220703125]",8162.026595645584,small,50.6691987258025,18.166714261311874,18.166714261311874,True,True,edge,False,FN,brightness_up_30,False,,,9,,,0.0,0.0,brightness beta=30
E:\TJGY\MinPaper\MyAutoAugument\outputs\datasets\tiled\tiled_1024_ov20_full_safe_no_ok_position\images\val\2025-11-01-14-42-20ps5_NGyuan_tile_0009.jpg,7,碰伤,"[479.0010681152344, 581.9996337890625, 528.00048828125, 670.99951171875]",4360.942413400859,small,61.649163036000914,8.381732074677439,8.381732074677439,False,True,center,False,FN,brightness_up_30,False,,,9,0.0,0.36237359046936035,0.0,-0.36237359046936035,brightness beta=30
E:\TJGY\MinPaper\MyAutoAugument\outputs\datasets\tiled\tiled_1024_ov20_full_safe_no_ok_position\images\val\2025-11-01-14-42-20ps5_NGyuan_tile_0009.jpg,7,碰伤,"[384.99993896484375, 80.99942779541016, 490.999267578125, 158.0001220703125]",8162.021895896178,small,50.65853957363392,18.18350789983095,18.18350789983095,True,True,edge,False,FN,brightness_up_30,False,,,9,0.0,0.36237359046936035,0.0,-0.36237359046936035,brightness beta=30
E:\TJGY\MinPaper\MyAutoAugument\outputs\datasets\tiled\tiled_1024_ov20_full_safe_no_ok_position\images\val\2025-11-01-14-42-20ps5_NGyuan_tile_0010.jpg,7,碰伤,"[372.0007629394531, 788.9986572265625, 434.9992980957031, 885.9991455078125]",6110.888671159744,small,73.77974144984454,10.409780498474799,10.409780498474799,False,True,edge,False,FN,brightness_up_30,False,,,,,,0.0,0.0,brightness beta=30
E:\TJGY\MinPaper\MyAutoAugument\outputs\datasets\tiled\tiled_1024_ov20_full_safe_no_ok_position\images\val\2025-11-01-14-42-20ps5_NGyuan_tile_0013.jpg,7,碰伤,"[594.0014038085938, 522.998779296875, 643.0007934570312, 611.998779296875]",4360.9456787109375,small,61.65099747764274,8.370885904884908,8.370885904884908,False,True,center,False,FN,brightness_up_30,False,,,9,0.0,0.5604667067527771,0.0,-0.5604667067527771,brightness beta=30
E:\TJGY\MinPaper\MyAutoAugument\outputs\datasets\tiled\tiled_1024_ov20_full_safe_no_ok_position\images\val\2025-11-01-14-42-20ps5_NGyuan_tile_0013.jpg,7,碰伤,"[500.000244140625, 21.999618530273438, 605.9996337890625, 99.00032043457031]",8162.027404356748,small,50.657926978681694,18.16755758235728,18.16755758235728,True,True,edge,False,FN,brightness_up_30,False,,,9,0.0,0.5604667067527771,0.0,-0.5604667067527771,brightness beta=30
E:\TJGY\MinPaper\MyAutoAugument\outputs\datasets\tiled\tiled_1024_ov20_full_safe_no_ok_position\images\val\2025-11-01-14-42-20ps5_NGyuan_tile_0014.jpg,7,碰伤,"[384.99993896484375, 21.999618530273438, 490.999267578125, 99.00032043457031]",8162.022704606876,small,50.65290370007351,18.163884330448102,18.163884330448102,True,True,edge,False,FN,brightness_up_30,False,0.0,0.5063544511795044,7,0.0,0.48193860054016113,0.0,0.02441585063934326,brightness beta=30
E:\TJGY\MinPaper\MyAutoAugument\outputs\datasets\tiled\tiled_1024_ov20_full_safe_no_ok_position\images\val\2025-11-12-16-33-42ps5_NGyuan_tile_0006.jpg,7,碰伤,"[650.998291015625, 6.000639915466309, 692.000244140625, 24.999935150146484]",779.0082126203924,tiny,77.55198973042361,16.23695860274999,16.23695860274999,False,True,edge,False,FN,brightness_up_30,False,,,,,,0.0,0.0,brightness beta=30
E:\TJGY\MinPaper\MyAutoAugument\outputs\datasets\tiled\tiled_1024_ov20_full_safe_no_ok_position\images\val\2229344f-2025-05-09-18-28-13ps5_tile_0002.jpg,10,锡丝残留,"[425.9978332519531, 917.0001831054688, 709.9991455078125, 974.9995727539062]",16471.902770195156,medium,51.756313744536186,28.19032209028167,28.19032209028167,True,False,edge,False,FN,brightness_up_30,False,,,,,,0.0,0.0,brightness beta=30
E:\TJGY\MinPaper\MyAutoAugument\outputs\datasets\tiled\tiled_1024_ov20_full_safe_no_ok_position\images\val\2229344f-2025-05-09-18-28-13ps5_tile_0007.jpg,10,锡丝残留,"[425.9978332519531, 97.99987030029297, 709.9991455078125, 155.99923706054688]",16471.89626992098,medium,51.75728508984944,28.200555790248156,28.200555790248156,True,False,edge,False,FN,brightness_up_30,False,,,12,,,0.0,0.0,brightness beta=30
E:\TJGY\MinPaper\MyAutoAugument\outputs\datasets\tiled\tiled_1024_ov20_full_safe_no_ok_position\images\val\a91db891-2025-04-13-11-39-07ps5_tile_0002.jpg,7,碰伤,"[374.00115966796875, 808.00048828125, 396.00177001953125, 816.0]",175.99414032697678,tiny,29.619318181818183,9.131456096604467,9.131456096604467,True,True,center,False,FN,brightness_up_30,False,0.0,0.4836243689060211,7,0.0,0.6018717288970947,0.0,-0.11824735999107361,brightness beta=30
E:\TJGY\MinPaper\MyAutoAugument\outputs\datasets\tiled\tiled_1024_ov20_full_safe_no_ok_position\images\val\a91db891-2025-04-13-11-39-07ps5_tile_0004.jpg,7,碰伤,"[334.0006408691406, 957.9996337890625, 346.0008850097656, 973.9996337890625]",192.00390625,tiny,33.760416666666664,13.989761726338381,13.989761726338381,True,True,edge,False,FN,brightness_up_30,False,,,,,,0.0,0.0,brightness beta=30
E:\TJGY\MinPaper\MyAutoAugument\outputs\datasets\tiled\tiled_1024_ov20_full_safe_no_ok_position\images\val\a91db891-2025-04-13-11-39-07ps5_tile_0006.jpg,7,碰伤,"[373.99859619140625, 880.9999389648438, 439.00006103515625, 896.9999389648438]",1040.0234375,tiny,39.90480769230769,16.103558372940746,16.103558372940746,True,True,edge,False,FN,brightness_up_30,False,,,,0.0,0.2767678499221802,0.0,-0.2767678499221802,brightness beta=30
E:\TJGY\MinPaper\MyAutoAugument\outputs\datasets\tiled\tiled_1024_ov20_full_safe_no_ok_position\images\val\a91db891-2025-04-13-11-39-07ps5_tile_0009.jpg,7,碰伤,"[334.0006408691406, 138.99929809570312, 346.0008850097656, 154.99929809570312]",192.00390625,tiny,33.739583333333336,13.970388917029316,13.970388917029316,True,True,edge,False,FN,brightness_up_30,False,,,,,,0.0,0.0,brightness beta=30
E:\TJGY\MinPaper\MyAutoAugument\outputs\datasets\tiled\tiled_1024_ov20_full_safe_no_ok_position\images\val\a91db891-2025-04-13-11-39-07ps5_tile_0014.jpg,7,碰伤,"[334.0006408691406, 79.9994888305664, 346.0008850097656, 95.9994888305664]",192.00390625,tiny,33.786458333333336,13.92319796682012,13.92319796682012,True,True,edge,False,FN,brightness_up_30,False,,,,,,0.0,0.0,brightness beta=30
E:\TJGY\MinPaper\MyAutoAugument\outputs\datasets\tiled\tiled_1024_ov20_full_safe_no_ok_position\images\val\ce0d1787-2025-04-25-11-20-04ps5_NGyuan_tile_0007.jpg,12,锡膏,"[463.99896240234375, 184.99891662597656, 601.9993286132812, 294.9990539550781]",15180.059234669432,medium,116.9655467720685,31.009908507174064,31.009908507174064,False,False,center,False,FN,brightness_up_30,False,,,,,,0.0,0.0,brightness beta=30
E:\TJGY\MinPaper\MyAutoAugument\outputs\datasets\tiled\tiled_1024_ov20_full_safe_no_ok_position\images\val\ce0d1787-2025-04-25-11-20-04ps5_NGyuan_tile_0012.jpg,12,锡膏,"[463.99896240234375, 125.99909973144531, 601.9993286132812, 235.9992218017578]",15180.057128950953,medium,116.96752305665349,31.00227688190202,31.00227688190202,False,False,edge,False,FN,brightness_up_30,False,,,,,,0.0,0.0,brightness beta=30
E:\TJGY\MinPaper\MyAutoAugument\outputs\datasets\tiled\tiled_1024_ov20_full_safe_no_ok_position\images\val\105acebc-2025-05-09-18-24-19ps5_tile_0000.jpg,7,碰伤,"[912.9993896484375, 569.9989013671875, 931.0013427734375, 578.998779296875]",162.01538062095642,tiny,33.98765432098765,11.577429966155993,11.577429966155993,True,True,edge,False,FN,sharpen_mild,False,0.3023803234100342,0.9289369583129883,7,0.3009812533855438,0.9500972628593445,0.0013990700244903564,-0.0211603045463562,mild unsharp mask
E:\TJGY\MinPaper\MyAutoAugument\outputs\datasets\tiled\tiled_1024_ov20_full_safe_no_ok_position\images\val\13d91ebd-2025-04-13-11-32-17ps5_tile_0010.jpg,7,碰伤,"[525.0022583007812, 711.0015869140625, 550.0011596679688, 735.0010986328125]",599.9614263176918,tiny,31.981666666666666,9.476884010873803,9.476884010873803,True,True,center,False,FN,sharpen_mild,False,0.0,0.8222135305404663,7,0.0,0.837761402130127,0.0,-0.015547871589660645,mild unsharp mask
E:\TJGY\MinPaper\MyAutoAugument\outputs\datasets\tiled\tiled_1024_ov20_full_safe_no_ok_position\images\val\182e7d02-2025-04-22-16-40-10ps5_NGyuan_tile_0001.jpg,7,碰伤,"[494.002197265625, 576.0, 531.0013427734375, 586.0003662109375]",370.0050045698881,tiny,40.229729729729726,15.822279277922496,15.822279277922496,True,True,center,False,FN,sharpen_mild,False,0.0,0.8886237144470215,7,0.0,0.8648220896720886,0.0,0.02380162477493286,mild unsharp mask
E:\TJGY\MinPaper\MyAutoAugument\outputs\datasets\tiled\tiled_1024_ov20_full_safe_no_ok_position\images\val\182e7d02-2025-04-22-16-40-10ps5_NGyuan_tile_0007.jpg,12,锡膏,"[311.99896240234375, 112.99890899658203, 425.9998779296875, 240.99993896484375]",14592.2346048248,medium,80.68414199561404,25.61158079643109,25.61158079643109,False,False,edge,False,FN,sharpen_mild,False,,,1,,,0.0,0.0,mild unsharp mask
E:\TJGY\MinPaper\MyAutoAugument\outputs\datasets\tiled\tiled_1024_ov20_full_safe_no_ok_position\images\val\2025-05-10-15-39-23ps5_tile_0007.jpg,4,油污,"[15.00006103515625, 628.000244140625, 304.99993896484375, 725.000732421875]",28130.129760682583,medium,54.22619978670458,15.326970402266443,15.326970402266443,True,True,edge,False,FN,sharpen_mild,False,0.21471017599105835,0.6036612391471863,4,0.1353103369474411,0.5343640446662903,0.07939983904361725,0.069297194480896,mild unsharp mask
E:\TJGY\MinPaper\MyAutoAugument\outputs\datasets\tiled\tiled_1024_ov20_full_safe_no_ok_position\images\val\2025-05-10-15-39-23ps5_tile_0012.jpg,4,油污,"[15.00006103515625, 569.0004272460938, 304.99993896484375, 666.0009155273438]",28130.129760682583,medium,54.22321365090651,15.3365902471285,15.3365902471285,True,True,edge,False,FN,sharpen_mild,False,0.4352761507034302,0.7310150861740112,4,0.14986126124858856,0.9171929359436035,0.2854148894548416,-0.18617784976959229,mild unsharp mask
E:\TJGY\MinPaper\MyAutoAugument\outputs\datasets\tiled\tiled_1024_ov20_full_safe_no_ok_position\images\val\2025-05-10-15-40-40ps5_tile_0005.jpg,4,油污,"[359.9989929199219, 440.0005187988281, 402.0003967285156, 532.0007934570312]",3864.140686420724,small,34.52329192546584,26.149523784041858,26.149523784041858,True,False,center,False,FN,sharpen_mild,False,,,,,,0.0,0.0,mild unsharp mask
E:\TJGY\MinPaper\MyAutoAugument\outputs\datasets\tiled\tiled_1024_ov20_full_safe_no_ok_position\images\val\2025-05-10-15-40-40ps5_tile_0006.jpg,4,油污,"[66.00038146972656, 801.9993286132812, 299.999755859375, 866.9998168945312]",15210.073592834175,medium,28.58500986193294,14.81777230950077,14.81777230950077,True,True,corner,False,FN,sharpen_mild,False,,,,,,0.0,0.0,mild unsharp mask
E:\TJGY\MinPaper\MyAutoAugument\outputs\datasets\tiled\tiled_1024_ov20_full_safe_no_ok_position\images\val\2025-05-10-15-40-40ps5_tile_0007.jpg,6,漏背锡,"[551.99951171875, 300.00128173828125, 830.99853515625, 412.000244140625]",31247.601136267185,medium,87.3754160266257,51.00135128257115,51.00135128257115,False,False,center,False,FN,sharpen_mild,False,,,,,,0.0,0.0,mild unsharp mask
E:\TJGY\MinPaper\MyAutoAugument\outputs\datasets\tiled\tiled_1024_ov20_full_safe_no_ok_position\images\val\2025-05-10-15-40-40ps5_tile_0010.jpg,4,油污,"[359.9989929199219, 380.99969482421875, 402.0003967285156, 472.99993896484375]",3864.1394046396017,small,34.53933747412008,26.137962230065977,26.137962230065977,True,False,center,False,FN,sharpen_mild,False,,,,,,0.0,0.0,mild unsharp mask
E:\TJGY\MinPaper\MyAutoAugument\outputs\datasets\tiled\tiled_1024_ov20_full_safe_no_ok_position\images\val\2025-05-10-15-40-40ps5_tile_0010.jpg,4,油污,"[357.00018310546875, 160.0, 403.999755859375, 267.9992370605469]",5075.917999593541,small,44.630220646178095,27.09347754794195,27.09347754794195,True,False,center,False,FN,sharpen_mild,False,,,,,,0.0,0.0,mild unsharp mask
E:\TJGY\MinPaper\MyAutoAugument\outputs\datasets\tiled\tiled_1024_ov20_full_safe_no_ok_position\images\val\2025-05-10-15-40-40ps5_tile_0012.jpg,6,漏背锡,"[551.99951171875, 241.00146484375, 830.99853515625, 353.00042724609375]",31247.601136267185,medium,87.37426395289299,51.00970071261489,51.00970071261489,False,False,center,False,FN,sharpen_mild,False,,,,,,0.0,0.0,mild unsharp mask
E:\TJGY\MinPaper\MyAutoAugument\outputs\datasets\tiled\tiled_1024_ov20_full_safe_no_ok_position\images\val\2025-05-16-16-13-18ps5_tile_0006.jpg,3,开裂,"[632.9978637695312, 607.0006103515625, 825.9993286132812, 713.0009765625]",20458.22595268488,medium,54.9853358099521,35.48760494371061,35.48760494371061,True,False,center,False,FN,sharpen_mild,False,,,8,,,0.0,0.0,mild unsharp mask
E:\TJGY\MinPaper\MyAutoAugument\outputs\datasets\tiled\tiled_1024_ov20_full_safe_no_ok_position\images\val\2025-05-16-16-13-18ps5_tile_0006.jpg,7,碰伤,"[877.9985961914062, 616.00048828125, 898.9998168945312, 624.0]",167.99951112270355,tiny,36.892857142857146,13.2718982181497,13.2718982181497,True,True,edge,False,FN,sharpen_mild,False,,,8,,,0.0,0.0,mild unsharp mask
E:\TJGY\MinPaper\MyAutoAugument\outputs\datasets\tiled\tiled_1024_ov20_full_safe_no_ok_position\images\val\2025-05-16-16-13-18ps5_tile_0007.jpg,7,碰伤,"[234.0009002685547, 616.0005493164062, 269.00018310546875, 626.0009155273438]",350.00564548932016,tiny,35.331428571428575,10.488572596022816,10.488572596022816,True,True,center,False,FN,sharpen_mild,False,,,,,,0.0,0.0,mild unsharp mask
E:\TJGY\MinPaper\MyAutoAugument\outputs\datasets\tiled\tiled_1024_ov20_full_safe_no_ok_position\images\val\2025-05-16-16-13-18ps5_tile_0011.jpg,3,开裂,"[632.9978637695312, 548.0007934570312, 825.9993286132812, 654.0011596679688]",20458.22595268488,medium,54.97976341773389,35.4759722846913,35.4759722846913,True,False,center,False,FN,sharpen_mild,False,,,8,,,0.0,0.0,mild unsharp mask
E:\TJGY\MinPaper\MyAutoAugument\outputs\datasets\tiled\tiled_1024_ov20_full_safe_no_ok_position\images\val\2025-05-16-16-13-18ps5_tile_0012.jpg,7,碰伤,"[234.0009002685547, 557.000732421875, 269.00018310546875, 567.0010986328125]",350.00564548932016,tiny,35.25714285714286,10.521658905441146,10.521658905441146,True,True,center,False,FN,sharpen_mild,False,0.0,0.5279813408851624,7,0.0,0.7078184485435486,0.0,-0.17983710765838623,mild unsharp mask
E:\TJGY\MinPaper\MyAutoAugument\outputs\datasets\tiled\tiled_1024_ov20_full_safe_no_ok_position\images\val\2025-05-16-16-19-14ps5_tile_0008.jpg,9,轮廓划伤,"[520.9989624023438, 608.0, 567.9984741210938, 710.0006103515625]",4793.978881537914,small,38.24238631622862,9.342376873848142,9.342376873848142,True,True,center,False,FN,sharpen_mild,False,0.0,0.8539227247238159,9,0.0,0.9271972179412842,0.0,-0.07327449321746826,mild unsharp mask
E:\TJGY\MinPaper\MyAutoAugument\outputs\datasets\tiled\tiled_1024_ov20_full_safe_no_ok_position\images\val\2025-05-16-16-19-14ps5_tile_0009.jpg,9,轮廓划伤,"[405.99859619140625, 608.0, 452.9981689453125, 710.0006103515625]",4793.985107161105,small,38.23091364205256,9.312466003703815,9.312466003703815,True,True,center,False,FN,sharpen_mild,False,,,1,0.0,0.6587848663330078,0.0,-0.6587848663330078,mild unsharp mask
E:\TJGY\MinPaper\MyAutoAugument\outputs\datasets\tiled\tiled_1024_ov20_full_safe_no_ok_position\images\val\2025-05-16-16-19-14ps5_tile_0013.jpg,9,轮廓划伤,"[520.9989624023438, 549.0001831054688, 567.9984741210938, 651.0007934570312]",4793.978881537914,small,38.23967459324155,9.34134155542688,9.34134155542688,True,True,center,False,FN,sharpen_mild,False,,,1,0.0,0.7647011280059814,0.0,-0.7647011280059814,mild unsharp mask
E:\TJGY\MinPaper\MyAutoAugument\outputs\datasets\tiled\tiled_1024_ov20_full_safe_no_ok_position\images\val\2025-05-16-16-19-14ps5_tile_0014.jpg,9,轮廓划伤,"[405.99859619140625, 549.0001831054688, 452.9981689453125, 651.0007934570312]",4793.985107161105,small,38.253650396328744,9.366384219178354,9.366384219178354,True,True,center,False,FN,sharpen_mild,False,,,1,0.0,0.770592987537384,0.0,-0.770592987537384,mild unsharp mask
E:\TJGY\MinPaper\MyAutoAugument\outputs\datasets\tiled\tiled_1024_ov20_full_safe_no_ok_position\images\val\2025-05-16-16-24-29ps5_tile_0003.jpg,8,脏污,"[76.99866485595703, 511.0010681152344, 273.9978332519531, 560.00048828125]",9652.845024591079,small,42.01906143167927,14.004625823723606,14.004625823723606,True,True,edge,False,FN,sharpen_mild,False,,,,,,0.0,0.0,mild unsharp mask
E:\TJGY\MinPaper\MyAutoAugument\outputs\datasets\tiled\tiled_1024_ov20_full_safe_no_ok_position\images\val\2025-05-16-16-24-46ps5_tile_0000.jpg,8,脏污,"[506.998291015625, 682.9998168945312, 540.9981689453125, 719.9989624023438]",1257.9664307683706,small,64.9785373608903,29.119271484492103,29.119271484492103,False,False,center,False,FN,sharpen_mild,False,0.01784667558968067,0.336454302072525,8,0.00951562449336052,0.5130482316017151,0.008331051096320152,-0.17659392952919006,mild unsharp mask
E:\TJGY\MinPaper\MyAutoAugument\outputs\datasets\tiled\tiled_1024_ov20_full_safe_no_ok_position\images\val\2025-05-16-17-11-45ps5_tile_0000.jpg,7,碰伤,"[498.998779296875, 856.9999389648438, 522.998291015625, 880.0010375976562]",552.0151361823082,tiny,56.77355072463768,27.305792964522016,27.305792964522016,True,False,edge,False,FN,sharpen_mild,False,,,,,,0.0,0.0,mild unsharp mask
E:\TJGY\MinPaper\MyAutoAugument\outputs\datasets\tiled\tiled_1024_ov20_full_safe_no_ok_position\images\val\2025-05-16-17-11-45ps5_tile_0005.jpg,7,碰伤,"[498.998779296875, 38.000640869140625, 522.998291015625, 61.00172424316406]",552.0147699788213,tiny,56.75,27.3048245192857,27.3048245192857,True,False,edge,False,FN,sharpen_mild,False,0.0,0.5704750418663025,7,0.0,0.8368571400642395,0.0,-0.266382098197937,mild unsharp mask
E:\TJGY\MinPaper\MyAutoAugument\outputs\datasets\tiled\tiled_1024_ov20_full_safe_no_ok_position\images\val\2025-05-16-17-11-45ps5_tile_0006.jpg,4,油污,"[90.00088500976562, 603.0003051757812, 226.00140380859375, 634.9993286132812]",4351.8837885558605,small,35.973805147058826,14.415089668580242,14.415089668580242,True,True,edge,False,FN,sharpen_mild,True,0.5219990015029907,0.3271203935146332,4,0.0,0.9706906676292419,0.5219990015029907,-0.6435702741146088,mild unsharp mask
E:\TJGY\MinPaper\MyAutoAugument\outputs\datasets\tiled\tiled_1024_ov20_full_safe_no_ok_position\images\val\2025-05-16-17-11-45ps5_tile_0007.jpg,4,油污,"[63.00160217285156, 655.0005493164062, 455.0010986328125, 732.0012817382812]",30184.24833642319,medium,36.6937781606149,14.713793279782761,14.713793279782761,True,True,center,False,FN,sharpen_mild,False,,,12,,,0.0,0.0,mild unsharp mask
E:\TJGY\MinPaper\MyAutoAugument\outputs\datasets\tiled\tiled_1024_ov20_full_safe_no_ok_position\images\val\2025-05-16-17-11-45ps5_tile_0011.jpg,4,油污,"[90.00088500976562, 544.00048828125, 226.00140380859375, 575.99951171875]",4351.8837885558605,small,35.9967830882353,14.42663325257906,14.42663325257906,True,True,edge,False,FN,sharpen_mild,False,,,7,0.0,0.4782649278640747,0.0,-0.4782649278640747,mild unsharp mask
E:\TJGY\MinPaper\MyAutoAugument\outputs\datasets\tiled\tiled_1024_ov20_full_safe_no_ok_position\images\val\2025-05-16-17-11-45ps5_tile_0011.jpg,7,碰伤,"[514.9993286132812, 555.0008544921875, 544.0010375976562, 570.0003662109375]",435.01147377491,tiny,47.777011494252875,10.270297549656902,10.270297549656902,True,True,center,False,FN,sharpen_mild,False,0.0,0.8974286317825317,7,0.0,0.8992533087730408,0.0,-0.0018246769905090332,mild unsharp mask
E:\TJGY\MinPaper\MyAutoAugument\outputs\datasets\tiled\tiled_1024_ov20_full_safe_no_ok_position\images\val\2025-05-16-17-11-45ps5_tile_0012.jpg,4,油污,"[63.00160217285156, 596.000732421875, 455.0010986328125, 673.00146484375]",30184.24833642319,medium,36.6912602703419,14.718103705245113,14.718103705245113,True,True,center,False,FN,sharpen_mild,False,,,12,,,0.0,0.0,mild unsharp mask
E:\TJGY\MinPaper\MyAutoAugument\outputs\datasets\tiled\tiled_1024_ov20_full_safe_no_ok_position\images\val\2025-05-19-17-19-55ps5_NGyuan_tile_0003.jpg,9,轮廓划伤,"[356.9981384277344, 562.0003662109375, 386.9992980957031, 649.9998779296875]",2640.087401777506,small,30.10909090909091,8.369963022124741,8.369963022124741,True,True,center,False,FN,sharpen_mild,False,0.0,0.9283126592636108,9,0.0,0.9622868895530701,0.0,-0.03397423028945923,mild unsharp mask
E:\TJGY\MinPaper\MyAutoAugument\outputs\datasets\tiled\tiled_1024_ov20_full_safe_no_ok_position\images\val\2025-05-19-17-19-55ps5_NGyuan_tile_0003.jpg,7,碰伤,"[495.0010681152344, 654.0001220703125, 527.0020751953125, 715.999267578125]",1984.0350943543017,small,20.97328629032258,8.269392657632261,8.269392657632261,True,True,center,False,FN,sharpen_mild,False,,,9,,,0.0,0.0,mild unsharp mask
E:\TJGY\MinPaper\MyAutoAugument\outputs\datasets\tiled\tiled_1024_ov20_full_safe_no_ok_position\images\val\2025-05-19-17-19-55ps5_NGyuan_tile_0004.jpg,9,轮廓划伤,"[292.0018005371094, 645.9990844726562, 317.0017395019531, 696.9994506835938]",1275.006042458117,small,29.054901960784314,10.289463747254985,10.289463747254985,True,True,center,False,FN,sharpen_mild,False,,,7,,,0.0,0.0,mild unsharp mask
E:\TJGY\MinPaper\MyAutoAugument\outputs\datasets\tiled\tiled_1024_ov20_full_safe_no_ok_position\images\val\2025-05-19-17-19-55ps5_NGyuan_tile_0004.jpg,9,轮廓划伤,"[241.99783325195312, 562.0003662109375, 271.9989929199219, 649.9998779296875]",2640.087401777506,small,30.121969696969696,8.38199562549089,8.38199562549089,True,True,center,False,FN,sharpen_mild,False,,,7,,,0.0,0.0,mild unsharp mask
E:\TJGY\MinPaper\MyAutoAugument\outputs\datasets\tiled\tiled_1024_ov20_full_safe_no_ok_position\images\val\2025-05-19-17-19-55ps5_NGyuan_tile_0007.jpg,9,轮廓划伤,"[956.9996948242188, 613.9996337890625, 984.9978637695312, 679.0010986328125]",1819.9219943881035,small,48.77582417582418,12.206612697693961,12.206612697693961,True,True,edge,False,FN,sharpen_mild,False,,,12,,,0.0,0.0,mild unsharp mask
E:\TJGY\MinPaper\MyAutoAugument\outputs\datasets\tiled\tiled_1024_ov20_full_safe_no_ok_position\images\val\2025-05-19-17-19-55ps5_NGyuan_tile_0008.jpg,9,轮廓划伤,"[137.99935913085938, 613.9996337890625, 165.99755859375, 679.0010986328125]",1819.923978075385,small,48.792307692307695,12.231321087833361,12.231321087833361,True,True,edge,False,FN,sharpen_mild,False,,,1,,,0.0,0.0,mild unsharp mask
E:\TJGY\MinPaper\MyAutoAugument\outputs\datasets\tiled\tiled_1024_ov20_full_safe_no_ok_position\images\val\2025-05-19-17-19-55ps5_NGyuan_tile_0009.jpg,9,轮廓划伤,"[23.000064849853516, 613.9996337890625, 50.99827194213867, 679.0010986328125]",1819.9244739972055,small,48.74230769230769,12.227561694967093,12.227561694967093,True,True,edge,False,FN,sharpen_mild,False,,,,,,0.0,0.0,mild unsharp mask
E:\TJGY\MinPaper\MyAutoAugument\outputs\datasets\tiled\tiled_1024_ov20_full_safe_no_ok_position\images\val\2025-05-19-17-19-55ps5_NGyuan_tile_0012.jpg,9,轮廓划伤,"[956.9996948242188, 554.9998168945312, 984.9978637695312, 620.0012817382812]",1819.9219943881035,small,48.77967032967033,12.216918727241366,12.216918727241366,True,True,edge,False,FN,sharpen_mild,False,,,12,,,0.0,0.0,mild unsharp mask
E:\TJGY\MinPaper\MyAutoAugument\outputs\datasets\tiled\tiled_1024_ov20_full_safe_no_ok_position\images\val\2025-05-19-17-19-55ps5_NGyuan_tile_0014.jpg,9,轮廓划伤,"[23.000064849853516, 554.9998168945312, 50.99827194213867, 620.0012817382812]",1819.9244739972055,small,48.76978021978022,12.244454629850441,12.244454629850441,True,True,edge,False,FN,sharpen_mild,False,,,,,,0.0,0.0,mild unsharp mask
E:\TJGY\MinPaper\MyAutoAugument\outputs\datasets\tiled\tiled_1024_ov20_full_safe_no_ok_position\images\val\2025-05-25-09-48-32ps5_NGyuan_tile_0002.jpg,7,碰伤,"[986.998779296875, 777.0004272460938, 1023.9979248046875, 804.9996948242188]",1035.9489752352238,tiny,44.560810810810814,13.456176866691457,13.456176866691457,True,True,edge,True,FN,sharpen_mild,False,,,,,,0.0,0.0,mild unsharp mask
E:\TJGY\MinPaper\MyAutoAugument\outputs\datasets\tiled\tiled_1024_ov20_full_safe_no_ok_position\images\val\2025-05-25-09-48-32ps5_NGyuan_tile_0012.jpg,6,漏背锡,"[379.99920654296875, 354.99981689453125, 444.00128173828125, 413.9996337890625]",3776.110717393458,small,95.13241525423729,63.08038109358812,63.08038109358812,False,False,center,False,FN,sharpen_mild,False,0.0,0.6715210676193237,6,0.0,0.7506036162376404,0.0,-0.07908254861831665,mild unsharp mask
E:\TJGY\MinPaper\MyAutoAugument\outputs\datasets\tiled\tiled_1024_ov20_full_safe_no_ok_position\images\val\2025-05-26-06-14-31ps5_NGyuan_tile_0012.jpg,12,锡膏,"[282.9997863769531, 2.0003814697265625, 432.9994201660156, 178.00038146972656]",26399.935546875,medium,126.07378787878788,42.335938356921595,42.335938356921595,False,False,edge,False,FN,sharpen_mild,False,,,1,,,0.0,0.0,mild unsharp mask
E:\TJGY\MinPaper\MyAutoAugument\outputs\datasets\tiled\tiled_1024_ov20_full_safe_no_ok_position\images\val\2025-05-26-06-26-47ps5_NGyuan_tile_0002.jpg,7,碰伤,"[829.001708984375, 832.9989013671875, 845.000732421875, 854.99951171875]",351.98828065395355,tiny,47.50568181818182,17.70705340942459,17.70705340942459,True,True,corner,False,FN,sharpen_mild,False,0.11724019795656204,0.5021719932556152,7,0.11938972771167755,0.4774206876754761,-0.002149529755115509,0.02475130558013916,mild unsharp mask
E:\TJGY\MinPaper\MyAutoAugument\outputs\datasets\tiled\tiled_1024_ov20_full_safe_no_ok_position\images\val\2025-05-26-06-26-47ps5_NGyuan_tile_0003.jpg,7,碰伤,"[10.001408576965332, 832.9989013671875, 26.000385284423828, 854.99951171875]",351.9872525645187,tiny,47.51988636363637,17.69645097921654,17.69645097921654,True,True,corner,False,FN,sharpen_mild,False,0.0,0.5055277347564697,7,0.1084621399641037,0.29860982298851013,-0.1084621399641037,0.2069179117679596,mild unsharp mask
E:\TJGY\MinPaper\MyAutoAugument\outputs\datasets\tiled\tiled_1024_ov20_full_safe_no_ok_position\images\val\2025-05-26-06-26-47ps5_NGyuan_tile_0007.jpg,7,碰伤,"[829.001708984375, 13.998592376708984, 845.000732421875, 35.99923324584961]",351.98876890540123,tiny,47.5625,17.655689351517054,17.655689351517054,True,True,corner,False,FN,sharpen_mild,False,0.0,0.6694802641868591,7,0.0,0.808347761631012,0.0,-0.13886749744415283,mild unsharp mask
E:\TJGY\MinPaper\MyAutoAugument\outputs\datasets\tiled\tiled_1024_ov20_full_safe_no_ok_position\images\val\2025-05-26-06-26-47ps5_NGyuan_tile_0008.jpg,7,碰伤,"[12.001280784606934, 65.0009536743164, 28.000255584716797, 93.00019073486328]",447.9590881539916,tiny,42.59375,17.59439227449839,17.59439227449839,True,True,corner,False,FN,sharpen_mild,False,,,,,,0.0,0.0,mild unsharp mask
E:\TJGY\MinPaper\MyAutoAugument\outputs\datasets\tiled\tiled_1024_ov20_full_safe_no_ok_position\images\val\2025-05-26-06-26-47ps5_NGyuan_tile_0008.jpg,7,碰伤,"[10.001408576965332, 13.998592376708984, 26.000385284423828, 35.99923324584961]",351.9877408145403,tiny,47.49147727272727,17.715072424336388,17.715072424336388,True,True,corner,False,FN,sharpen_mild,False,,,,,,0.0,0.0,mild unsharp mask
E:\TJGY\MinPaper\MyAutoAugument\outputs\datasets\tiled\tiled_1024_ov20_full_safe_no_ok_position\images\val\2025-05-26-06-26-47ps5_NGyuan_tile_0013.jpg,7,碰伤,"[12.001280784606934, 6.001152992248535, 28.000255584716797, 34.00038528442383]",447.95901186493484,tiny,42.60267857142857,17.57834991352709,17.57834991352709,True,True,corner,False,FN,sharpen_mild,False,,,,,,0.0,0.0,mild unsharp mask
E:\TJGY\MinPaper\MyAutoAugument\outputs\datasets\tiled\tiled_1024_ov20_full_safe_no_ok_position\images\val\2025-05-27-23-28-53ps5_NGyuan_tile_0004.jpg,7,碰伤,"[10.999809265136719, 484.99969482421875, 38.998016357421875, 495.99847412109375]",307.94610051624477,tiny,30.376623376623378,15.92640457304751,15.92640457304751,True,True,edge,False,FN,sharpen_mild,False,,,,,,0.0,0.0,mild unsharp mask
E:\TJGY\MinPaper\MyAutoAugument\outputs\datasets\tiled\tiled_1024_ov20_full_safe_no_ok_position\images\val\2025-05-27-23-28-53ps5_NGyuan_tile_0007.jpg,8,脏污,"[483.0003356933594, 140.00025939941406, 576.9994506835938, 275.00030517578125]",12689.884826619644,medium,71.34160756501183,37.9463373440113,37.9463373440113,False,False,center,False,FN,sharpen_mild,False,,,,,,0.0,0.0,mild unsharp mask
E:\TJGY\MinPaper\MyAutoAugument\outputs\datasets\tiled\tiled_1024_ov20_full_safe_no_ok_position\images\val\2025-05-27-23-28-53ps5_NGyuan_tile_0012.jpg,8,脏污,"[483.0003356933594, 80.99942016601562, 576.9994506835938, 215.99948120117188]",12689.886260932311,medium,71.33664302600472,37.935428798887585,37.935428798887585,False,False,edge,False,FN,sharpen_mild,False,,,,,,0.0,0.0,mild unsharp mask
E:\TJGY\MinPaper\MyAutoAugument\outputs\datasets\tiled\tiled_1024_ov20_full_safe_no_ok_position\images\val\2025-06-05-10-27-17ps5_NGyuan_tile_0012.jpg,8,脏污,"[315.9997253417969, 621.0001831054688, 515.9981689453125, 694.9995727539062]",14799.762757297605,medium,71.54310810810811,26.766541358300476,26.766541358300476,False,False,center,False,FN,sharpen_mild,True,0.9054718613624573,0.5177526473999023,8,,,0.9054718613624573,0.5177526473999023,mild unsharp mask
E:\TJGY\MinPaper\MyAutoAugument\outputs\datasets\tiled\tiled_1024_ov20_full_safe_no_ok_position\images\val\2025-06-05-16-10-10ps5_NGyuan_tile_0000.jpg,5,浅划伤,"[682.9993286132812, 681.0009155273438, 724.0012817382812, 743.0000610351562]",2542.0860579013824,small,48.75177025963808,23.1536479006427,23.1536479006427,True,False,center,False,FN,sharpen_mild,False,,,9,,,0.0,0.0,mild unsharp mask
E:\TJGY\MinPaper\MyAutoAugument\outputs\datasets\tiled\tiled_1024_ov20_full_safe_no_ok_position\images\val\2025-06-05-16-10-10ps5_NGyuan_tile_0007.jpg,12,锡膏,"[315.0023498535156, 396.9991760253906, 366.0006408691406, 461.9996032714844]",3314.9107048362494,small,136.19939668174962,49.85802830098024,49.85802830098024,False,False,center,False,FN,sharpen_mild,False,,,1,0.0,0.7593369483947754,0.0,-0.7593369483947754,mild unsharp mask
E:\TJGY\MinPaper\MyAutoAugument\outputs\datasets\tiled\tiled_1024_ov20_full_safe_no_ok_position\images\val\2025-06-05-16-10-10ps5_NGyuan_tile_0012.jpg,12,锡膏,"[315.0023498535156, 337.9993591308594, 366.0006408691406, 402.9997863769531]",3314.9107048362494,small,136.1867269984917,49.83113994876743,49.83113994876743,False,False,center,False,FN,sharpen_mild,False,,,1,,,0.0,0.0,mild unsharp mask
E:\TJGY\MinPaper\MyAutoAugument\outputs\datasets\tiled\tiled_1024_ov20_full_safe_no_ok_position\images\val\2025-06-06-01-33-39ps5_NGyuan_tile_0002.jpg,7,碰伤,"[816.9998779296875, 579.0008544921875, 859.0013427734375, 620.000732421875]",1722.054931461811,small,39.79094076655052,14.073490922084895,14.073490922084895,True,True,edge,False,FN,sharpen_mild,False,,,4,0.0,0.5680842399597168,0.0,-0.5680842399597168,mild unsharp mask
E:\TJGY\MinPaper\MyAutoAugument\outputs\datasets\tiled\tiled_1024_ov20_full_safe_no_ok_position\images\val\2025-06-06-01-33-39ps5_NGyuan_tile_0003.jpg,7,碰伤,"[0.0, 579.0008544921875, 40.00153732299805, 620.000732421875]",1640.0581472427584,small,39.94634146341463,14.091756759408304,14.091756759408304,True,True,edge,True,FN,sharpen_mild,False,0.0,0.6666898727416992,7,0.0,0.8766747713088989,0.0,-0.2099848985671997,mild unsharp mask
E:\TJGY\MinPaper\MyAutoAugument\outputs\datasets\tiled\tiled_1024_ov20_full_safe_no_ok_position\images\val\2025-06-06-02-05-24ps5_NGyuan_tile_0002.jpg,4,油污,"[645.9990844726562, 631.0000610351562, 688.0005493164062, 698.9998168945312]",2856.089355111122,small,24.981442577030812,10.342625088307651,10.342625088307651,True,True,center,False,FN,sharpen_mild,False,,,7,,,0.0,0.0,mild unsharp mask
E:\TJGY\MinPaper\MyAutoAugument\outputs\datasets\tiled\tiled_1024_ov20_full_safe_no_ok_position\images\val\2025-06-06-14-52-09ps5_NGyuan_tile_0007.jpg,6,漏背锡,"[223.00006103515625, 270.0001220703125, 468.9986572265625, 337.9998779296875]",16727.8444827646,medium,91.79441654710665,57.06993327056747,57.06993327056747,False,False,center,False,FN,sharpen_mild,False,0.0,0.9683763980865479,6,0.0,0.9697856307029724,0.0,-0.0014092326164245605,mild unsharp mask
E:\TJGY\MinPaper\MyAutoAugument\outputs\datasets\tiled\tiled_1024_ov20_full_safe_no_ok_position\images\val\2025-06-06-14-52-09ps5_NGyuan_tile_0012.jpg,6,漏背锡,"[223.00006103515625, 211.00033569335938, 468.9986572265625, 279.00006103515625]",16727.836975483224,medium,91.79632950741272,57.0763629572775,57.0763629572775,False,False,center,False,FN,sharpen_mild,False,0.0,0.9321672916412354,6,0.0,0.9665181040763855,0.0,-0.034350812435150146,mild unsharp mask
E:\TJGY\MinPaper\MyAutoAugument\outputs\datasets\tiled\tiled_1024_ov20_full_safe_no_ok_position\images\val\2025-06-07-10-52-02ps5_NGyuan_tile_0007.jpg,12,锡膏,"[405.000732421875, 214.0011444091797, 530.0014038085938, 398.0006103515625]",23000.056777595542,medium,124.37534782608695,27.617660246438557,27.617660246438557,False,False,center,False,FN,sharpen_mild,False,,,6,,,0.0,0.0,mild unsharp mask
E:\TJGY\MinPaper\MyAutoAugument\outputs\datasets\tiled\tiled_1024_ov20_full_safe_no_ok_position\images\val\2025-06-07-10-52-02ps5_NGyuan_tile_0007.jpg,7,碰伤,"[491.0008239746094, 661.0001831054688, 518.9990234375, 671.0005493164062]",279.99224787577987,tiny,44.128571428571426,14.02617087403954,14.02617087403954,True,True,center,False,FN,sharpen_mild,False,,,6,,,0.0,0.0,mild unsharp mask
E:\TJGY\MinPaper\MyAutoAugument\outputs\datasets\tiled\tiled_1024_ov20_full_safe_no_ok_position\images\val\2025-06-07-10-52-02ps5_NGyuan_tile_0012.jpg,12,锡膏,"[405.000732421875, 155.0013427734375, 530.0014038085938, 339.0008239746094]",23000.05868495442,medium,124.38108695652174,27.613535411985193,27.613535411985193,False,False,center,False,FN,sharpen_mild,False,,,6,,,0.0,0.0,mild unsharp mask
E:\TJGY\MinPaper\MyAutoAugument\outputs\datasets\tiled\tiled_1024_ov20_full_safe_no_ok_position\images\val\2025-06-07-10-52-02ps5_NGyuan_tile_0012.jpg,7,碰伤,"[491.0008239746094, 601.9993896484375, 518.9990234375, 611.999755859375]",279.99224787577987,tiny,44.15714285714286,14.149341947632067,14.149341947632067,True,True,center,False,FN,sharpen_mild,False,,,6,,,0.0,0.0,mild unsharp mask
E:\TJGY\MinPaper\MyAutoAugument\outputs\datasets\tiled\tiled_1024_ov20_full_safe_no_ok_position\images\val\2025-06-07-14-43-50ps5_NGyuan_tile_0007.jpg,8,脏污,"[868.9996948242188, 696.00048828125, 923.0003051757812, 792.00048828125]",5184.05859375,small,55.714506172839506,18.48999494396198,18.48999494396198,True,True,edge,False,FN,sharpen_mild,False,,,4,,,0.0,0.0,mild unsharp mask
E:\TJGY\MinPaper\MyAutoAugument\outputs\datasets\tiled\tiled_1024_ov20_full_safe_no_ok_position\images\val\2025-06-07-14-43-50ps5_NGyuan_tile_0007.jpg,8,脏污,"[481.0009460449219, 664.9999389648438, 644.9996337890625, 700.0003051757812]",5740.014129158109,small,62.34198606271777,23.746416129226407,23.746416129226407,False,False,center,False,FN,sharpen_mild,False,,,1,,,0.0,0.0,mild unsharp mask
E:\TJGY\MinPaper\MyAutoAugument\outputs\datasets\tiled\tiled_1024_ov20_full_safe_no_ok_position\images\val\2025-06-07-14-43-50ps5_NGyuan_tile_0012.jpg,8,脏污,"[481.0009460449219, 605.9990844726562, 644.9996337890625, 640.9994506835938]",5740.014129158109,small,62.34128919860627,23.7636240565938,23.7636240565938,False,False,center,False,FN,sharpen_mild,False,0.0,0.6873863935470581,8,0.0,0.4562271237373352,0.0,0.2311592698097229,mild unsharp mask
E:\TJGY\MinPaper\MyAutoAugument\outputs\datasets\tiled\tiled_1024_ov20_full_safe_no_ok_position\images\val\2025-06-07-15-42-24ps5_NGyuan_tile_0002.jpg,8,脏污,"[183.00006103515625, 464.0, 275.999755859375, 541.000732421875]",7161.044616475701,small,69.0078201368524,36.994660186155414,36.994660186155414,False,False,center,False,FN,sharpen_mild,False,,,4,,,0.0,0.0,mild unsharp mask
E:\TJGY\MinPaper\MyAutoAugument\outputs\datasets\tiled\tiled_1024_ov20_full_safe_no_ok_position\images\val\2025-06-07-15-42-24ps5_NGyuan_tile_0007.jpg,8,脏污,"[163.0013427734375, 529.0004272460938, 293.9996032714844, 589.0006713867188]",7859.927611880004,small,73.14211195928753,33.43959702171577,33.43959702171577,False,False,center,False,FN,sharpen_mild,False,0.0,0.4442819654941559,8,,,0.0,0.4442819654941559,mild unsharp mask
E:\TJGY\MinPaper\MyAutoAugument\outputs\datasets\tiled\tiled_1024_ov20_full_safe_no_ok_position\images\val\2025-06-07-15-42-24ps5_NGyuan_tile_0012.jpg,8,脏污,"[163.0013427734375, 470.0006408691406, 293.9996032714844, 530.0009155273438]",7859.931609629653,small,73.14427480916031,33.442560974377976,33.442560974377976,False,False,center,False,FN,sharpen_mild,False,0.0,0.6264364719390869,8,0.0,0.49067533016204834,0.0,0.13576114177703857,mild unsharp mask
E:\TJGY\MinPaper\MyAutoAugument\outputs\datasets\tiled\tiled_1024_ov20_full_safe_no_ok_position\images\val\2025-06-07-16-21-50ps5_NGyuan_tile_0007.jpg,8,脏污,"[150.99903869628906, 744.0005493164062, 569.997314453125, 780.9996948242188]",15502.57817224972,medium,53.16080758562859,24.52833672514371,24.52833672514371,True,False,center,False,FN,sharpen_mild,True,0.5429109334945679,0.6842732429504395,8,,,0.5429109334945679,0.6842732429504395,mild unsharp mask
E:\TJGY\MinPaper\MyAutoAugument\outputs\datasets\tiled\tiled_1024_ov20_full_safe_no_ok_position\images\val\2025-06-07-16-21-50ps5_NGyuan_tile_0012.jpg,8,脏污,"[150.99903869628906, 684.9996948242188, 569.997314453125, 721.9988403320312]",15502.57817224972,medium,53.15261562278269,24.522838338374772,24.522838338374772,True,False,center,False,FN,sharpen_mild,False,,,1,,,0.0,0.0,mild unsharp mask
E:\TJGY\MinPaper\MyAutoAugument\outputs\datasets\tiled\tiled_1024_ov20_full_safe_no_ok_position\images\val\2025-06-11-19-13-20ps5_NGyuan_tile_0007.jpg,12,锡膏,"[520.9984130859375, 422.9995422363281, 563.999267578125, 485.9991149902344]",2709.035461060703,small,106.23661867847915,31.704531348378858,31.704531348378858,False,False,center,False,FN,sharpen_mild,False,,,5,,,0.0,0.0,mild unsharp mask
E:\TJGY\MinPaper\MyAutoAugument\outputs\datasets\tiled\tiled_1024_ov20_full_safe_no_ok_position\images\val\2025-06-11-19-13-20ps5_NGyuan_tile_0007.jpg,5,浅划伤,"[532.0012817382812, 837.0006713867188, 539.0023803710938, 861.0001831054688]",168.0229486823082,tiny,83.0952380952381,39.93972215596513,39.93972215596513,False,False,edge,False,FN,sharpen_mild,False,0.0,0.4103546738624573,5,0.0,0.5088472962379456,0.0,-0.09849262237548828,mild unsharp mask
E:\TJGY\MinPaper\MyAutoAugument\outputs\datasets\tiled\tiled_1024_ov20_full_safe_no_ok_position\images\val\2025-06-11-19-13-20ps5_NGyuan_tile_0012.jpg,12,锡膏,"[520.9984130859375, 363.9997253417969, 563.999267578125, 426.9992980957031]",2709.035461060703,small,106.20708748615725,31.71080344255586,31.71080344255586,False,False,center,False,FN,sharpen_mild,False,,,5,,,0.0,0.0,mild unsharp mask
E:\TJGY\MinPaper\MyAutoAugument\outputs\datasets\tiled\tiled_1024_ov20_full_safe_no_ok_position\images\val\2025-06-14-16-53-39ps5_tile_0005.jpg,9,轮廓划伤,"[906.0018920898438, 573.000244140625, 930.0014038085938, 678.0001220703125]",2519.9458008408546,small,53.296031746031744,20.445661241887965,20.445661241887965,True,False,edge,False,FN,sharpen_mild,False,,,,,,0.0,0.0,mild unsharp mask
E:\TJGY\MinPaper\MyAutoAugument\outputs\datasets\tiled\tiled_1024_ov20_full_safe_no_ok_position\images\val\2025-06-14-16-53-39ps5_tile_0006.jpg,9,轮廓划伤,"[87.00160217285156, 573.000244140625, 111.00108337402344, 678.0001220703125]",2519.942596498877,small,53.294444444444444,20.435161906666547,20.435161906666547,True,False,edge,False,FN,sharpen_mild,False,,,,,,0.0,0.0,mild unsharp mask
E:\TJGY\MinPaper\MyAutoAugument\outputs\datasets\tiled\tiled_1024_ov20_full_safe_no_ok_position\images\val\2025-06-14-16-53-39ps5_tile_0007.jpg,12,锡膏,"[611.9992065429688, 262.0001220703125, 701.0001831054688, 328.99945068359375]",5963.00567561388,small,101.16149589132986,37.46798170128969,37.46798170128969,False,False,center,False,FN,sharpen_mild,False,,,6,,,0.0,0.0,mild unsharp mask
E:\TJGY\MinPaper\MyAutoAugument\outputs\datasets\tiled\tiled_1024_ov20_full_safe_no_ok_position\images\val\2025-06-14-16-53-39ps5_tile_0012.jpg,12,锡膏,"[611.9992065429688, 203.0003204345703, 701.0001831054688, 269.9996337890625]",5963.004317566752,small,101.14522891162167,37.44445544128088,37.44445544128088,False,False,center,False,FN,sharpen_mild,False,,,6,,,0.0,0.0,mild unsharp mask
E:\TJGY\MinPaper\MyAutoAugument\outputs\datasets\tiled\tiled_1024_ov20_full_safe_no_ok_position\images\val\2025-06-18-06-39-05ps5_NGyuan_tile_0007.jpg,8,脏污,"[646.9990234375, 797.0001831054688, 813.9970703125, 840.0010375976562]",7181.058714151382,small,55.6344520261802,24.735676710958952,24.735676710958952,True,False,center,False,FN,sharpen_mild,True,0.7863683700561523,0.28298521041870117,8,,,0.7863683700561523,0.28298521041870117,mild unsharp mask
E:\TJGY\MinPaper\MyAutoAugument\outputs\datasets\tiled\tiled_1024_ov20_full_safe_no_ok_position\images\val\2025-06-18-06-39-05ps5_NGyuan_tile_0007.jpg,8,脏污,"[742.9995727539062, 691.0003662109375, 796.0007934570312, 720.0]",1537.0159907639027,small,52.819128171763175,23.727055041545608,23.727055041545608,True,False,center,False,FN,sharpen_mild,False,0.0,0.28298521041870117,8,,,0.0,0.28298521041870117,mild unsharp mask
E:\TJGY\MinPaper\MyAutoAugument\outputs\datasets\tiled\tiled_1024_ov20_full_safe_no_ok_position\images\val\2025-06-18-06-39-05ps5_NGyuan_tile_0012.jpg,8,脏污,"[646.9990234375, 737.9993286132812, 813.9970703125, 781.0001831054688]",7181.058714151382,small,55.635705333519006,24.722098374748796,24.722098374748796,True,False,center,False,FN,sharpen_mild,False,,,6,,,0.0,0.0,mild unsharp mask
E:\TJGY\MinPaper\MyAutoAugument\outputs\datasets\tiled\tiled_1024_ov20_full_safe_no_ok_position\images\val\2025-06-18-06-39-05ps5_NGyuan_tile_0012.jpg,8,脏污,"[742.9995727539062, 632.0005493164062, 796.0007934570312, 661.0001831054688]",1537.0159907639027,small,52.82173064411191,23.741110094534566,23.741110094534566,True,False,center,False,FN,sharpen_mild,False,,,6,,,0.0,0.0,mild unsharp mask
E:\TJGY\MinPaper\MyAutoAugument\outputs\datasets\tiled\tiled_1024_ov20_full_safe_no_ok_position\images\val\2025-06-28-00-58-48ps5_NGyuan_tile_0006.jpg,7,碰伤,"[860.0012817382812, 736.0010375976562, 887.9994506835938, 751.0005493164062]",419.9588631987572,tiny,58.654761904761905,26.507723064913893,26.507723064913893,True,False,edge,False,FN,sharpen_mild,False,0.0,0.8553698062896729,7,0.0,0.6023921370506287,0.0,0.2529776692390442,mild unsharp mask
E:\TJGY\MinPaper\MyAutoAugument\outputs\datasets\tiled\tiled_1024_ov20_full_safe_no_ok_position\images\val\2025-06-28-00-58-48ps5_NGyuan_tile_0007.jpg,7,碰伤,"[41.00096130371094, 736.0010375976562, 68.9991683959961, 751.0005493164062]",419.95943538472056,tiny,58.62619047619047,26.560995028727742,26.560995028727742,True,False,edge,False,FN,sharpen_mild,False,,,1,,,0.0,0.0,mild unsharp mask
E:\TJGY\MinPaper\MyAutoAugument\outputs\datasets\tiled\tiled_1024_ov20_full_safe_no_ok_position\images\val\2025-06-28-00-58-48ps5_NGyuan_tile_0011.jpg,7,碰伤,"[860.0012817382812, 677.001220703125, 887.9994506835938, 692.000732421875]",419.9588631987572,tiny,58.63095238095238,26.613181375072283,26.613181375072283,True,False,edge,False,FN,sharpen_mild,True,0.8237107396125793,0.302997350692749,7,,,0.8237107396125793,0.302997350692749,mild unsharp mask
E:\TJGY\MinPaper\MyAutoAugument\outputs\datasets\tiled\tiled_1024_ov20_full_safe_no_ok_position\images\val\2025-06-28-00-58-48ps5_NGyuan_tile_0012.jpg,7,碰伤,"[41.00096130371094, 677.001220703125, 68.9991683959961, 692.000732421875]",419.95943538472056,tiny,58.62380952380953,26.58994447892455,26.58994447892455,True,False,edge,False,FN,sharpen_mild,True,0.9078068137168884,0.2606431841850281,7,,,0.9078068137168884,0.2606431841850281,mild unsharp mask
E:\TJGY\MinPaper\MyAutoAugument\outputs\datasets\tiled\tiled_1024_ov20_full_safe_no_ok_position\images\val\2025-06-28-07-30-46ps5_NGyuan_tile_0011.jpg,7,碰伤,"[370.9992980957031, 788.000732421875, 395.9992370605469, 801.00146484375]",325.01751704514027,tiny,57.65538461538461,8.878219342763774,8.878219342763774,True,True,center,False,FN,sharpen_mild,False,,,,,,0.0,0.0,mild unsharp mask
E:\TJGY\MinPaper\MyAutoAugument\outputs\datasets\tiled\tiled_1024_ov20_full_safe_no_ok_position\images\val\2025-06-29-08-27-16ps5_NGyuan_tile_0000.jpg,7,碰伤,"[871.0021362304688, 658.0004272460938, 918.0016479492188, 671.0000610351562]",610.9764406085014,tiny,55.761047463175125,12.578598256206332,12.578598256206332,True,True,edge,False,FN,sharpen_mild,False,0.0,0.9428691864013672,7,0.0,0.9341381192207336,0.0,0.008731067180633545,mild unsharp mask
E:\TJGY\MinPaper\MyAutoAugument\outputs\datasets\tiled\tiled_1024_ov20_full_safe_no_ok_position\images\val\2025-06-29-08-27-16ps5_NGyuan_tile_0001.jpg,7,碰伤,"[52.001792907714844, 658.0004272460938, 99.00135040283203, 671.0000610351562]",610.9770356845111,tiny,55.741407528641574,12.561673869036001,12.561673869036001,True,True,edge,False,FN,sharpen_mild,False,,,9,,,0.0,0.0,mild unsharp mask
E:\TJGY\MinPaper\MyAutoAugument\outputs\datasets\tiled\tiled_1024_ov20_full_safe_no_ok_position\images\val\2025-06-29-08-27-16ps5_NGyuan_tile_0007.jpg,6,漏背锡,"[618.999267578125, 306.0003967285156, 836.000244140625, 432.0005187988281]",27342.14953625202,medium,104.82481164508815,65.53607339766639,65.53607339766639,False,False,center,False,FN,sharpen_mild,False,,,12,,,0.0,0.0,mild unsharp mask
E:\TJGY\MinPaper\MyAutoAugument\outputs\datasets\tiled\tiled_1024_ov20_full_safe_no_ok_position\images\val\2025-06-29-08-27-16ps5_NGyuan_tile_0012.jpg,6,漏背锡,"[618.999267578125, 247.00057983398438, 836.000244140625, 373.0007019042969]",27342.14953625202,medium,104.82283666154633,65.53497091198456,65.53497091198456,False,False,center,False,FN,sharpen_mild,False,,,12,,,0.0,0.0,mild unsharp mask
E:\TJGY\MinPaper\MyAutoAugument\outputs\datasets\tiled\tiled_1024_ov20_full_safe_no_ok_position\images\val\2025-07-13-20-08-46ps5_NGyuan_tile_0007.jpg,7,碰伤,"[928.0010375976562, 9.999872207641602, 975.0005493164062, 28.000768661499023]",846.0333438310772,tiny,54.854609929078016,14.40297763660568,14.40297763660568,True,True,corner,False,FN,sharpen_mild,True,0.6686661839485168,0.3066937029361725,7,,,0.6686661839485168,0.3066937029361725,mild unsharp mask
E:\TJGY\MinPaper\MyAutoAugument\outputs\datasets\tiled\tiled_1024_ov20_full_safe_no_ok_position\images\val\2025-07-13-20-08-46ps5_NGyuan_tile_0007.jpg,11,锡尖,"[421.001220703125, 619.9987182617188, 494.99957275390625, 666.9993286132812]",3477.9677113965154,small,123.09488211615871,65.90531720864378,65.90531720864378,False,False,center,False,FN,sharpen_mild,False,0.0,0.9920722842216492,11,0.0,0.9944475889205933,0.0,-0.002375304698944092,mild unsharp mask
E:\TJGY\MinPaper\MyAutoAugument\outputs\datasets\tiled\tiled_1024_ov20_full_safe_no_ok_position\images\val\2025-07-13-20-08-46ps5_NGyuan_tile_0008.jpg,7,碰伤,"[109.0017318725586, 9.999872207641602, 156.00128173828125, 28.000768661499023]",846.034030510782,tiny,54.892434988179666,14.35571448989137,14.35571448989137,True,True,corner,False,FN,sharpen_mild,True,0.7498018145561218,0.2787174582481384,7,,,0.7498018145561218,0.2787174582481384,mild unsharp mask
E:\TJGY\MinPaper\MyAutoAugument\outputs\datasets\tiled\tiled_1024_ov20_full_safe_no_ok_position\images\val\2025-07-13-20-08-46ps5_NGyuan_tile_0008.jpg,1,OK3,"[3.9976959228515625, 835.999755859375, 160.99942016601562, 889.9993896484375]",8478.035613382235,small,36.99728709601321,7.181065191702025,7.181065191702025,True,True,corner,False,FN,sharpen_mild,False,,,7,,,0.0,0.0,mild unsharp mask
E:\TJGY\MinPaper\MyAutoAugument\outputs\datasets\tiled\tiled_1024_ov20_full_safe_no_ok_position\images\val\2025-07-13-20-08-46ps5_NGyuan_tile_0012.jpg,11,锡尖,"[421.001220703125, 560.9989013671875, 494.99957275390625, 607.99951171875]",3477.9677113965154,small,123.08539390454284,65.88729036054909,65.88729036054909,False,False,center,False,FN,sharpen_mild,False,0.0,0.996394693851471,11,0.0,0.9976463913917542,0.0,-0.0012516975402832031,mild unsharp mask
E:\TJGY\MinPaper\MyAutoAugument\outputs\datasets\tiled\tiled_1024_ov20_full_safe_no_ok_position\images\val\2025-07-13-20-08-46ps5_NGyuan_tile_0013.jpg,1,OK3,"[3.9976959228515625, 776.9999389648438, 160.99942016601562, 830.9995727539062]",8478.035613382235,small,37.001179523472516,7.193464342911849,7.193464342911849,True,True,edge,False,FN,sharpen_mild,False,,,,,,0.0,0.0,mild unsharp mask
E:\TJGY\MinPaper\MyAutoAugument\outputs\datasets\tiled\tiled_1024_ov20_full_safe_no_ok_position\images\val\2025-07-14-19-29-20ps5_tile_0007.jpg,7,碰伤,"[916.0017700195312, -0.0005116462707519531, 937.0020141601562, 11.999744415283203]",252.00830704264808,tiny,30.4484126984127,7.5693432870978965,7.5693432870978965,True,True,corner,True,FN,sharpen_mild,False,,,11,,,0.0,0.0,mild unsharp mask
E:\TJGY\MinPaper\MyAutoAugument\outputs\datasets\tiled\tiled_1024_ov20_full_safe_no_ok_position\images\val\2025-07-14-19-29-20ps5_tile_0008.jpg,7,碰伤,"[97.00147247314453, -0.0005116462707519531, 118.00167083740234, 11.999744415283203]",252.00775771452027,tiny,30.48015873015873,7.472409779402671,7.472409779402671,True,True,corner,True,FN,sharpen_mild,False,,,,,,0.0,0.0,mild unsharp mask
E:\TJGY\MinPaper\MyAutoAugument\outputs\datasets\tiled\tiled_1024_ov20_full_safe_no_ok_position\images\val\2025-07-21-20-56-48ps5_NGyuan_tile_0000.jpg,7,碰伤,"[873.9989013671875, 906.0003662109375, 905.9998779296875, 920.00048828125]",448.0175782442093,tiny,74.57589285714286,14.53255425351571,14.53255425351571,False,True,corner,False,FN,sharpen_mild,False,,,,,,0.0,0.0,mild unsharp mask
E:\TJGY\MinPaper\MyAutoAugument\outputs\datasets\tiled\tiled_1024_ov20_full_safe_no_ok_position\images\val\2025-07-21-20-56-48ps5_NGyuan_tile_0001.jpg,7,碰伤,"[54.99852752685547, 906.0003662109375, 86.99954986572266, 920.00048828125]",448.01821911893785,tiny,74.62946428571429,14.538318447621059,14.538318447621059,False,True,corner,False,FN,sharpen_mild,False,,,,,,0.0,0.0,mild unsharp mask
E:\TJGY\MinPaper\MyAutoAugument\outputs\datasets\tiled\tiled_1024_ov20_full_safe_no_ok_position\images\val\2025-07-21-20-56-48ps5_NGyuan_tile_0005.jpg,7,碰伤,"[873.9989013671875, 87.00006866455078, 905.9998779296875, 101.00019073486328]",448.0175782442093,tiny,74.60714285714286,14.57989512433936,14.57989512433936,False,True,corner,False,FN,sharpen_mild,False,,,,,,0.0,0.0,mild unsharp mask
E:\TJGY\MinPaper\MyAutoAugument\outputs\datasets\tiled\tiled_1024_ov20_full_safe_no_ok_position\images\val\2025-07-21-20-56-48ps5_NGyuan_tile_0006.jpg,7,碰伤,"[54.99852752685547, 87.00006866455078, 86.99954986572266, 101.00019073486328]",448.01821911893785,tiny,74.55357142857143,14.568397356285017,14.568397356285017,False,True,corner,False,FN,sharpen_mild,False,,,,,,0.0,0.0,mild unsharp mask
E:\TJGY\MinPaper\MyAutoAugument\outputs\datasets\tiled\tiled_1024_ov20_full_safe_no_ok_position\images\val\2025-07-21-20-56-48ps5_NGyuan_tile_0010.jpg,7,碰伤,"[873.9989013671875, 28.000255584716797, 905.9998779296875, 42.00038528442383]",448.01782239228487,tiny,74.62276785714286,14.539604761639193,14.539604761639193,False,True,corner,False,FN,sharpen_mild,False,,,,,,0.0,0.0,mild unsharp mask
E:\TJGY\MinPaper\MyAutoAugument\outputs\datasets\tiled\tiled_1024_ov20_full_safe_no_ok_position\images\val\2025-07-21-20-56-48ps5_NGyuan_tile_0011.jpg,7,碰伤,"[54.99852752685547, 28.000255584716797, 86.99954986572266, 42.00038528442383]",448.0184632673627,tiny,74.55357142857143,14.558128121010444,14.558128121010444,False,True,corner,False,FN,sharpen_mild,False,,,,,,0.0,0.0,mild unsharp mask
E:\TJGY\MinPaper\MyAutoAugument\outputs\datasets\tiled\tiled_1024_ov20_full_safe_no_ok_position\images\val\2025-08-01-18-25-43ps5_NGyuan_tile_0005.jpg,7,碰伤,"[543.9989624023438, 789.001708984375, 570.9977416992188, 800.00048828125]",296.9536147713661,tiny,67.12121212121212,12.43429009826994,12.43429009826994,False,True,center,False,FN,sharpen_mild,False,,,,,,0.0,0.0,mild unsharp mask
E:\TJGY\MinPaper\MyAutoAugument\outputs\datasets\tiled\tiled_1024_ov20_full_safe_no_ok_position\images\val\2025-08-01-18-25-43ps5_NGyuan_tile_0010.jpg,7,碰伤,"[543.9989624023438, 730.0018920898438, 570.9977416992188, 741.0006713867188]",296.9536147713661,tiny,67.14141414141415,12.336753635219289,12.336753635219289,False,True,center,False,FN,sharpen_mild,False,,,,,,0.0,0.0,mild unsharp mask
E:\TJGY\MinPaper\MyAutoAugument\outputs\datasets\tiled\tiled_1024_ov20_full_safe_no_ok_position\images\val\2025-08-01-19-07-33ps5_tile_0001.jpg,7,碰伤,"[683.999755859375, 750.0001220703125, 761.00146484375, 764.9996337890625]",1154.98803627491,small,77.10822510822511,13.52277129892412,13.52277129892412,False,True,center,False,FN,sharpen_mild,True,0.5588645339012146,0.7005070447921753,7,0.5555399060249329,0.6593897342681885,0.0033246278762817383,0.041117310523986816,mild unsharp mask
E:\TJGY\MinPaper\MyAutoAugument\outputs\datasets\tiled\tiled_1024_ov20_full_safe_no_ok_position\images\val\2025-08-01-19-07-33ps5_tile_0007.jpg,12,锡膏,"[602.0009155273438, 437.001220703125, 640.9999389648438, 562.0009155273438]",4874.8660281300545,small,132.29107692307693,25.70673247882104,25.70673247882104,False,False,center,False,FN,sharpen_mild,False,,,7,,,0.0,0.0,mild unsharp mask
E:\TJGY\MinPaper\MyAutoAugument\outputs\datasets\tiled\tiled_1024_ov20_full_safe_no_ok_position\images\val\2025-08-01-19-15-54ps5_NGyuan_tile_0001.jpg,9,轮廓划伤,"[265.0019836425781, 812.000244140625, 301.0017395019531, 862.0001220703125]",1799.9833984673023,small,92.58722222222222,13.851881262347467,13.851881262347467,False,True,edge,False,FN,sharpen_mild,False,,,4,,,0.0,0.0,mild unsharp mask
E:\TJGY\MinPaper\MyAutoAugument\outputs\datasets\tiled\tiled_1024_ov20_full_safe_no_ok_position\images\val\2025-08-01-19-15-54ps5_NGyuan_tile_0001.jpg,7,碰伤,"[678.99853515625, 792.9989013671875, 731.0003662109375, 860.9986572265625]",3536.111815959215,small,97.78082579185521,11.439135858198433,11.439135858198433,False,True,edge,False,FN,sharpen_mild,True,0.9060829281806946,0.26060643792152405,7,0.0,0.8984742164611816,0.9060829281806946,-0.6378677785396576,mild unsharp mask
E:\TJGY\MinPaper\MyAutoAugument\outputs\datasets\tiled\tiled_1024_ov20_full_safe_no_ok_position\images\val\2025-08-01-19-15-54ps5_NGyuan_tile_0007.jpg,9,轮廓划伤,"[883.9992065429688, 939.0003051757812, 937.0004272460938, 1011.0007934570312]",3816.1137701272964,small,75.7541928721174,8.36023069434036,8.36023069434036,False,True,corner,False,FN,sharpen_mild,False,,,1,,,0.0,0.0,mild unsharp mask
E:\TJGY\MinPaper\MyAutoAugument\outputs\datasets\tiled\tiled_1024_ov20_full_safe_no_ok_position\images\val\2025-08-01-19-15-54ps5_NGyuan_tile_0008.jpg,9,轮廓划伤,"[64.99890899658203, 939.0003051757812, 118.00012969970703, 1011.0007934570312]",3816.1137701272964,small,75.75104821802935,8.342785454022351,8.342785454022351,False,True,corner,False,FN,sharpen_mild,False,,,,,,0.0,0.0,mild unsharp mask
E:\TJGY\MinPaper\MyAutoAugument\outputs\datasets\tiled\tiled_1024_ov20_full_safe_no_ok_position\images\val\2025-08-01-19-15-54ps5_NGyuan_tile_0010.jpg,9,轮廓划伤,"[320.0010070800781, 846.0001220703125, 367.0005798339844, 917.000244140625]",3336.975402779877,small,73.16332034761763,7.190210572874346,7.190210572874346,False,True,edge,False,FN,sharpen_mild,False,,,7,,,0.0,0.0,mild unsharp mask
E:\TJGY\MinPaper\MyAutoAugument\outputs\datasets\tiled\tiled_1024_ov20_full_safe_no_ok_position\images\val\2025-08-04-12-33-32ps5_NGyuan_tile_0007.jpg,12,锡膏,"[372.0007629394531, 490.9992980957031, 429.0007019042969, 573.0001831054688]",4674.045440619811,small,181.8913136499786,36.092790329431004,36.092790329431004,False,False,center,False,FN,sharpen_mild,False,0.0,0.976277768611908,12,0.0,0.9773492217063904,0.0,-0.0010714530944824219,mild unsharp mask
E:\TJGY\MinPaper\MyAutoAugument\outputs\datasets\tiled\tiled_1024_ov20_full_safe_no_ok_position\images\val\2025-08-04-12-33-32ps5_NGyuan_tile_0012.jpg,12,锡膏,"[372.0007629394531, 431.9994812011719, 429.0007019042969, 514.0003662109375]",4674.045440619811,small,181.89602053915277,36.09129258574198,36.09129258574198,False,False,center,False,FN,sharpen_mild,False,0.0,0.9872651100158691,12,0.0,0.984855592250824,0.0,0.002409517765045166,mild unsharp mask
E:\TJGY\MinPaper\MyAutoAugument\outputs\datasets\tiled\tiled_1024_ov20_full_safe_no_ok_position\images\val\2025-08-11-12-08-10ps5_NGyuan_tile_0002.jpg,7,碰伤,"[579.0007934570312, 712.9994506835938, 612.0012817382812, 721.9993286132812]",297.00036615133286,tiny,61.54545454545455,12.719405938158081,12.719405938158081,False,True,center,False,FN,sharpen_mild,False,,,,,,0.0,0.0,mild unsharp mask
E:\TJGY\MinPaper\MyAutoAugument\outputs\datasets\tiled\tiled_1024_ov20_full_safe_no_ok_position\images\val\2025-08-11-19-47-12ps5_tile_0002.jpg,10,锡丝残留,"[450.9997863769531, 899.0007934570312, 515.0007934570312, 1014.0011596679688]",7360.139252077788,small,90.81888586956522,29.39094057510151,29.39094057510151,False,False,edge,False,FN,sharpen_mild,False,,,,,,0.0,0.0,mild unsharp mask
E:\TJGY\MinPaper\MyAutoAugument\outputs\datasets\tiled\tiled_1024_ov20_full_safe_no_ok_position\images\val\2025-08-11-19-47-12ps5_tile_0012.jpg,10,锡丝残留,"[450.9997863769531, 21.000701904296875, 515.0007934570312, 136.0010223388672]",7360.136322344188,small,90.81589673913044,29.391555325766586,29.391555325766586,False,False,edge,False,FN,sharpen_mild,False,,,1,,,0.0,0.0,mild unsharp mask
E:\TJGY\MinPaper\MyAutoAugument\outputs\datasets\tiled\tiled_1024_ov20_full_safe_no_ok_position\images\val\2025-08-11-19-48-33ps5_tile_0002.jpg,10,锡丝残留,"[583.0010375976562, 918.9995727539062, 650.0014038085938, 1013.9990844726562]",6365.002075016499,small,82.86457187745484,29.289360786741216,29.289360786741216,False,False,edge,False,FN,sharpen_mild,False,,,11,,,0.0,0.0,mild unsharp mask
E:\TJGY\MinPaper\MyAutoAugument\outputs\datasets\tiled\tiled_1024_ov20_full_safe_no_ok_position\images\val\2025-08-11-19-48-33ps5_tile_0007.jpg,10,锡丝残留,"[583.0010375976562, 99.99923706054688, 650.0014038085938, 194.998779296875]",6365.004119705409,small,82.88578161822467,29.26549908145222,29.26549908145222,False,False,edge,False,FN,sharpen_mild,False,,,11,,,0.0,0.0,mild unsharp mask
E:\TJGY\MinPaper\MyAutoAugument\outputs\datasets\tiled\tiled_1024_ov20_full_safe_no_ok_position\images\val\2025-08-11-19-48-33ps5_tile_0012.jpg,10,锡丝残留,"[583.0010375976562, 40.99942398071289, 650.0014038085938, 135.9989776611328]",6365.00488646375,small,82.8725844461901,29.26325957101295,29.26325957101295,False,False,edge,False,FN,sharpen_mild,False,,,11,,,0.0,0.0,mild unsharp mask
E:\TJGY\MinPaper\MyAutoAugument\outputs\datasets\tiled\tiled_1024_ov20_full_safe_no_ok_position\images\val\2025-08-11-19-48-39ps5_tile_0002.jpg,11,锡尖,"[260.00177001953125, 969.9993896484375, 426.99981689453125, 1022.0001220703125]",8684.020750522614,small,131.6589129433441,28.84888457853096,28.84888457853096,False,False,edge,False,FN,sharpen_mild,False,,,,,,0.0,0.0,mild unsharp mask
E:\TJGY\MinPaper\MyAutoAugument\outputs\datasets\tiled\tiled_1024_ov20_full_safe_no_ok_position\images\val\2025-08-12-01-35-13ps5_NGyuan_tile_0008.jpg,7,碰伤,"[284.9986572265625, 695.0006103515625, 294.9990234375, 707.0008544921875]",120.00683602690697,tiny,68.83333333333333,13.364338949441365,13.364338949441365,False,True,center,False,FN,sharpen_mild,False,,,1,,,0.0,0.0,mild unsharp mask
E:\TJGY\MinPaper\MyAutoAugument\outputs\datasets\tiled\tiled_1024_ov20_full_safe_no_ok_position\images\val\2025-08-12-01-35-13ps5_NGyuan_tile_0009.jpg,7,碰伤,"[169.9983367919922, 695.0006103515625, 179.9987335205078, 707.0008544921875]",120.00720224529505,tiny,68.89166666666667,13.415038721110308,13.415038721110308,False,True,edge,False,FN,sharpen_mild,False,,,,,,0.0,0.0,mild unsharp mask
E:\TJGY\MinPaper\MyAutoAugument\outputs\datasets\tiled\tiled_1024_ov20_full_safe_no_ok_position\images\val\2025-08-12-01-35-13ps5_NGyuan_tile_0013.jpg,7,碰伤,"[284.9986572265625, 635.999755859375, 294.9990234375, 648.0]",120.00683602690697,tiny,68.75,13.430841373495555,13.430841373495555,False,True,center,False,FN,sharpen_mild,False,,,1,,,0.0,0.0,mild unsharp mask
E:\TJGY\MinPaper\MyAutoAugument\outputs\datasets\tiled\tiled_1024_ov20_full_safe_no_ok_position\images\val\2025-08-12-01-35-13ps5_NGyuan_tile_0014.jpg,7,碰伤,"[169.9983367919922, 635.999755859375, 179.9987335205078, 648.0]",120.00720224529505,tiny,68.825,13.406256313129825,13.406256313129825,False,True,edge,False,FN,sharpen_mild,False,,,,,,0.0,0.0,mild unsharp mask
E:\TJGY\MinPaper\MyAutoAugument\outputs\datasets\tiled\tiled_1024_ov20_full_safe_no_ok_position\images\val\2025-08-21-05-20-58ps5_NGyuan_tile_0010.jpg,7,碰伤,"[778.0018920898438, 644.0003051757812, 802.0014038085938, 658.0014038085938]",336.0195307135582,tiny,98.25297619047619,9.744885261578911,9.744885261578911,False,True,center,False,FN,sharpen_mild,False,,,,,,0.0,0.0,mild unsharp mask
E:\TJGY\MinPaper\MyAutoAugument\outputs\datasets\tiled\tiled_1024_ov20_full_safe_no_ok_position\images\val\2025-09-02-07-01-17ps5_NGyuan_tile_0007.jpg,11,锡尖,"[728.0009765625, 371.9992370605469, 780.0028076171875, 418.9997863769531]",2444.114625029266,small,91.18780687397708,32.5586892764388,32.5586892764388,False,False,center,False,FN,sharpen_mild,False,,,,,,0.0,0.0,mild unsharp mask
E:\TJGY\MinPaper\MyAutoAugument\outputs\datasets\tiled\tiled_1024_ov20_full_safe_no_ok_position\images\val\2025-09-02-07-01-17ps5_NGyuan_tile_0012.jpg,11,锡尖,"[728.0009765625, 312.99945068359375, 780.0028076171875, 360.0]",2444.114625029266,small,91.1665302782324,32.57385679580332,32.57385679580332,False,False,center,False,FN,sharpen_mild,False,,,6,,,0.0,0.0,mild unsharp mask
E:\TJGY\MinPaper\MyAutoAugument\outputs\datasets\tiled\tiled_1024_ov20_full_safe_no_ok_position\images\val\2025-09-02-08-24-16ps5_NGyuan_tile_0001.jpg,7,碰伤,"[504.9999084472656, 779.999755859375, 529.9998168945312, 790.99853515625]",274.9684754535556,tiny,67.17090909090909,16.44328735908832,16.44328735908832,False,True,center,False,FN,sharpen_mild,False,,,,,,0.0,0.0,mild unsharp mask
E:\TJGY\MinPaper\MyAutoAugument\outputs\datasets\tiled\tiled_1024_ov20_full_safe_no_ok_position\images\val\2025-09-02-15-04-54ps5_NGyuan_tile_0007.jpg,6,漏背锡,"[592.9998779296875, 346.0003662109375, 857.9998779296875, 424.99993896484375]",20934.886779785156,medium,93.02302364461428,40.044814221721936,40.044814221721936,False,False,center,False,FN,sharpen_mild,False,0.32763752341270447,0.27653318643569946,6,0.25203555822372437,0.6360679864883423,0.0756019651889801,-0.3595348000526428,mild unsharp mask
E:\TJGY\MinPaper\MyAutoAugument\outputs\datasets\tiled\tiled_1024_ov20_full_safe_no_ok_position\images\val\2025-09-02-15-04-54ps5_NGyuan_tile_0012.jpg,6,漏背锡,"[592.9998779296875, 287.0005798339844, 857.9998779296875, 366.0001525878906]",20934.886779785156,medium,93.03625507523286,40.043653921247,40.043653921247,False,False,center,False,FN,sharpen_mild,False,0.2597707509994507,0.6960722804069519,6,0.2679309844970703,0.768899142742157,-0.008160233497619629,-0.07282686233520508,mild unsharp mask
E:\TJGY\MinPaper\MyAutoAugument\outputs\datasets\tiled\tiled_1024_ov20_full_safe_no_ok_position\images\val\2025-09-02-20-35-27ps5_NGyuan_tile_0007.jpg,6,漏背锡,"[495.9979248046875, 399.0010681152344, 710.9990234375, 448.0005187988281]",10534.935729376972,medium,142.15007119126722,62.38630949557069,62.38630949557069,False,False,center,False,FN,sharpen_mild,False,0.0,0.8944883942604065,6,0.0,0.8630314469337463,0.0,0.031456947326660156,mild unsharp mask
E:\TJGY\MinPaper\MyAutoAugument\outputs\datasets\tiled\tiled_1024_ov20_full_safe_no_ok_position\images\val\2025-09-09-21-08-16ps5_tile_0005.jpg,7,碰伤,"[620.9991455078125, 429.00018310546875, 674.0003662109375, 473.9998779296875]",2385.0387569516897,small,83.34633123689727,8.341202081152689,8.341202081152689,False,True,center,False,FN,sharpen_mild,False,,,,,,0.0,0.0,mild unsharp mask
E:\TJGY\MinPaper\MyAutoAugument\outputs\datasets\tiled\tiled_1024_ov20_full_safe_no_ok_position\images\val\2025-09-09-21-08-16ps5_tile_0010.jpg,7,碰伤,"[620.9991455078125, 370.0003662109375, 674.0003662109375, 415.00006103515625]",2385.0387569516897,small,83.31949685534592,8.310901718698924,8.310901718698924,False,True,center,False,FN,sharpen_mild,False,,,,,,0.0,0.0,mild unsharp mask
E:\TJGY\MinPaper\MyAutoAugument\outputs\datasets\tiled\tiled_1024_ov20_full_safe_no_ok_position\images\val\2025-09-09-21-09-08ps5_tile_0002.jpg,7,碰伤,"[268.99969482421875, 636.000244140625, 350.0001220703125, 668.9996337890625]",2672.964660383761,small,71.33370744481856,13.990167208105312,13.990167208105312,False,True,center,False,FN,sharpen_mild,False,,,,,,0.0,0.0,mild unsharp mask
E:\TJGY\MinPaper\MyAutoAugument\outputs\datasets\tiled\tiled_1024_ov20_full_safe_no_ok_position\images\val\2025-09-09-21-09-08ps5_tile_0002.jpg,7,碰伤,"[896.0, 637.0001831054688, 967.99951171875, 685.9995727539062]",3527.932129204273,small,60.058956916099774,24.542952173817785,24.542952173817785,False,False,edge,False,FN,sharpen_mild,False,,,,,,0.0,0.0,mild unsharp mask
E:\TJGY\MinPaper\MyAutoAugument\outputs\datasets\tiled\tiled_1024_ov20_full_safe_no_ok_position\images\val\2025-09-09-21-09-08ps5_tile_0003.jpg,7,碰伤,"[77.00070190429688, 637.0001831054688, 149.0001983642578, 685.9995727539062]",3527.9313815329224,small,60.06235827664399,24.52822591520583,24.52822591520583,False,False,edge,False,FN,sharpen_mild,False,,,,,,0.0,0.0,mild unsharp mask
E:\TJGY\MinPaper\MyAutoAugument\outputs\datasets\tiled\tiled_1024_ov20_full_safe_no_ok_position\images\val\2025-09-09-21-09-08ps5_tile_0006.jpg,9,轮廓划伤,"[423.0005798339844, 792.00048828125, 472.9994201660156, 853.9996337890625]",3099.8853769674897,small,73.83129032258064,11.283484431491578,11.283484431491578,False,True,edge,False,FN,sharpen_mild,False,,,7,,,0.0,0.0,mild unsharp mask
E:\TJGY\MinPaper\MyAutoAugument\outputs\datasets\tiled\tiled_1024_ov20_full_safe_no_ok_position\images\val\2025-09-09-21-09-08ps5_tile_0011.jpg,9,轮廓划伤,"[423.0005798339844, 733.0006713867188, 472.9994201660156, 794.9998168945312]",3099.8853769674897,small,73.80677419354839,11.264664388596808,11.264664388596808,False,True,center,False,FN,sharpen_mild,False,,,7,,,0.0,0.0,mild unsharp mask
E:\TJGY\MinPaper\MyAutoAugument\outputs\datasets\tiled\tiled_1024_ov20_full_safe_no_ok_position\images\val\2025-09-15-17-40-22ps5_tile_0002.jpg,2,加强筋打伤,"[780.000244140625, 491.00030517578125, 825.0009765625, 563.0007934570312]",3240.074707388878,small,58.91203703703704,12.028771200385384,12.028771200385384,True,True,center,False,FN,sharpen_mild,False,,,0,,,0.0,0.0,mild unsharp mask
E:\TJGY\MinPaper\MyAutoAugument\outputs\datasets\tiled\tiled_1024_ov20_full_safe_no_ok_position\images\val\2025-09-15-17-40-45ps5_tile_0003.jpg,9,轮廓划伤,"[614.99853515625, 768.9994506835938, 658.998779296875, 878.9995727539062]",4840.032226592302,small,43.10144628099174,5.880616532374243,5.880616532374243,True,True,edge,False,FN,sharpen_mild,False,0.0,0.8298689126968384,9,0.0,0.8685526251792908,0.0,-0.03868371248245239,mild unsharp mask
E:\TJGY\MinPaper\MyAutoAugument\outputs\datasets\tiled\tiled_1024_ov20_full_safe_no_ok_position\images\val\2025-09-15-17-40-45ps5_tile_0005.jpg,7,碰伤,"[658.001953125, 365.9991149902344, 696.00048828125, 410.0003967285156]",1671.9842510521412,small,80.13516746411483,19.512654649717266,19.512654649717266,False,True,center,False,FN,sharpen_mild,False,,,2,,,0.0,0.0,mild unsharp mask
E:\TJGY\MinPaper\MyAutoAugument\outputs\datasets\tiled\tiled_1024_ov20_full_safe_no_ok_position\images\val\2025-09-15-17-40-45ps5_tile_0008.jpg,9,轮廓划伤,"[667.999755859375, 143.99948120117188, 736.00048828125, 280.0]",9248.134888075292,small,52.046820934256054,11.056431250044772,11.056431250044772,True,True,center,False,FN,sharpen_mild,False,,,7,0.0,0.6813665628433228,0.0,-0.6813665628433228,mild unsharp mask
E:\TJGY\MinPaper\MyAutoAugument\outputs\datasets\tiled\tiled_1024_ov20_full_safe_no_ok_position\images\val\2025-09-15-17-40-45ps5_tile_0009.jpg,9,轮廓划伤,"[552.9994506835938, 143.99948120117188, 621.0001831054688, 280.0]",9248.134888075292,small,52.04163062283737,11.041174963422284,11.041174963422284,True,True,center,False,FN,sharpen_mild,False,,,7,0.0,0.4902084767818451,0.0,-0.4902084767818451,mild unsharp mask
E:\TJGY\MinPaper\MyAutoAugument\outputs\datasets\tiled\tiled_1024_ov20_full_safe_no_ok_position\images\val\2025-09-15-17-40-45ps5_tile_0013.jpg,9,轮廓划伤,"[588.0007934570312, 129.9998779296875, 647.0005493164062, 266.998779296875]",8082.901733666658,small,45.12247927749598,7.320491860402777,7.320491860402777,True,True,edge,False,FN,sharpen_mild,False,,,7,,,0.0,0.0,mild unsharp mask
E:\TJGY\MinPaper\MyAutoAugument\outputs\datasets\tiled\tiled_1024_ov20_full_safe_no_ok_position\images\val\2025-09-15-17-40-45ps5_tile_0013.jpg,9,轮廓划伤,"[667.999755859375, 84.99967956542969, 736.00048828125, 221.0001983642578]",9248.134888075292,small,52.05590397923876,11.051302284552333,11.051302284552333,True,True,edge,False,FN,sharpen_mild,False,,,7,,,0.0,0.0,mild unsharp mask
E:\TJGY\MinPaper\MyAutoAugument\outputs\datasets\tiled\tiled_1024_ov20_full_safe_no_ok_position\images\val\2025-09-17-00-42-01ps5_NGyuan_tile_0002.jpg,9,轮廓划伤,"[569.9998779296875, 440.9994201660156, 608.9989013671875, 531.9992065429688]",3548.902801722288,small,82.39165962242885,19.955258444015058,19.955258444015058,False,True,center,False,FN,sharpen_mild,True,0.9175063371658325,0.39991670846939087,9,,,0.9175063371658325,0.39991670846939087,mild unsharp mask
E:\TJGY\MinPaper\MyAutoAugument\outputs\datasets\tiled\tiled_1024_ov20_full_safe_no_ok_position\images\val\2025-09-17-00-42-01ps5_NGyuan_tile_0003.jpg,9,轮廓划伤,"[88.99993896484375, 451.99920654296875, 134.00064086914062, 546.998779296875]",4275.0474545340985,small,61.53426900584795,16.561533177541072,16.561533177541072,False,True,edge,False,FN,sharpen_mild,False,,,7,,,0.0,0.0,mild unsharp mask
E:\TJGY\MinPaper\MyAutoAugument\outputs\datasets\tiled\tiled_1024_ov20_full_safe_no_ok_position\images\val\2025-09-17-00-42-01ps5_NGyuan_tile_0007.jpg,9,轮廓划伤,"[825.9993286132812, 569.0009765625, 861.9990844726562, 658.0008544921875]",3203.9738769829273,small,82.04119850187266,27.04385951819281,27.04385951819281,False,False,edge,False,FN,sharpen_mild,False,,,4,,,0.0,0.0,mild unsharp mask
E:\TJGY\MinPaper\MyAutoAugument\outputs\datasets\tiled\tiled_1024_ov20_full_safe_no_ok_position\images\val\2025-09-17-00-42-01ps5_NGyuan_tile_0007.jpg,9,轮廓划伤,"[464.9989318847656, 554.0003662109375, 508.9991760253906, 646.0006103515625]",4048.0332031846046,small,88.09510869565217,25.228170146891692,25.228170146891692,False,False,center,False,FN,sharpen_mild,False,,,4,,,0.0,0.0,mild unsharp mask
E:\TJGY\MinPaper\MyAutoAugument\outputs\datasets\tiled\tiled_1024_ov20_full_safe_no_ok_position\images\val\2025-09-17-00-42-01ps5_NGyuan_tile_0008.jpg,9,轮廓划伤,"[6.999040603637695, 569.0009765625, 42.99878692626953, 658.0008544921875]",3203.97302821395,small,82.03558052434457,27.060123698453427,27.060123698453427,False,False,edge,False,FN,sharpen_mild,False,,,4,,,0.0,0.0,mild unsharp mask
E:\TJGY\MinPaper\MyAutoAugument\outputs\datasets\tiled\tiled_1024_ov20_full_safe_no_ok_position\images\val\2025-09-17-00-42-01ps5_NGyuan_tile_0012.jpg,9,轮廓划伤,"[825.9993286132812, 510.0011291503906, 861.9990844726562, 599.0010986328125]",3203.977172859013,small,82.05087390761548,27.03131251511788,27.03131251511788,False,False,edge,False,FN,sharpen_mild,False,,,4,,,0.0,0.0,mild unsharp mask
E:\TJGY\MinPaper\MyAutoAugument\outputs\datasets\tiled\tiled_1024_ov20_full_safe_no_ok_position\images\val\2025-09-17-00-42-01ps5_NGyuan_tile_0012.jpg,9,轮廓划伤,"[464.9989318847656, 495.0006103515625, 508.9991760253906, 587.0008544921875]",4048.0332031846046,small,88.0909090909091,25.217132883679668,25.217132883679668,False,False,center,False,FN,sharpen_mild,False,,,4,,,0.0,0.0,mild unsharp mask
E:\TJGY\MinPaper\MyAutoAugument\outputs\datasets\tiled\tiled_1024_ov20_full_safe_no_ok_position\images\val\2025-09-17-00-42-01ps5_NGyuan_tile_0013.jpg,9,轮廓划伤,"[6.999040603637695, 510.0011291503906, 42.99878692626953, 599.0010986328125]",3203.9763240891625,small,82.05149812734082,27.05617049169587,27.05617049169587,False,False,edge,False,FN,sharpen_mild,False,,,4,,,0.0,0.0,mild unsharp mask
E:\TJGY\MinPaper\MyAutoAugument\outputs\datasets\tiled\tiled_1024_ov20_full_safe_no_ok_position\images\val\2025-09-17-01-04-57ps5_NGyuan_tile_0007.jpg,7,碰伤,"[943.9984741210938, 549.001220703125, 1022.9990844726562, 661.000244140625]",8847.991210341454,small,70.38438065099457,27.789816997064424,27.789816997064424,False,False,edge,False,FN,sharpen_mild,False,,,0,,,0.0,0.0,mild unsharp mask
E:\TJGY\MinPaper\MyAutoAugument\outputs\datasets\tiled\tiled_1024_ov20_full_safe_no_ok_position\images\val\2025-09-17-01-04-57ps5_NGyuan_tile_0009.jpg,7,碰伤,"[9.997825622558594, 549.001220703125, 88.99839782714844, 661.000244140625]",8847.986937917769,small,70.39500452079567,27.785352623891168,27.785352623891168,False,False,edge,False,FN,sharpen_mild,False,,,,,,0.0,0.0,mild unsharp mask
E:\TJGY\MinPaper\MyAutoAugument\outputs\datasets\tiled\tiled_1024_ov20_full_safe_no_ok_position\images\val\2025-09-17-01-04-57ps5_NGyuan_tile_0012.jpg,7,碰伤,"[943.9984741210938, 490.0014343261719, 1022.9990844726562, 602.0004272460938]",8847.988799434155,small,70.38381555153707,27.781154746340547,27.781154746340547,False,False,edge,False,FN,sharpen_mild,False,,,1,,,0.0,0.0,mild unsharp mask
E:\TJGY\MinPaper\MyAutoAugument\outputs\datasets\tiled\tiled_1024_ov20_full_safe_no_ok_position\images\val\2025-09-17-01-04-57ps5_NGyuan_tile_0014.jpg,7,碰伤,"[9.997825622558594, 490.0014343261719, 88.99839782714844, 602.0004272460938]",8847.984527011635,small,70.39602169981917,27.783863597371752,27.783863597371752,False,False,edge,False,FN,sharpen_mild,False,,,,,,0.0,0.0,mild unsharp mask
E:\TJGY\MinPaper\MyAutoAugument\outputs\datasets\tiled\tiled_1024_ov20_full_safe_no_ok_position\images\val\2025-09-23-01-12-21ps5_NGyuan_tile_0000.jpg,8,脏污,"[867.0013427734375, 503.0005798339844, 929.9998779296875, 558.0006713867188]",3464.925201281905,small,96.83174603174604,20.809539021020875,20.809539021020875,False,False,edge,False,FN,sharpen_mild,False,,,7,,,0.0,0.0,mild unsharp mask
E:\TJGY\MinPaper\MyAutoAugument\outputs\datasets\tiled\tiled_1024_ov20_full_safe_no_ok_position\images\val\2025-09-23-01-12-21ps5_NGyuan_tile_0001.jpg,8,脏污,"[48.00102615356445, 503.0005798339844, 110.99955749511719, 558.0006713867188]",3464.9249914732063,small,96.83376623376624,20.802404743265633,20.802404743265633,False,False,edge,False,FN,sharpen_mild,False,,,7,,,0.0,0.0,mild unsharp mask
E:\TJGY\MinPaper\MyAutoAugument\outputs\datasets\tiled\tiled_1024_ov20_full_safe_no_ok_position\images\val\2025-09-23-12-23-50ps5_NGyuan_tile_0007.jpg,1,OK3,"[535.99951171875, 675.0003051757812, 712.9979248046875, 710.0006713867188]",6195.009276762605,small,68.44229217110573,12.546360320682469,12.546360320682469,False,True,center,False,FN,sharpen_mild,False,,,0,,,0.0,0.0,mild unsharp mask
E:\TJGY\MinPaper\MyAutoAugument\outputs\datasets\tiled\tiled_1024_ov20_full_safe_no_ok_position\images\val\2025-10-11-06-43-38ps5_tile_0004.jpg,7,碰伤,"[785.0004272460938, 780.9996948242188, 939.9992065429688, 1000.9999389648438]",34099.76928681135,medium,53.30431085043988,18.205265879869607,18.205265879869607,True,True,corner,False,FN,sharpen_mild,False,,,,,,0.0,0.0,mild unsharp mask
E:\TJGY\MinPaper\MyAutoAugument\outputs\datasets\tiled\tiled_1024_ov20_full_safe_no_ok_position\images\val\2025-10-11-06-43-38ps5_tile_0009.jpg,7,碰伤,"[833.00146484375, 496.00048828125, 952.00048828125, 672.00048828125]",20943.828125,medium,53.00940603514133,15.966843311164997,15.966843311164997,True,True,edge,False,FN,sharpen_mild,False,,,,,,0.0,0.0,mild unsharp mask
E:\TJGY\MinPaper\MyAutoAugument\outputs\datasets\tiled\tiled_1024_ov20_full_safe_no_ok_position\images\val\2025-10-11-06-43-38ps5_tile_0012.jpg,1,OK3,"[825.0009765625, 564.000732421875, 944.9993896484375, 625.9998779296875]",7439.799073621631,small,60.81760752688172,12.480530501060455,12.480530501060455,False,True,edge,False,FN,sharpen_mild,True,0.933888852596283,0.3595207929611206,1,,,0.933888852596283,0.3595207929611206,mild unsharp mask
E:\TJGY\MinPaper\MyAutoAugument\outputs\datasets\tiled\tiled_1024_ov20_full_safe_no_ok_position\images\val\2025-10-11-06-43-38ps5_tile_0013.jpg,1,OK3,"[6.001659393310547, 564.000732421875, 126.0001220703125, 625.9998779296875]",7439.802148225252,small,60.82231182795699,12.474237409818958,12.474237409818958,False,True,edge,False,FN,sharpen_mild,True,0.8706488609313965,0.4703051447868347,1,,,0.8706488609313965,0.4703051447868347,mild unsharp mask
E:\TJGY\MinPaper\MyAutoAugument\outputs\datasets\tiled\tiled_1024_ov20_full_safe_no_ok_position\images\val\2025-10-11-06-43-38ps5_tile_0014.jpg,7,碰伤,"[833.00146484375, 437.000732421875, 952.00048828125, 613.000732421875]",20943.828125,medium,53.00868983957219,15.957455759330232,15.957455759330232,True,True,edge,False,FN,sharpen_mild,False,,,,,,0.0,0.0,mild unsharp mask
E:\TJGY\MinPaper\MyAutoAugument\outputs\datasets\tiled\tiled_1024_ov20_full_safe_no_ok_position\images\val\2025-10-17-13-38-05ps5_NGyuan_tile_0002.jpg,8,脏污,"[97.9993667602539, 625.00146484375, 315.999755859375, 758.0006103515625]",28993.86547055375,medium,92.81903152376354,27.81747796575795,27.81747796575795,False,False,center,False,FN,sharpen_mild,False,,,,,,0.0,0.0,mild unsharp mask
E:\TJGY\MinPaper\MyAutoAugument\outputs\datasets\tiled\tiled_1024_ov20_full_safe_no_ok_position\images\val\2025-10-17-15-21-16ps5_NGyuan_tile_0001.jpg,7,碰伤,"[370.9992980957031, 653.0001831054688, 397.9980773925781, 676.9996948242188]",647.9575201272964,tiny,76.18672839506173,7.7350419033912425,7.7350419033912425,False,True,center,False,FN,sharpen_mild,False,0.0,0.7052885293960571,7,0.0,0.711706280708313,0.0,-0.006417751312255859,mild unsharp mask
E:\TJGY\MinPaper\MyAutoAugument\outputs\datasets\tiled\tiled_1024_ov20_full_safe_no_ok_position\images\val\2025-10-17-15-21-16ps5_NGyuan_tile_0005.jpg,7,碰伤,"[891.9987182617188, 703.99951171875, 935.9989624023438, 729.9998779296875]",1144.022461026907,small,82.23076923076923,6.091169014871003,6.091169014871003,False,True,edge,False,FN,sharpen_mild,False,,,,,,0.0,0.0,mild unsharp mask
E:\TJGY\MinPaper\MyAutoAugument\outputs\datasets\tiled\tiled_1024_ov20_full_safe_no_ok_position\images\val\2025-10-17-15-21-16ps5_NGyuan_tile_0010.jpg,7,碰伤,"[891.9987182617188, 644.9996948242188, 935.9989624023438, 671.0000610351562]",1144.022461026907,small,82.25961538461539,6.116146679218979,6.116146679218979,False,True,edge,False,FN,sharpen_mild,False,,,,,,0.0,0.0,mild unsharp mask
E:\TJGY\MinPaper\MyAutoAugument\outputs\datasets\tiled\tiled_1024_ov20_full_safe_no_ok_position\images\val\2025-10-17-15-21-16ps5_NGyuan_tile_0011.jpg,7,碰伤,"[72.99839782714844, 644.9996948242188, 116.9986572265625, 671.0000610351562]",1144.0228577610105,small,82.26923076923077,6.0766575138929095,6.0766575138929095,False,True,edge,False,FN,sharpen_mild,False,,,,,,0.0,0.0,mild unsharp mask
E:\TJGY\MinPaper\MyAutoAugument\outputs\datasets\tiled\tiled_1024_ov20_full_safe_no_ok_position\images\val\2025-10-22-13-52-23ps5_NGyuan_tile_0007.jpg,12,锡膏,"[213.9990997314453, 268.9996643066406, 273.9983215332031, 304.9994201660156]",2159.957336615771,small,210.7685185185185,35.23007881570474,35.23007881570474,False,False,center,False,FN,sharpen_mild,False,,,0,,,0.0,0.0,mild unsharp mask
E:\TJGY\MinPaper\MyAutoAugument\outputs\datasets\tiled\tiled_1024_ov20_full_safe_no_ok_position\images\val\2025-10-22-13-52-23ps5_NGyuan_tile_0012.jpg,12,锡膏,"[213.9990997314453, 209.99986267089844, 273.9983215332031, 245.99961853027344]",2159.957336615771,small,210.7699074074074,35.20862849305262,35.20862849305262,False,False,center,False,FN,sharpen_mild,False,,,0,,,0.0,0.0,mild unsharp mask
E:\TJGY\MinPaper\MyAutoAugument\outputs\datasets\tiled\tiled_1024_ov20_full_safe_no_ok_position\images\val\2025-10-31-03-46-08ps5_NGyuan_tile_0006.jpg,5,浅划伤,"[213.99911499023438, 679.99951171875, 291.0008239746094, 736.0]",4312.133301615715,small,87.8409090909091,9.498692220750025,9.498692220750025,False,True,center,False,FN,sharpen_mild,False,,,7,,,0.0,0.0,mild unsharp mask
E:\TJGY\MinPaper\MyAutoAugument\outputs\datasets\tiled\tiled_1024_ov20_full_safe_no_ok_position\images\val\2025-10-31-03-46-08ps5_NGyuan_tile_0011.jpg,5,浅划伤,"[213.99911499023438, 620.9996948242188, 291.0008239746094, 677.0001831054688]",4312.133301615715,small,87.8471706864564,9.498318929995587,9.498318929995587,False,True,center,False,FN,sharpen_mild,False,,,7,,,0.0,0.0,mild unsharp mask
E:\TJGY\MinPaper\MyAutoAugument\outputs\datasets\tiled\tiled_1024_ov20_full_safe_no_ok_position\images\val\2025-11-01-14-42-20ps5_NGyuan_tile_0003.jpg,7,碰伤,"[500.000244140625, 899.999755859375, 605.9996337890625, 977.00048828125]",8162.030639201403,small,50.66172506738545,18.150312464313096,18.150312464313096,True,True,edge,False,FN,sharpen_mild,False,0.0,0.8685173392295837,7,0.0,0.7693948745727539,0.0,0.09912246465682983,mild unsharp mask
E:\TJGY\MinPaper\MyAutoAugument\outputs\datasets\tiled\tiled_1024_ov20_full_safe_no_ok_position\images\val\2025-11-01-14-42-20ps5_NGyuan_tile_0004.jpg,7,碰伤,"[384.99993896484375, 899.999755859375, 490.999267578125, 977.00048828125]",8162.025939449668,small,50.65645675079637,18.16103435712057,18.16103435712057,True,True,edge,False,FN,sharpen_mild,False,,,,,,0.0,0.0,mild unsharp mask
E:\TJGY\MinPaper\MyAutoAugument\outputs\datasets\tiled\tiled_1024_ov20_full_safe_no_ok_position\images\val\2025-11-01-14-42-20ps5_NGyuan_tile_0005.jpg,7,碰伤,"[372.0007629394531, 847.9994506835938, 434.9992980957031, 944.9999389648438]",6110.888671159744,small,73.78972344951727,10.3877121956301,10.3877121956301,False,True,edge,False,FN,sharpen_mild,False,,,,,,0.0,0.0,mild unsharp mask
E:\TJGY\MinPaper\MyAutoAugument\outputs\datasets\tiled\tiled_1024_ov20_full_safe_no_ok_position\images\val\2025-11-01-14-42-20ps5_NGyuan_tile_0008.jpg,7,碰伤,"[594.0014038085938, 581.9996337890625, 643.0007934570312, 670.99951171875]",4360.939697340131,small,61.634716808071545,8.350099978877372,8.350099978877372,False,True,center,False,FN,sharpen_mild,False,,,9,,,0.0,0.0,mild unsharp mask
E:\TJGY\MinPaper\MyAutoAugument\outputs\datasets\tiled\tiled_1024_ov20_full_safe_no_ok_position\images\val\2025-11-01-14-42-20ps5_NGyuan_tile_0008.jpg,7,碰伤,"[342.998046875, 683.0003051757812, 490.998779296875, 816.9999389648438]",19832.04394504428,medium,46.13816054860831,9.892181567104181,9.892181567104181,True,True,center,False,FN,sharpen_mild,False,,,9,,,0.0,0.0,mild unsharp mask
E:\TJGY\MinPaper\MyAutoAugument\outputs\datasets\tiled\tiled_1024_ov20_full_safe_no_ok_position\images\val\2025-11-01-14-42-20ps5_NGyuan_tile_0008.jpg,7,碰伤,"[500.000244140625, 80.99942779541016, 605.9996337890625, 158.0001220703125]",8162.026595645584,small,50.6691987258025,18.166714261311874,18.166714261311874,True,True,edge,False,FN,sharpen_mild,False,,,9,,,0.0,0.0,mild unsharp mask
E:\TJGY\MinPaper\MyAutoAugument\outputs\datasets\tiled\tiled_1024_ov20_full_safe_no_ok_position\images\val\2025-11-01-14-42-20ps5_NGyuan_tile_0009.jpg,7,碰伤,"[479.0010681152344, 581.9996337890625, 528.00048828125, 670.99951171875]",4360.942413400859,small,61.649163036000914,8.381732074677439,8.381732074677439,False,True,center,False,FN,sharpen_mild,False,0.0,0.3194614350795746,7,0.0,0.36237359046936035,0.0,-0.04291215538978577,mild unsharp mask
E:\TJGY\MinPaper\MyAutoAugument\outputs\datasets\tiled\tiled_1024_ov20_full_safe_no_ok_position\images\val\2025-11-01-14-42-20ps5_NGyuan_tile_0009.jpg,7,碰伤,"[384.99993896484375, 80.99942779541016, 490.999267578125, 158.0001220703125]",8162.021895896178,small,50.65853957363392,18.18350789983095,18.18350789983095,True,True,edge,False,FN,sharpen_mild,False,0.0,0.3194614350795746,7,0.0,0.36237359046936035,0.0,-0.04291215538978577,mild unsharp mask
E:\TJGY\MinPaper\MyAutoAugument\outputs\datasets\tiled\tiled_1024_ov20_full_safe_no_ok_position\images\val\2025-11-01-14-42-20ps5_NGyuan_tile_0010.jpg,7,碰伤,"[372.0007629394531, 788.9986572265625, 434.9992980957031, 885.9991455078125]",6110.888671159744,small,73.77974144984454,10.409780498474799,10.409780498474799,False,True,edge,False,FN,sharpen_mild,False,,,,,,0.0,0.0,mild unsharp mask
E:\TJGY\MinPaper\MyAutoAugument\outputs\datasets\tiled\tiled_1024_ov20_full_safe_no_ok_position\images\val\2025-11-01-14-42-20ps5_NGyuan_tile_0013.jpg,7,碰伤,"[594.0014038085938, 522.998779296875, 643.0007934570312, 611.998779296875]",4360.9456787109375,small,61.65099747764274,8.370885904884908,8.370885904884908,False,True,center,False,FN,sharpen_mild,False,0.0,0.29861050844192505,7,0.0,0.5604667067527771,0.0,-0.26185619831085205,mild unsharp mask
E:\TJGY\MinPaper\MyAutoAugument\outputs\datasets\tiled\tiled_1024_ov20_full_safe_no_ok_position\images\val\2025-11-01-14-42-20ps5_NGyuan_tile_0013.jpg,7,碰伤,"[500.000244140625, 21.999618530273438, 605.9996337890625, 99.00032043457031]",8162.027404356748,small,50.657926978681694,18.16755758235728,18.16755758235728,True,True,edge,False,FN,sharpen_mild,False,0.0,0.29861050844192505,7,0.0,0.5604667067527771,0.0,-0.26185619831085205,mild unsharp mask
E:\TJGY\MinPaper\MyAutoAugument\outputs\datasets\tiled\tiled_1024_ov20_full_safe_no_ok_position\images\val\2025-11-01-14-42-20ps5_NGyuan_tile_0014.jpg,7,碰伤,"[384.99993896484375, 21.999618530273438, 490.999267578125, 99.00032043457031]",8162.022704606876,small,50.65290370007351,18.163884330448102,18.163884330448102,True,True,edge,False,FN,sharpen_mild,False,0.0,0.5722993612289429,7,0.0,0.48193860054016113,0.0,0.09036076068878174,mild unsharp mask
E:\TJGY\MinPaper\MyAutoAugument\outputs\datasets\tiled\tiled_1024_ov20_full_safe_no_ok_position\images\val\2025-11-12-16-33-42ps5_NGyuan_tile_0006.jpg,7,碰伤,"[650.998291015625, 6.000639915466309, 692.000244140625, 24.999935150146484]",779.0082126203924,tiny,77.55198973042361,16.23695860274999,16.23695860274999,False,True,edge,False,FN,sharpen_mild,True,0.7865551114082336,0.43057072162628174,7,,,0.7865551114082336,0.43057072162628174,mild unsharp mask
E:\TJGY\MinPaper\MyAutoAugument\outputs\datasets\tiled\tiled_1024_ov20_full_safe_no_ok_position\images\val\2229344f-2025-05-09-18-28-13ps5_tile_0002.jpg,10,锡丝残留,"[425.9978332519531, 917.0001831054688, 709.9991455078125, 974.9995727539062]",16471.902770195156,medium,51.756313744536186,28.19032209028167,28.19032209028167,True,False,edge,False,FN,sharpen_mild,False,,,,,,0.0,0.0,mild unsharp mask
E:\TJGY\MinPaper\MyAutoAugument\outputs\datasets\tiled\tiled_1024_ov20_full_safe_no_ok_position\images\val\2229344f-2025-05-09-18-28-13ps5_tile_0007.jpg,10,锡丝残留,"[425.9978332519531, 97.99987030029297, 709.9991455078125, 155.99923706054688]",16471.89626992098,medium,51.75728508984944,28.200555790248156,28.200555790248156,True,False,edge,False,FN,sharpen_mild,False,,,12,,,0.0,0.0,mild unsharp mask
E:\TJGY\MinPaper\MyAutoAugument\outputs\datasets\tiled\tiled_1024_ov20_full_safe_no_ok_position\images\val\a91db891-2025-04-13-11-39-07ps5_tile_0002.jpg,7,碰伤,"[374.00115966796875, 808.00048828125, 396.00177001953125, 816.0]",175.99414032697678,tiny,29.619318181818183,9.131456096604467,9.131456096604467,True,True,center,False,FN,sharpen_mild,False,,,,0.0,0.6018717288970947,0.0,-0.6018717288970947,mild unsharp mask
E:\TJGY\MinPaper\MyAutoAugument\outputs\datasets\tiled\tiled_1024_ov20_full_safe_no_ok_position\images\val\a91db891-2025-04-13-11-39-07ps5_tile_0004.jpg,7,碰伤,"[334.0006408691406, 957.9996337890625, 346.0008850097656, 973.9996337890625]",192.00390625,tiny,33.760416666666664,13.989761726338381,13.989761726338381,True,True,edge,False,FN,sharpen_mild,False,,,,,,0.0,0.0,mild unsharp mask
E:\TJGY\MinPaper\MyAutoAugument\outputs\datasets\tiled\tiled_1024_ov20_full_safe_no_ok_position\images\val\a91db891-2025-04-13-11-39-07ps5_tile_0006.jpg,7,碰伤,"[373.99859619140625, 880.9999389648438, 439.00006103515625, 896.9999389648438]",1040.0234375,tiny,39.90480769230769,16.103558372940746,16.103558372940746,True,True,edge,False,FN,sharpen_mild,False,,,,0.0,0.2767678499221802,0.0,-0.2767678499221802,mild unsharp mask
E:\TJGY\MinPaper\MyAutoAugument\outputs\datasets\tiled\tiled_1024_ov20_full_safe_no_ok_position\images\val\a91db891-2025-04-13-11-39-07ps5_tile_0009.jpg,7,碰伤,"[334.0006408691406, 138.99929809570312, 346.0008850097656, 154.99929809570312]",192.00390625,tiny,33.739583333333336,13.970388917029316,13.970388917029316,True,True,edge,False,FN,sharpen_mild,False,,,,,,0.0,0.0,mild unsharp mask
E:\TJGY\MinPaper\MyAutoAugument\outputs\datasets\tiled\tiled_1024_ov20_full_safe_no_ok_position\images\val\a91db891-2025-04-13-11-39-07ps5_tile_0014.jpg,7,碰伤,"[334.0006408691406, 79.9994888305664, 346.0008850097656, 95.9994888305664]",192.00390625,tiny,33.786458333333336,13.92319796682012,13.92319796682012,True,True,edge,False,FN,sharpen_mild,False,,,,,,0.0,0.0,mild unsharp mask
E:\TJGY\MinPaper\MyAutoAugument\outputs\datasets\tiled\tiled_1024_ov20_full_safe_no_ok_position\images\val\ce0d1787-2025-04-25-11-20-04ps5_NGyuan_tile_0007.jpg,12,锡膏,"[463.99896240234375, 184.99891662597656, 601.9993286132812, 294.9990539550781]",15180.059234669432,medium,116.9655467720685,31.009908507174064,31.009908507174064,False,False,center,False,FN,sharpen_mild,False,,,,,,0.0,0.0,mild unsharp mask
E:\TJGY\MinPaper\MyAutoAugument\outputs\datasets\tiled\tiled_1024_ov20_full_safe_no_ok_position\images\val\ce0d1787-2025-04-25-11-20-04ps5_NGyuan_tile_0012.jpg,12,锡膏,"[463.99896240234375, 125.99909973144531, 601.9993286132812, 235.9992218017578]",15180.057128950953,medium,116.96752305665349,31.00227688190202,31.00227688190202,False,False,edge,False,FN,sharpen_mild,False,,,,,,0.0,0.0,mild unsharp mask
E:\TJGY\MinPaper\MyAutoAugument\outputs\datasets\tiled\tiled_1024_ov20_full_safe_no_ok_position\images\val\105acebc-2025-05-09-18-24-19ps5_tile_0000.jpg,7,碰伤,"[912.9993896484375, 569.9989013671875, 931.0013427734375, 578.998779296875]",162.01538062095642,tiny,33.98765432098765,11.577429966155993,11.577429966155993,True,True,edge,False,FN,combined_photometric,True,0.6029841899871826,0.5831384658813477,7,0.3009812533855438,0.9500972628593445,0.3020029366016388,-0.3669587969779968,clahe + mild contrast + gamma
E:\TJGY\MinPaper\MyAutoAugument\outputs\datasets\tiled\tiled_1024_ov20_full_safe_no_ok_position\images\val\13d91ebd-2025-04-13-11-32-17ps5_tile_0010.jpg,7,碰伤,"[525.0022583007812, 711.0015869140625, 550.0011596679688, 735.0010986328125]",599.9614263176918,tiny,31.981666666666666,9.476884010873803,9.476884010873803,True,True,center,False,FN,combined_photometric,False,,,,0.0,0.837761402130127,0.0,-0.837761402130127,clahe + mild contrast + gamma
E:\TJGY\MinPaper\MyAutoAugument\outputs\datasets\tiled\tiled_1024_ov20_full_safe_no_ok_position\images\val\182e7d02-2025-04-22-16-40-10ps5_NGyuan_tile_0001.jpg,7,碰伤,"[494.002197265625, 576.0, 531.0013427734375, 586.0003662109375]",370.0050045698881,tiny,40.229729729729726,15.822279277922496,15.822279277922496,True,True,center,False,FN,combined_photometric,False,0.08615455776453018,0.7388314604759216,7,0.0,0.8648220896720886,0.08615455776453018,-0.125990629196167,clahe + mild contrast + gamma
E:\TJGY\MinPaper\MyAutoAugument\outputs\datasets\tiled\tiled_1024_ov20_full_safe_no_ok_position\images\val\182e7d02-2025-04-22-16-40-10ps5_NGyuan_tile_0007.jpg,12,锡膏,"[311.99896240234375, 112.99890899658203, 425.9998779296875, 240.99993896484375]",14592.2346048248,medium,80.68414199561404,25.61158079643109,25.61158079643109,False,False,edge,False,FN,combined_photometric,False,,,,,,0.0,0.0,clahe + mild contrast + gamma
E:\TJGY\MinPaper\MyAutoAugument\outputs\datasets\tiled\tiled_1024_ov20_full_safe_no_ok_position\images\val\2025-05-10-15-39-23ps5_tile_0007.jpg,4,油污,"[15.00006103515625, 628.000244140625, 304.99993896484375, 725.000732421875]",28130.129760682583,medium,54.22619978670458,15.326970402266443,15.326970402266443,True,True,edge,False,FN,combined_photometric,False,0.0,0.8201444745063782,4,0.1353103369474411,0.5343640446662903,-0.1353103369474411,0.2857804298400879,clahe + mild contrast + gamma
E:\TJGY\MinPaper\MyAutoAugument\outputs\datasets\tiled\tiled_1024_ov20_full_safe_no_ok_position\images\val\2025-05-10-15-39-23ps5_tile_0012.jpg,4,油污,"[15.00006103515625, 569.0004272460938, 304.99993896484375, 666.0009155273438]",28130.129760682583,medium,54.22321365090651,15.3365902471285,15.3365902471285,True,True,edge,False,FN,combined_photometric,False,0.17227691411972046,0.323250949382782,4,0.14986126124858856,0.9171929359436035,0.022415652871131897,-0.5939419865608215,clahe + mild contrast + gamma
E:\TJGY\MinPaper\MyAutoAugument\outputs\datasets\tiled\tiled_1024_ov20_full_safe_no_ok_position\images\val\2025-05-10-15-40-40ps5_tile_0005.jpg,4,油污,"[359.9989929199219, 440.0005187988281, 402.0003967285156, 532.0007934570312]",3864.140686420724,small,34.52329192546584,26.149523784041858,26.149523784041858,True,False,center,False,FN,combined_photometric,False,,,,,,0.0,0.0,clahe + mild contrast + gamma
E:\TJGY\MinPaper\MyAutoAugument\outputs\datasets\tiled\tiled_1024_ov20_full_safe_no_ok_position\images\val\2025-05-10-15-40-40ps5_tile_0006.jpg,4,油污,"[66.00038146972656, 801.9993286132812, 299.999755859375, 866.9998168945312]",15210.073592834175,medium,28.58500986193294,14.81777230950077,14.81777230950077,True,True,corner,False,FN,combined_photometric,False,,,,,,0.0,0.0,clahe + mild contrast + gamma
E:\TJGY\MinPaper\MyAutoAugument\outputs\datasets\tiled\tiled_1024_ov20_full_safe_no_ok_position\images\val\2025-05-10-15-40-40ps5_tile_0007.jpg,6,漏背锡,"[551.99951171875, 300.00128173828125, 830.99853515625, 412.000244140625]",31247.601136267185,medium,87.3754160266257,51.00135128257115,51.00135128257115,False,False,center,False,FN,combined_photometric,False,,,,,,0.0,0.0,clahe + mild contrast + gamma
E:\TJGY\MinPaper\MyAutoAugument\outputs\datasets\tiled\tiled_1024_ov20_full_safe_no_ok_position\images\val\2025-05-10-15-40-40ps5_tile_0010.jpg,4,油污,"[359.9989929199219, 380.99969482421875, 402.0003967285156, 472.99993896484375]",3864.1394046396017,small,34.53933747412008,26.137962230065977,26.137962230065977,True,False,center,False,FN,combined_photometric,False,,,,,,0.0,0.0,clahe + mild contrast + gamma
E:\TJGY\MinPaper\MyAutoAugument\outputs\datasets\tiled\tiled_1024_ov20_full_safe_no_ok_position\images\val\2025-05-10-15-40-40ps5_tile_0010.jpg,4,油污,"[357.00018310546875, 160.0, 403.999755859375, 267.9992370605469]",5075.917999593541,small,44.630220646178095,27.09347754794195,27.09347754794195,True,False,center,False,FN,combined_photometric,False,,,,,,0.0,0.0,clahe + mild contrast + gamma
E:\TJGY\MinPaper\MyAutoAugument\outputs\datasets\tiled\tiled_1024_ov20_full_safe_no_ok_position\images\val\2025-05-10-15-40-40ps5_tile_0012.jpg,6,漏背锡,"[551.99951171875, 241.00146484375, 830.99853515625, 353.00042724609375]",31247.601136267185,medium,87.37426395289299,51.00970071261489,51.00970071261489,False,False,center,False,FN,combined_photometric,False,,,,,,0.0,0.0,clahe + mild contrast + gamma
E:\TJGY\MinPaper\MyAutoAugument\outputs\datasets\tiled\tiled_1024_ov20_full_safe_no_ok_position\images\val\2025-05-16-16-13-18ps5_tile_0006.jpg,3,开裂,"[632.9978637695312, 607.0006103515625, 825.9993286132812, 713.0009765625]",20458.22595268488,medium,54.9853358099521,35.48760494371061,35.48760494371061,True,False,center,False,FN,combined_photometric,False,,,8,,,0.0,0.0,clahe + mild contrast + gamma
E:\TJGY\MinPaper\MyAutoAugument\outputs\datasets\tiled\tiled_1024_ov20_full_safe_no_ok_position\images\val\2025-05-16-16-13-18ps5_tile_0006.jpg,7,碰伤,"[877.9985961914062, 616.00048828125, 898.9998168945312, 624.0]",167.99951112270355,tiny,36.892857142857146,13.2718982181497,13.2718982181497,True,True,edge,False,FN,combined_photometric,False,,,8,,,0.0,0.0,clahe + mild contrast + gamma
E:\TJGY\MinPaper\MyAutoAugument\outputs\datasets\tiled\tiled_1024_ov20_full_safe_no_ok_position\images\val\2025-05-16-16-13-18ps5_tile_0007.jpg,7,碰伤,"[234.0009002685547, 616.0005493164062, 269.00018310546875, 626.0009155273438]",350.00564548932016,tiny,35.331428571428575,10.488572596022816,10.488572596022816,True,True,center,False,FN,combined_photometric,False,,,,,,0.0,0.0,clahe + mild contrast + gamma
E:\TJGY\MinPaper\MyAutoAugument\outputs\datasets\tiled\tiled_1024_ov20_full_safe_no_ok_position\images\val\2025-05-16-16-13-18ps5_tile_0011.jpg,3,开裂,"[632.9978637695312, 548.0007934570312, 825.9993286132812, 654.0011596679688]",20458.22595268488,medium,54.97976341773389,35.4759722846913,35.4759722846913,True,False,center,False,FN,combined_photometric,False,,,8,,,0.0,0.0,clahe + mild contrast + gamma
E:\TJGY\MinPaper\MyAutoAugument\outputs\datasets\tiled\tiled_1024_ov20_full_safe_no_ok_position\images\val\2025-05-16-16-13-18ps5_tile_0012.jpg,7,碰伤,"[234.0009002685547, 557.000732421875, 269.00018310546875, 567.0010986328125]",350.00564548932016,tiny,35.25714285714286,10.521658905441146,10.521658905441146,True,True,center,False,FN,combined_photometric,False,0.0,0.43497520685195923,7,0.0,0.7078184485435486,0.0,-0.27284324169158936,clahe + mild contrast + gamma
E:\TJGY\MinPaper\MyAutoAugument\outputs\datasets\tiled\tiled_1024_ov20_full_safe_no_ok_position\images\val\2025-05-16-16-19-14ps5_tile_0008.jpg,9,轮廓划伤,"[520.9989624023438, 608.0, 567.9984741210938, 710.0006103515625]",4793.978881537914,small,38.24238631622862,9.342376873848142,9.342376873848142,True,True,center,False,FN,combined_photometric,False,,,1,0.0,0.9271972179412842,0.0,-0.9271972179412842,clahe + mild contrast + gamma
E:\TJGY\MinPaper\MyAutoAugument\outputs\datasets\tiled\tiled_1024_ov20_full_safe_no_ok_position\images\val\2025-05-16-16-19-14ps5_tile_0009.jpg,9,轮廓划伤,"[405.99859619140625, 608.0, 452.9981689453125, 710.0006103515625]",4793.985107161105,small,38.23091364205256,9.312466003703815,9.312466003703815,True,True,center,False,FN,combined_photometric,False,,,8,0.0,0.6587848663330078,0.0,-0.6587848663330078,clahe + mild contrast + gamma
E:\TJGY\MinPaper\MyAutoAugument\outputs\datasets\tiled\tiled_1024_ov20_full_safe_no_ok_position\images\val\2025-05-16-16-19-14ps5_tile_0013.jpg,9,轮廓划伤,"[520.9989624023438, 549.0001831054688, 567.9984741210938, 651.0007934570312]",4793.978881537914,small,38.23967459324155,9.34134155542688,9.34134155542688,True,True,center,False,FN,combined_photometric,False,,,1,0.0,0.7647011280059814,0.0,-0.7647011280059814,clahe + mild contrast + gamma
E:\TJGY\MinPaper\MyAutoAugument\outputs\datasets\tiled\tiled_1024_ov20_full_safe_no_ok_position\images\val\2025-05-16-16-19-14ps5_tile_0014.jpg,9,轮廓划伤,"[405.99859619140625, 549.0001831054688, 452.9981689453125, 651.0007934570312]",4793.985107161105,small,38.253650396328744,9.366384219178354,9.366384219178354,True,True,center,False,FN,combined_photometric,False,,,1,0.0,0.770592987537384,0.0,-0.770592987537384,clahe + mild contrast + gamma
E:\TJGY\MinPaper\MyAutoAugument\outputs\datasets\tiled\tiled_1024_ov20_full_safe_no_ok_position\images\val\2025-05-16-16-24-29ps5_tile_0003.jpg,8,脏污,"[76.99866485595703, 511.0010681152344, 273.9978332519531, 560.00048828125]",9652.845024591079,small,42.01906143167927,14.004625823723606,14.004625823723606,True,True,edge,False,FN,combined_photometric,False,,,,,,0.0,0.0,clahe + mild contrast + gamma
E:\TJGY\MinPaper\MyAutoAugument\outputs\datasets\tiled\tiled_1024_ov20_full_safe_no_ok_position\images\val\2025-05-16-16-24-46ps5_tile_0000.jpg,8,脏污,"[506.998291015625, 682.9998168945312, 540.9981689453125, 719.9989624023438]",1257.9664307683706,small,64.9785373608903,29.119271484492103,29.119271484492103,False,False,center,False,FN,combined_photometric,False,0.0,0.6840447783470154,8,0.00951562449336052,0.5130482316017151,-0.00951562449336052,0.1709965467453003,clahe + mild contrast + gamma
E:\TJGY\MinPaper\MyAutoAugument\outputs\datasets\tiled\tiled_1024_ov20_full_safe_no_ok_position\images\val\2025-05-16-17-11-45ps5_tile_0000.jpg,7,碰伤,"[498.998779296875, 856.9999389648438, 522.998291015625, 880.0010375976562]",552.0151361823082,tiny,56.77355072463768,27.305792964522016,27.305792964522016,True,False,edge,False,FN,combined_photometric,False,,,,,,0.0,0.0,clahe + mild contrast + gamma
E:\TJGY\MinPaper\MyAutoAugument\outputs\datasets\tiled\tiled_1024_ov20_full_safe_no_ok_position\images\val\2025-05-16-17-11-45ps5_tile_0005.jpg,7,碰伤,"[498.998779296875, 38.000640869140625, 522.998291015625, 61.00172424316406]",552.0147699788213,tiny,56.75,27.3048245192857,27.3048245192857,True,False,edge,False,FN,combined_photometric,False,,,8,0.0,0.8368571400642395,0.0,-0.8368571400642395,clahe + mild contrast + gamma
E:\TJGY\MinPaper\MyAutoAugument\outputs\datasets\tiled\tiled_1024_ov20_full_safe_no_ok_position\images\val\2025-05-16-17-11-45ps5_tile_0006.jpg,4,油污,"[90.00088500976562, 603.0003051757812, 226.00140380859375, 634.9993286132812]",4351.8837885558605,small,35.973805147058826,14.415089668580242,14.415089668580242,True,True,edge,False,FN,combined_photometric,False,0.0,0.8265206217765808,4,0.0,0.9706906676292419,0.0,-0.14417004585266113,clahe + mild contrast + gamma
E:\TJGY\MinPaper\MyAutoAugument\outputs\datasets\tiled\tiled_1024_ov20_full_safe_no_ok_position\images\val\2025-05-16-17-11-45ps5_tile_0007.jpg,4,油污,"[63.00160217285156, 655.0005493164062, 455.0010986328125, 732.0012817382812]",30184.24833642319,medium,36.6937781606149,14.713793279782761,14.713793279782761,True,True,center,False,FN,combined_photometric,False,,,6,,,0.0,0.0,clahe + mild contrast + gamma
E:\TJGY\MinPaper\MyAutoAugument\outputs\datasets\tiled\tiled_1024_ov20_full_safe_no_ok_position\images\val\2025-05-16-17-11-45ps5_tile_0011.jpg,4,油污,"[90.00088500976562, 544.00048828125, 226.00140380859375, 575.99951171875]",4351.8837885558605,small,35.9967830882353,14.42663325257906,14.42663325257906,True,True,edge,False,FN,combined_photometric,False,,,8,0.0,0.4782649278640747,0.0,-0.4782649278640747,clahe + mild contrast + gamma
E:\TJGY\MinPaper\MyAutoAugument\outputs\datasets\tiled\tiled_1024_ov20_full_safe_no_ok_position\images\val\2025-05-16-17-11-45ps5_tile_0011.jpg,7,碰伤,"[514.9993286132812, 555.0008544921875, 544.0010375976562, 570.0003662109375]",435.01147377491,tiny,47.777011494252875,10.270297549656902,10.270297549656902,True,True,center,False,FN,combined_photometric,False,,,8,0.0,0.8992533087730408,0.0,-0.8992533087730408,clahe + mild contrast + gamma
E:\TJGY\MinPaper\MyAutoAugument\outputs\datasets\tiled\tiled_1024_ov20_full_safe_no_ok_position\images\val\2025-05-16-17-11-45ps5_tile_0012.jpg,4,油污,"[63.00160217285156, 596.000732421875, 455.0010986328125, 673.00146484375]",30184.24833642319,medium,36.6912602703419,14.718103705245113,14.718103705245113,True,True,center,False,FN,combined_photometric,False,,,8,,,0.0,0.0,clahe + mild contrast + gamma
E:\TJGY\MinPaper\MyAutoAugument\outputs\datasets\tiled\tiled_1024_ov20_full_safe_no_ok_position\images\val\2025-05-19-17-19-55ps5_NGyuan_tile_0003.jpg,9,轮廓划伤,"[356.9981384277344, 562.0003662109375, 386.9992980957031, 649.9998779296875]",2640.087401777506,small,30.10909090909091,8.369963022124741,8.369963022124741,True,True,center,False,FN,combined_photometric,False,,,,0.0,0.9622868895530701,0.0,-0.9622868895530701,clahe + mild contrast + gamma
E:\TJGY\MinPaper\MyAutoAugument\outputs\datasets\tiled\tiled_1024_ov20_full_safe_no_ok_position\images\val\2025-05-19-17-19-55ps5_NGyuan_tile_0003.jpg,7,碰伤,"[495.0010681152344, 654.0001220703125, 527.0020751953125, 715.999267578125]",1984.0350943543017,small,20.97328629032258,8.269392657632261,8.269392657632261,True,True,center,False,FN,combined_photometric,False,,,,,,0.0,0.0,clahe + mild contrast + gamma
E:\TJGY\MinPaper\MyAutoAugument\outputs\datasets\tiled\tiled_1024_ov20_full_safe_no_ok_position\images\val\2025-05-19-17-19-55ps5_NGyuan_tile_0004.jpg,9,轮廓划伤,"[292.0018005371094, 645.9990844726562, 317.0017395019531, 696.9994506835938]",1275.006042458117,small,29.054901960784314,10.289463747254985,10.289463747254985,True,True,center,False,FN,combined_photometric,False,,,7,,,0.0,0.0,clahe + mild contrast + gamma
E:\TJGY\MinPaper\MyAutoAugument\outputs\datasets\tiled\tiled_1024_ov20_full_safe_no_ok_position\images\val\2025-05-19-17-19-55ps5_NGyuan_tile_0004.jpg,9,轮廓划伤,"[241.99783325195312, 562.0003662109375, 271.9989929199219, 649.9998779296875]",2640.087401777506,small,30.121969696969696,8.38199562549089,8.38199562549089,True,True,center,False,FN,combined_photometric,False,,,7,,,0.0,0.0,clahe + mild contrast + gamma
E:\TJGY\MinPaper\MyAutoAugument\outputs\datasets\tiled\tiled_1024_ov20_full_safe_no_ok_position\images\val\2025-05-19-17-19-55ps5_NGyuan_tile_0007.jpg,9,轮廓划伤,"[956.9996948242188, 613.9996337890625, 984.9978637695312, 679.0010986328125]",1819.9219943881035,small,48.77582417582418,12.206612697693961,12.206612697693961,True,True,edge,False,FN,combined_photometric,False,,,12,,,0.0,0.0,clahe + mild contrast + gamma
E:\TJGY\MinPaper\MyAutoAugument\outputs\datasets\tiled\tiled_1024_ov20_full_safe_no_ok_position\images\val\2025-05-19-17-19-55ps5_NGyuan_tile_0008.jpg,9,轮廓划伤,"[137.99935913085938, 613.9996337890625, 165.99755859375, 679.0010986328125]",1819.923978075385,small,48.792307692307695,12.231321087833361,12.231321087833361,True,True,edge,False,FN,combined_photometric,False,,,1,,,0.0,0.0,clahe + mild contrast + gamma
E:\TJGY\MinPaper\MyAutoAugument\outputs\datasets\tiled\tiled_1024_ov20_full_safe_no_ok_position\images\val\2025-05-19-17-19-55ps5_NGyuan_tile_0009.jpg,9,轮廓划伤,"[23.000064849853516, 613.9996337890625, 50.99827194213867, 679.0010986328125]",1819.9244739972055,small,48.74230769230769,12.227561694967093,12.227561694967093,True,True,edge,False,FN,combined_photometric,False,,,,,,0.0,0.0,clahe + mild contrast + gamma
E:\TJGY\MinPaper\MyAutoAugument\outputs\datasets\tiled\tiled_1024_ov20_full_safe_no_ok_position\images\val\2025-05-19-17-19-55ps5_NGyuan_tile_0012.jpg,9,轮廓划伤,"[956.9996948242188, 554.9998168945312, 984.9978637695312, 620.0012817382812]",1819.9219943881035,small,48.77967032967033,12.216918727241366,12.216918727241366,True,True,edge,False,FN,combined_photometric,False,,,1,,,0.0,0.0,clahe + mild contrast + gamma
E:\TJGY\MinPaper\MyAutoAugument\outputs\datasets\tiled\tiled_1024_ov20_full_safe_no_ok_position\images\val\2025-05-19-17-19-55ps5_NGyuan_tile_0014.jpg,9,轮廓划伤,"[23.000064849853516, 554.9998168945312, 50.99827194213867, 620.0012817382812]",1819.9244739972055,small,48.76978021978022,12.244454629850441,12.244454629850441,True,True,edge,False,FN,combined_photometric,False,,,,,,0.0,0.0,clahe + mild contrast + gamma
E:\TJGY\MinPaper\MyAutoAugument\outputs\datasets\tiled\tiled_1024_ov20_full_safe_no_ok_position\images\val\2025-05-25-09-48-32ps5_NGyuan_tile_0002.jpg,7,碰伤,"[986.998779296875, 777.0004272460938, 1023.9979248046875, 804.9996948242188]",1035.9489752352238,tiny,44.560810810810814,13.456176866691457,13.456176866691457,True,True,edge,True,FN,combined_photometric,False,,,,,,0.0,0.0,clahe + mild contrast + gamma
E:\TJGY\MinPaper\MyAutoAugument\outputs\datasets\tiled\tiled_1024_ov20_full_safe_no_ok_position\images\val\2025-05-25-09-48-32ps5_NGyuan_tile_0012.jpg,6,漏背锡,"[379.99920654296875, 354.99981689453125, 444.00128173828125, 413.9996337890625]",3776.110717393458,small,95.13241525423729,63.08038109358812,63.08038109358812,False,False,center,False,FN,combined_photometric,False,0.0,0.8063309788703918,6,0.0,0.7506036162376404,0.0,0.055727362632751465,clahe + mild contrast + gamma
E:\TJGY\MinPaper\MyAutoAugument\outputs\datasets\tiled\tiled_1024_ov20_full_safe_no_ok_position\images\val\2025-05-26-06-14-31ps5_NGyuan_tile_0012.jpg,12,锡膏,"[282.9997863769531, 2.0003814697265625, 432.9994201660156, 178.00038146972656]",26399.935546875,medium,126.07378787878788,42.335938356921595,42.335938356921595,False,False,edge,False,FN,combined_photometric,False,,,8,,,0.0,0.0,clahe + mild contrast + gamma
E:\TJGY\MinPaper\MyAutoAugument\outputs\datasets\tiled\tiled_1024_ov20_full_safe_no_ok_position\images\val\2025-05-26-06-26-47ps5_NGyuan_tile_0002.jpg,7,碰伤,"[829.001708984375, 832.9989013671875, 845.000732421875, 854.99951171875]",351.98828065395355,tiny,47.50568181818182,17.70705340942459,17.70705340942459,True,True,corner,False,FN,combined_photometric,False,,,,0.11938972771167755,0.4774206876754761,-0.11938972771167755,-0.4774206876754761,clahe + mild contrast + gamma
E:\TJGY\MinPaper\MyAutoAugument\outputs\datasets\tiled\tiled_1024_ov20_full_safe_no_ok_position\images\val\2025-05-26-06-26-47ps5_NGyuan_tile_0003.jpg,7,碰伤,"[10.001408576965332, 832.9989013671875, 26.000385284423828, 854.99951171875]",351.9872525645187,tiny,47.51988636363637,17.69645097921654,17.69645097921654,True,True,corner,False,FN,combined_photometric,False,,,,0.1084621399641037,0.29860982298851013,-0.1084621399641037,-0.29860982298851013,clahe + mild contrast + gamma
E:\TJGY\MinPaper\MyAutoAugument\outputs\datasets\tiled\tiled_1024_ov20_full_safe_no_ok_position\images\val\2025-05-26-06-26-47ps5_NGyuan_tile_0007.jpg,7,碰伤,"[829.001708984375, 13.998592376708984, 845.000732421875, 35.99923324584961]",351.98876890540123,tiny,47.5625,17.655689351517054,17.655689351517054,True,True,corner,False,FN,combined_photometric,False,,,1,0.0,0.808347761631012,0.0,-0.808347761631012,clahe + mild contrast + gamma
E:\TJGY\MinPaper\MyAutoAugument\outputs\datasets\tiled\tiled_1024_ov20_full_safe_no_ok_position\images\val\2025-05-26-06-26-47ps5_NGyuan_tile_0008.jpg,7,碰伤,"[12.001280784606934, 65.0009536743164, 28.000255584716797, 93.00019073486328]",447.9590881539916,tiny,42.59375,17.59439227449839,17.59439227449839,True,True,corner,False,FN,combined_photometric,False,,,,,,0.0,0.0,clahe + mild contrast + gamma
E:\TJGY\MinPaper\MyAutoAugument\outputs\datasets\tiled\tiled_1024_ov20_full_safe_no_ok_position\images\val\2025-05-26-06-26-47ps5_NGyuan_tile_0008.jpg,7,碰伤,"[10.001408576965332, 13.998592376708984, 26.000385284423828, 35.99923324584961]",351.9877408145403,tiny,47.49147727272727,17.715072424336388,17.715072424336388,True,True,corner,False,FN,combined_photometric,False,,,,,,0.0,0.0,clahe + mild contrast + gamma
E:\TJGY\MinPaper\MyAutoAugument\outputs\datasets\tiled\tiled_1024_ov20_full_safe_no_ok_position\images\val\2025-05-26-06-26-47ps5_NGyuan_tile_0013.jpg,7,碰伤,"[12.001280784606934, 6.001152992248535, 28.000255584716797, 34.00038528442383]",447.95901186493484,tiny,42.60267857142857,17.57834991352709,17.57834991352709,True,True,corner,False,FN,combined_photometric,False,,,,,,0.0,0.0,clahe + mild contrast + gamma
E:\TJGY\MinPaper\MyAutoAugument\outputs\datasets\tiled\tiled_1024_ov20_full_safe_no_ok_position\images\val\2025-05-27-23-28-53ps5_NGyuan_tile_0004.jpg,7,碰伤,"[10.999809265136719, 484.99969482421875, 38.998016357421875, 495.99847412109375]",307.94610051624477,tiny,30.376623376623378,15.92640457304751,15.92640457304751,True,True,edge,False,FN,combined_photometric,False,,,,,,0.0,0.0,clahe + mild contrast + gamma
E:\TJGY\MinPaper\MyAutoAugument\outputs\datasets\tiled\tiled_1024_ov20_full_safe_no_ok_position\images\val\2025-05-27-23-28-53ps5_NGyuan_tile_0007.jpg,8,脏污,"[483.0003356933594, 140.00025939941406, 576.9994506835938, 275.00030517578125]",12689.884826619644,medium,71.34160756501183,37.9463373440113,37.9463373440113,False,False,center,False,FN,combined_photometric,False,,,,,,0.0,0.0,clahe + mild contrast + gamma
E:\TJGY\MinPaper\MyAutoAugument\outputs\datasets\tiled\tiled_1024_ov20_full_safe_no_ok_position\images\val\2025-05-27-23-28-53ps5_NGyuan_tile_0012.jpg,8,脏污,"[483.0003356933594, 80.99942016601562, 576.9994506835938, 215.99948120117188]",12689.886260932311,medium,71.33664302600472,37.935428798887585,37.935428798887585,False,False,edge,False,FN,combined_photometric,False,,,,,,0.0,0.0,clahe + mild contrast + gamma
E:\TJGY\MinPaper\MyAutoAugument\outputs\datasets\tiled\tiled_1024_ov20_full_safe_no_ok_position\images\val\2025-06-05-10-27-17ps5_NGyuan_tile_0012.jpg,8,脏污,"[315.9997253417969, 621.0001831054688, 515.9981689453125, 694.9995727539062]",14799.762757297605,medium,71.54310810810811,26.766541358300476,26.766541358300476,False,False,center,False,FN,combined_photometric,False,,,1,,,0.0,0.0,clahe + mild contrast + gamma
E:\TJGY\MinPaper\MyAutoAugument\outputs\datasets\tiled\tiled_1024_ov20_full_safe_no_ok_position\images\val\2025-06-05-16-10-10ps5_NGyuan_tile_0000.jpg,5,浅划伤,"[682.9993286132812, 681.0009155273438, 724.0012817382812, 743.0000610351562]",2542.0860579013824,small,48.75177025963808,23.1536479006427,23.1536479006427,True,False,center,False,FN,combined_photometric,False,,,,,,0.0,0.0,clahe + mild contrast + gamma
E:\TJGY\MinPaper\MyAutoAugument\outputs\datasets\tiled\tiled_1024_ov20_full_safe_no_ok_position\images\val\2025-06-05-16-10-10ps5_NGyuan_tile_0007.jpg,12,锡膏,"[315.0023498535156, 396.9991760253906, 366.0006408691406, 461.9996032714844]",3314.9107048362494,small,136.19939668174962,49.85802830098024,49.85802830098024,False,False,center,False,FN,combined_photometric,False,,,1,0.0,0.7593369483947754,0.0,-0.7593369483947754,clahe + mild contrast + gamma
E:\TJGY\MinPaper\MyAutoAugument\outputs\datasets\tiled\tiled_1024_ov20_full_safe_no_ok_position\images\val\2025-06-05-16-10-10ps5_NGyuan_tile_0012.jpg,12,锡膏,"[315.0023498535156, 337.9993591308594, 366.0006408691406, 402.9997863769531]",3314.9107048362494,small,136.1867269984917,49.83113994876743,49.83113994876743,False,False,center,False,FN,combined_photometric,False,,,1,,,0.0,0.0,clahe + mild contrast + gamma
E:\TJGY\MinPaper\MyAutoAugument\outputs\datasets\tiled\tiled_1024_ov20_full_safe_no_ok_position\images\val\2025-06-06-01-33-39ps5_NGyuan_tile_0002.jpg,7,碰伤,"[816.9998779296875, 579.0008544921875, 859.0013427734375, 620.000732421875]",1722.054931461811,small,39.79094076655052,14.073490922084895,14.073490922084895,True,True,edge,False,FN,combined_photometric,False,,,,0.0,0.5680842399597168,0.0,-0.5680842399597168,clahe + mild contrast + gamma
E:\TJGY\MinPaper\MyAutoAugument\outputs\datasets\tiled\tiled_1024_ov20_full_safe_no_ok_position\images\val\2025-06-06-01-33-39ps5_NGyuan_tile_0003.jpg,7,碰伤,"[0.0, 579.0008544921875, 40.00153732299805, 620.000732421875]",1640.0581472427584,small,39.94634146341463,14.091756759408304,14.091756759408304,True,True,edge,True,FN,combined_photometric,False,,,,0.0,0.8766747713088989,0.0,-0.8766747713088989,clahe + mild contrast + gamma
E:\TJGY\MinPaper\MyAutoAugument\outputs\datasets\tiled\tiled_1024_ov20_full_safe_no_ok_position\images\val\2025-06-06-02-05-24ps5_NGyuan_tile_0002.jpg,4,油污,"[645.9990844726562, 631.0000610351562, 688.0005493164062, 698.9998168945312]",2856.089355111122,small,24.981442577030812,10.342625088307651,10.342625088307651,True,True,center,False,FN,combined_photometric,False,,,,,,0.0,0.0,clahe + mild contrast + gamma
E:\TJGY\MinPaper\MyAutoAugument\outputs\datasets\tiled\tiled_1024_ov20_full_safe_no_ok_position\images\val\2025-06-06-14-52-09ps5_NGyuan_tile_0007.jpg,6,漏背锡,"[223.00006103515625, 270.0001220703125, 468.9986572265625, 337.9998779296875]",16727.8444827646,medium,91.79441654710665,57.06993327056747,57.06993327056747,False,False,center,False,FN,combined_photometric,False,0.0,0.8627336025238037,6,0.0,0.9697856307029724,0.0,-0.1070520281791687,clahe + mild contrast + gamma
E:\TJGY\MinPaper\MyAutoAugument\outputs\datasets\tiled\tiled_1024_ov20_full_safe_no_ok_position\images\val\2025-06-06-14-52-09ps5_NGyuan_tile_0012.jpg,6,漏背锡,"[223.00006103515625, 211.00033569335938, 468.9986572265625, 279.00006103515625]",16727.836975483224,medium,91.79632950741272,57.0763629572775,57.0763629572775,False,False,center,False,FN,combined_photometric,False,0.0,0.9068434834480286,6,0.0,0.9665181040763855,0.0,-0.059674620628356934,clahe + mild contrast + gamma
E:\TJGY\MinPaper\MyAutoAugument\outputs\datasets\tiled\tiled_1024_ov20_full_safe_no_ok_position\images\val\2025-06-07-10-52-02ps5_NGyuan_tile_0007.jpg,12,锡膏,"[405.000732421875, 214.0011444091797, 530.0014038085938, 398.0006103515625]",23000.056777595542,medium,124.37534782608695,27.617660246438557,27.617660246438557,False,False,center,False,FN,combined_photometric,False,,,6,,,0.0,0.0,clahe + mild contrast + gamma
E:\TJGY\MinPaper\MyAutoAugument\outputs\datasets\tiled\tiled_1024_ov20_full_safe_no_ok_position\images\val\2025-06-07-10-52-02ps5_NGyuan_tile_0007.jpg,7,碰伤,"[491.0008239746094, 661.0001831054688, 518.9990234375, 671.0005493164062]",279.99224787577987,tiny,44.128571428571426,14.02617087403954,14.02617087403954,True,True,center,False,FN,combined_photometric,False,,,6,,,0.0,0.0,clahe + mild contrast + gamma
E:\TJGY\MinPaper\MyAutoAugument\outputs\datasets\tiled\tiled_1024_ov20_full_safe_no_ok_position\images\val\2025-06-07-10-52-02ps5_NGyuan_tile_0012.jpg,12,锡膏,"[405.000732421875, 155.0013427734375, 530.0014038085938, 339.0008239746094]",23000.05868495442,medium,124.38108695652174,27.613535411985193,27.613535411985193,False,False,center,False,FN,combined_photometric,False,,,6,,,0.0,0.0,clahe + mild contrast + gamma
E:\TJGY\MinPaper\MyAutoAugument\outputs\datasets\tiled\tiled_1024_ov20_full_safe_no_ok_position\images\val\2025-06-07-10-52-02ps5_NGyuan_tile_0012.jpg,7,碰伤,"[491.0008239746094, 601.9993896484375, 518.9990234375, 611.999755859375]",279.99224787577987,tiny,44.15714285714286,14.149341947632067,14.149341947632067,True,True,center,False,FN,combined_photometric,False,,,6,,,0.0,0.0,clahe + mild contrast + gamma
E:\TJGY\MinPaper\MyAutoAugument\outputs\datasets\tiled\tiled_1024_ov20_full_safe_no_ok_position\images\val\2025-06-07-14-43-50ps5_NGyuan_tile_0007.jpg,8,脏污,"[868.9996948242188, 696.00048828125, 923.0003051757812, 792.00048828125]",5184.05859375,small,55.714506172839506,18.48999494396198,18.48999494396198,True,True,edge,False,FN,combined_photometric,False,,,1,,,0.0,0.0,clahe + mild contrast + gamma
E:\TJGY\MinPaper\MyAutoAugument\outputs\datasets\tiled\tiled_1024_ov20_full_safe_no_ok_position\images\val\2025-06-07-14-43-50ps5_NGyuan_tile_0007.jpg,8,脏污,"[481.0009460449219, 664.9999389648438, 644.9996337890625, 700.0003051757812]",5740.014129158109,small,62.34198606271777,23.746416129226407,23.746416129226407,False,False,center,False,FN,combined_photometric,False,,,1,,,0.0,0.0,clahe + mild contrast + gamma
E:\TJGY\MinPaper\MyAutoAugument\outputs\datasets\tiled\tiled_1024_ov20_full_safe_no_ok_position\images\val\2025-06-07-14-43-50ps5_NGyuan_tile_0012.jpg,8,脏污,"[481.0009460449219, 605.9990844726562, 644.9996337890625, 640.9994506835938]",5740.014129158109,small,62.34128919860627,23.7636240565938,23.7636240565938,False,False,center,False,FN,combined_photometric,False,,,7,0.0,0.4562271237373352,0.0,-0.4562271237373352,clahe + mild contrast + gamma
E:\TJGY\MinPaper\MyAutoAugument\outputs\datasets\tiled\tiled_1024_ov20_full_safe_no_ok_position\images\val\2025-06-07-15-42-24ps5_NGyuan_tile_0002.jpg,8,脏污,"[183.00006103515625, 464.0, 275.999755859375, 541.000732421875]",7161.044616475701,small,69.0078201368524,36.994660186155414,36.994660186155414,False,False,center,False,FN,combined_photometric,False,,,,,,0.0,0.0,clahe + mild contrast + gamma
E:\TJGY\MinPaper\MyAutoAugument\outputs\datasets\tiled\tiled_1024_ov20_full_safe_no_ok_position\images\val\2025-06-07-15-42-24ps5_NGyuan_tile_0007.jpg,8,脏污,"[163.0013427734375, 529.0004272460938, 293.9996032714844, 589.0006713867188]",7859.927611880004,small,73.14211195928753,33.43959702171577,33.43959702171577,False,False,center,False,FN,combined_photometric,False,0.0,0.3845762610435486,8,,,0.0,0.3845762610435486,clahe + mild contrast + gamma
E:\TJGY\MinPaper\MyAutoAugument\outputs\datasets\tiled\tiled_1024_ov20_full_safe_no_ok_position\images\val\2025-06-07-15-42-24ps5_NGyuan_tile_0012.jpg,8,脏污,"[163.0013427734375, 470.0006408691406, 293.9996032714844, 530.0009155273438]",7859.931609629653,small,73.14427480916031,33.442560974377976,33.442560974377976,False,False,center,False,FN,combined_photometric,False,,,1,0.0,0.49067533016204834,0.0,-0.49067533016204834,clahe + mild contrast + gamma
E:\TJGY\MinPaper\MyAutoAugument\outputs\datasets\tiled\tiled_1024_ov20_full_safe_no_ok_position\images\val\2025-06-07-16-21-50ps5_NGyuan_tile_0007.jpg,8,脏污,"[150.99903869628906, 744.0005493164062, 569.997314453125, 780.9996948242188]",15502.57817224972,medium,53.16080758562859,24.52833672514371,24.52833672514371,True,False,center,False,FN,combined_photometric,True,0.5709676742553711,0.537198543548584,8,,,0.5709676742553711,0.537198543548584,clahe + mild contrast + gamma
E:\TJGY\MinPaper\MyAutoAugument\outputs\datasets\tiled\tiled_1024_ov20_full_safe_no_ok_position\images\val\2025-06-07-16-21-50ps5_NGyuan_tile_0012.jpg,8,脏污,"[150.99903869628906, 684.9996948242188, 569.997314453125, 721.9988403320312]",15502.57817224972,medium,53.15261562278269,24.522838338374772,24.522838338374772,True,False,center,False,FN,combined_photometric,False,0.3183943033218384,0.4694129228591919,8,,,0.3183943033218384,0.4694129228591919,clahe + mild contrast + gamma
E:\TJGY\MinPaper\MyAutoAugument\outputs\datasets\tiled\tiled_1024_ov20_full_safe_no_ok_position\images\val\2025-06-11-19-13-20ps5_NGyuan_tile_0007.jpg,12,锡膏,"[520.9984130859375, 422.9995422363281, 563.999267578125, 485.9991149902344]",2709.035461060703,small,106.23661867847915,31.704531348378858,31.704531348378858,False,False,center,False,FN,combined_photometric,False,,,,,,0.0,0.0,clahe + mild contrast + gamma
E:\TJGY\MinPaper\MyAutoAugument\outputs\datasets\tiled\tiled_1024_ov20_full_safe_no_ok_position\images\val\2025-06-11-19-13-20ps5_NGyuan_tile_0007.jpg,5,浅划伤,"[532.0012817382812, 837.0006713867188, 539.0023803710938, 861.0001831054688]",168.0229486823082,tiny,83.0952380952381,39.93972215596513,39.93972215596513,False,False,edge,False,FN,combined_photometric,False,,,,0.0,0.5088472962379456,0.0,-0.5088472962379456,clahe + mild contrast + gamma
E:\TJGY\MinPaper\MyAutoAugument\outputs\datasets\tiled\tiled_1024_ov20_full_safe_no_ok_position\images\val\2025-06-11-19-13-20ps5_NGyuan_tile_0012.jpg,12,锡膏,"[520.9984130859375, 363.9997253417969, 563.999267578125, 426.9992980957031]",2709.035461060703,small,106.20708748615725,31.71080344255586,31.71080344255586,False,False,center,False,FN,combined_photometric,False,,,,,,0.0,0.0,clahe + mild contrast + gamma
E:\TJGY\MinPaper\MyAutoAugument\outputs\datasets\tiled\tiled_1024_ov20_full_safe_no_ok_position\images\val\2025-06-14-16-53-39ps5_tile_0005.jpg,9,轮廓划伤,"[906.0018920898438, 573.000244140625, 930.0014038085938, 678.0001220703125]",2519.9458008408546,small,53.296031746031744,20.445661241887965,20.445661241887965,True,False,edge,False,FN,combined_photometric,False,,,,,,0.0,0.0,clahe + mild contrast + gamma
E:\TJGY\MinPaper\MyAutoAugument\outputs\datasets\tiled\tiled_1024_ov20_full_safe_no_ok_position\images\val\2025-06-14-16-53-39ps5_tile_0006.jpg,9,轮廓划伤,"[87.00160217285156, 573.000244140625, 111.00108337402344, 678.0001220703125]",2519.942596498877,small,53.294444444444444,20.435161906666547,20.435161906666547,True,False,edge,False,FN,combined_photometric,False,,,,,,0.0,0.0,clahe + mild contrast + gamma
E:\TJGY\MinPaper\MyAutoAugument\outputs\datasets\tiled\tiled_1024_ov20_full_safe_no_ok_position\images\val\2025-06-14-16-53-39ps5_tile_0007.jpg,12,锡膏,"[611.9992065429688, 262.0001220703125, 701.0001831054688, 328.99945068359375]",5963.00567561388,small,101.16149589132986,37.46798170128969,37.46798170128969,False,False,center,False,FN,combined_photometric,False,,,6,,,0.0,0.0,clahe + mild contrast + gamma
E:\TJGY\MinPaper\MyAutoAugument\outputs\datasets\tiled\tiled_1024_ov20_full_safe_no_ok_position\images\val\2025-06-14-16-53-39ps5_tile_0012.jpg,12,锡膏,"[611.9992065429688, 203.0003204345703, 701.0001831054688, 269.9996337890625]",5963.004317566752,small,101.14522891162167,37.44445544128088,37.44445544128088,False,False,center,False,FN,combined_photometric,False,,,6,,,0.0,0.0,clahe + mild contrast + gamma
E:\TJGY\MinPaper\MyAutoAugument\outputs\datasets\tiled\tiled_1024_ov20_full_safe_no_ok_position\images\val\2025-06-18-06-39-05ps5_NGyuan_tile_0007.jpg,8,脏污,"[646.9990234375, 797.0001831054688, 813.9970703125, 840.0010375976562]",7181.058714151382,small,55.6344520261802,24.735676710958952,24.735676710958952,True,False,center,False,FN,combined_photometric,False,,,6,,,0.0,0.0,clahe + mild contrast + gamma
E:\TJGY\MinPaper\MyAutoAugument\outputs\datasets\tiled\tiled_1024_ov20_full_safe_no_ok_position\images\val\2025-06-18-06-39-05ps5_NGyuan_tile_0007.jpg,8,脏污,"[742.9995727539062, 691.0003662109375, 796.0007934570312, 720.0]",1537.0159907639027,small,52.819128171763175,23.727055041545608,23.727055041545608,True,False,center,False,FN,combined_photometric,False,,,6,,,0.0,0.0,clahe + mild contrast + gamma
E:\TJGY\MinPaper\MyAutoAugument\outputs\datasets\tiled\tiled_1024_ov20_full_safe_no_ok_position\images\val\2025-06-18-06-39-05ps5_NGyuan_tile_0012.jpg,8,脏污,"[646.9990234375, 737.9993286132812, 813.9970703125, 781.0001831054688]",7181.058714151382,small,55.635705333519006,24.722098374748796,24.722098374748796,True,False,center,False,FN,combined_photometric,False,,,6,,,0.0,0.0,clahe + mild contrast + gamma
E:\TJGY\MinPaper\MyAutoAugument\outputs\datasets\tiled\tiled_1024_ov20_full_safe_no_ok_position\images\val\2025-06-18-06-39-05ps5_NGyuan_tile_0012.jpg,8,脏污,"[742.9995727539062, 632.0005493164062, 796.0007934570312, 661.0001831054688]",1537.0159907639027,small,52.82173064411191,23.741110094534566,23.741110094534566,True,False,center,False,FN,combined_photometric,False,,,6,,,0.0,0.0,clahe + mild contrast + gamma
E:\TJGY\MinPaper\MyAutoAugument\outputs\datasets\tiled\tiled_1024_ov20_full_safe_no_ok_position\images\val\2025-06-28-00-58-48ps5_NGyuan_tile_0006.jpg,7,碰伤,"[860.0012817382812, 736.0010375976562, 887.9994506835938, 751.0005493164062]",419.9588631987572,tiny,58.654761904761905,26.507723064913893,26.507723064913893,True,False,edge,False,FN,combined_photometric,False,0.0,0.28516650199890137,7,0.0,0.6023921370506287,0.0,-0.3172256350517273,clahe + mild contrast + gamma
E:\TJGY\MinPaper\MyAutoAugument\outputs\datasets\tiled\tiled_1024_ov20_full_safe_no_ok_position\images\val\2025-06-28-00-58-48ps5_NGyuan_tile_0007.jpg,7,碰伤,"[41.00096130371094, 736.0010375976562, 68.9991683959961, 751.0005493164062]",419.95943538472056,tiny,58.62619047619047,26.560995028727742,26.560995028727742,True,False,edge,False,FN,combined_photometric,False,,,1,,,0.0,0.0,clahe + mild contrast + gamma
E:\TJGY\MinPaper\MyAutoAugument\outputs\datasets\tiled\tiled_1024_ov20_full_safe_no_ok_position\images\val\2025-06-28-00-58-48ps5_NGyuan_tile_0011.jpg,7,碰伤,"[860.0012817382812, 677.001220703125, 887.9994506835938, 692.000732421875]",419.9588631987572,tiny,58.63095238095238,26.613181375072283,26.613181375072283,True,False,edge,False,FN,combined_photometric,True,0.8054184913635254,0.3233778178691864,7,,,0.8054184913635254,0.3233778178691864,clahe + mild contrast + gamma
E:\TJGY\MinPaper\MyAutoAugument\outputs\datasets\tiled\tiled_1024_ov20_full_safe_no_ok_position\images\val\2025-06-28-00-58-48ps5_NGyuan_tile_0012.jpg,7,碰伤,"[41.00096130371094, 677.001220703125, 68.9991683959961, 692.000732421875]",419.95943538472056,tiny,58.62380952380953,26.58994447892455,26.58994447892455,True,False,edge,False,FN,combined_photometric,False,,,1,,,0.0,0.0,clahe + mild contrast + gamma
E:\TJGY\MinPaper\MyAutoAugument\outputs\datasets\tiled\tiled_1024_ov20_full_safe_no_ok_position\images\val\2025-06-28-07-30-46ps5_NGyuan_tile_0011.jpg,7,碰伤,"[370.9992980957031, 788.000732421875, 395.9992370605469, 801.00146484375]",325.01751704514027,tiny,57.65538461538461,8.878219342763774,8.878219342763774,True,True,center,False,FN,combined_photometric,False,,,,,,0.0,0.0,clahe + mild contrast + gamma
E:\TJGY\MinPaper\MyAutoAugument\outputs\datasets\tiled\tiled_1024_ov20_full_safe_no_ok_position\images\val\2025-06-29-08-27-16ps5_NGyuan_tile_0000.jpg,7,碰伤,"[871.0021362304688, 658.0004272460938, 918.0016479492188, 671.0000610351562]",610.9764406085014,tiny,55.761047463175125,12.578598256206332,12.578598256206332,True,True,edge,False,FN,combined_photometric,False,0.0,0.9495975375175476,7,0.0,0.9341381192207336,0.0,0.015459418296813965,clahe + mild contrast + gamma
E:\TJGY\MinPaper\MyAutoAugument\outputs\datasets\tiled\tiled_1024_ov20_full_safe_no_ok_position\images\val\2025-06-29-08-27-16ps5_NGyuan_tile_0001.jpg,7,碰伤,"[52.001792907714844, 658.0004272460938, 99.00135040283203, 671.0000610351562]",610.9770356845111,tiny,55.741407528641574,12.561673869036001,12.561673869036001,True,True,edge,False,FN,combined_photometric,False,,,9,,,0.0,0.0,clahe + mild contrast + gamma
E:\TJGY\MinPaper\MyAutoAugument\outputs\datasets\tiled\tiled_1024_ov20_full_safe_no_ok_position\images\val\2025-06-29-08-27-16ps5_NGyuan_tile_0007.jpg,6,漏背锡,"[618.999267578125, 306.0003967285156, 836.000244140625, 432.0005187988281]",27342.14953625202,medium,104.82481164508815,65.53607339766639,65.53607339766639,False,False,center,False,FN,combined_photometric,False,,,12,,,0.0,0.0,clahe + mild contrast + gamma
E:\TJGY\MinPaper\MyAutoAugument\outputs\datasets\tiled\tiled_1024_ov20_full_safe_no_ok_position\images\val\2025-06-29-08-27-16ps5_NGyuan_tile_0012.jpg,6,漏背锡,"[618.999267578125, 247.00057983398438, 836.000244140625, 373.0007019042969]",27342.14953625202,medium,104.82283666154633,65.53497091198456,65.53497091198456,False,False,center,False,FN,combined_photometric,False,,,12,,,0.0,0.0,clahe + mild contrast + gamma
E:\TJGY\MinPaper\MyAutoAugument\outputs\datasets\tiled\tiled_1024_ov20_full_safe_no_ok_position\images\val\2025-07-13-20-08-46ps5_NGyuan_tile_0007.jpg,7,碰伤,"[928.0010375976562, 9.999872207641602, 975.0005493164062, 28.000768661499023]",846.0333438310772,tiny,54.854609929078016,14.40297763660568,14.40297763660568,True,True,corner,False,FN,combined_photometric,False,,,11,,,0.0,0.0,clahe + mild contrast + gamma
E:\TJGY\MinPaper\MyAutoAugument\outputs\datasets\tiled\tiled_1024_ov20_full_safe_no_ok_position\images\val\2025-07-13-20-08-46ps5_NGyuan_tile_0007.jpg,11,锡尖,"[421.001220703125, 619.9987182617188, 494.99957275390625, 666.9993286132812]",3477.9677113965154,small,123.09488211615871,65.90531720864378,65.90531720864378,False,False,center,False,FN,combined_photometric,False,0.0,0.9884555339813232,11,0.0,0.9944475889205933,0.0,-0.0059920549392700195,clahe + mild contrast + gamma
E:\TJGY\MinPaper\MyAutoAugument\outputs\datasets\tiled\tiled_1024_ov20_full_safe_no_ok_position\images\val\2025-07-13-20-08-46ps5_NGyuan_tile_0008.jpg,7,碰伤,"[109.0017318725586, 9.999872207641602, 156.00128173828125, 28.000768661499023]",846.034030510782,tiny,54.892434988179666,14.35571448989137,14.35571448989137,True,True,corner,False,FN,combined_photometric,False,,,1,,,0.0,0.0,clahe + mild contrast + gamma
E:\TJGY\MinPaper\MyAutoAugument\outputs\datasets\tiled\tiled_1024_ov20_full_safe_no_ok_position\images\val\2025-07-13-20-08-46ps5_NGyuan_tile_0008.jpg,1,OK3,"[3.9976959228515625, 835.999755859375, 160.99942016601562, 889.9993896484375]",8478.035613382235,small,36.99728709601321,7.181065191702025,7.181065191702025,True,True,corner,False,FN,combined_photometric,True,0.9065978527069092,0.38095739483833313,1,,,0.9065978527069092,0.38095739483833313,clahe + mild contrast + gamma
E:\TJGY\MinPaper\MyAutoAugument\outputs\datasets\tiled\tiled_1024_ov20_full_safe_no_ok_position\images\val\2025-07-13-20-08-46ps5_NGyuan_tile_0012.jpg,11,锡尖,"[421.001220703125, 560.9989013671875, 494.99957275390625, 607.99951171875]",3477.9677113965154,small,123.08539390454284,65.88729036054909,65.88729036054909,False,False,center,False,FN,combined_photometric,False,0.0,0.9983365535736084,11,0.0,0.9976463913917542,0.0,0.000690162181854248,clahe + mild contrast + gamma
E:\TJGY\MinPaper\MyAutoAugument\outputs\datasets\tiled\tiled_1024_ov20_full_safe_no_ok_position\images\val\2025-07-13-20-08-46ps5_NGyuan_tile_0013.jpg,1,OK3,"[3.9976959228515625, 776.9999389648438, 160.99942016601562, 830.9995727539062]",8478.035613382235,small,37.001179523472516,7.193464342911849,7.193464342911849,True,True,edge,False,FN,combined_photometric,False,,,,,,0.0,0.0,clahe + mild contrast + gamma
E:\TJGY\MinPaper\MyAutoAugument\outputs\datasets\tiled\tiled_1024_ov20_full_safe_no_ok_position\images\val\2025-07-14-19-29-20ps5_tile_0007.jpg,7,碰伤,"[916.0017700195312, -0.0005116462707519531, 937.0020141601562, 11.999744415283203]",252.00830704264808,tiny,30.4484126984127,7.5693432870978965,7.5693432870978965,True,True,corner,True,FN,combined_photometric,False,,,11,,,0.0,0.0,clahe + mild contrast + gamma
E:\TJGY\MinPaper\MyAutoAugument\outputs\datasets\tiled\tiled_1024_ov20_full_safe_no_ok_position\images\val\2025-07-14-19-29-20ps5_tile_0008.jpg,7,碰伤,"[97.00147247314453, -0.0005116462707519531, 118.00167083740234, 11.999744415283203]",252.00775771452027,tiny,30.48015873015873,7.472409779402671,7.472409779402671,True,True,corner,True,FN,combined_photometric,False,,,,,,0.0,0.0,clahe + mild contrast + gamma
E:\TJGY\MinPaper\MyAutoAugument\outputs\datasets\tiled\tiled_1024_ov20_full_safe_no_ok_position\images\val\2025-07-21-20-56-48ps5_NGyuan_tile_0000.jpg,7,碰伤,"[873.9989013671875, 906.0003662109375, 905.9998779296875, 920.00048828125]",448.0175782442093,tiny,74.57589285714286,14.53255425351571,14.53255425351571,False,True,corner,False,FN,combined_photometric,False,,,,,,0.0,0.0,clahe + mild contrast + gamma
E:\TJGY\MinPaper\MyAutoAugument\outputs\datasets\tiled\tiled_1024_ov20_full_safe_no_ok_position\images\val\2025-07-21-20-56-48ps5_NGyuan_tile_0001.jpg,7,碰伤,"[54.99852752685547, 906.0003662109375, 86.99954986572266, 920.00048828125]",448.01821911893785,tiny,74.62946428571429,14.538318447621059,14.538318447621059,False,True,corner,False,FN,combined_photometric,False,,,,,,0.0,0.0,clahe + mild contrast + gamma
E:\TJGY\MinPaper\MyAutoAugument\outputs\datasets\tiled\tiled_1024_ov20_full_safe_no_ok_position\images\val\2025-07-21-20-56-48ps5_NGyuan_tile_0005.jpg,7,碰伤,"[873.9989013671875, 87.00006866455078, 905.9998779296875, 101.00019073486328]",448.0175782442093,tiny,74.60714285714286,14.57989512433936,14.57989512433936,False,True,corner,False,FN,combined_photometric,False,,,,,,0.0,0.0,clahe + mild contrast + gamma
E:\TJGY\MinPaper\MyAutoAugument\outputs\datasets\tiled\tiled_1024_ov20_full_safe_no_ok_position\images\val\2025-07-21-20-56-48ps5_NGyuan_tile_0006.jpg,7,碰伤,"[54.99852752685547, 87.00006866455078, 86.99954986572266, 101.00019073486328]",448.01821911893785,tiny,74.55357142857143,14.568397356285017,14.568397356285017,False,True,corner,False,FN,combined_photometric,False,,,,,,0.0,0.0,clahe + mild contrast + gamma
E:\TJGY\MinPaper\MyAutoAugument\outputs\datasets\tiled\tiled_1024_ov20_full_safe_no_ok_position\images\val\2025-07-21-20-56-48ps5_NGyuan_tile_0010.jpg,7,碰伤,"[873.9989013671875, 28.000255584716797, 905.9998779296875, 42.00038528442383]",448.01782239228487,tiny,74.62276785714286,14.539604761639193,14.539604761639193,False,True,corner,False,FN,combined_photometric,False,,,,,,0.0,0.0,clahe + mild contrast + gamma
E:\TJGY\MinPaper\MyAutoAugument\outputs\datasets\tiled\tiled_1024_ov20_full_safe_no_ok_position\images\val\2025-07-21-20-56-48ps5_NGyuan_tile_0011.jpg,7,碰伤,"[54.99852752685547, 28.000255584716797, 86.99954986572266, 42.00038528442383]",448.0184632673627,tiny,74.55357142857143,14.558128121010444,14.558128121010444,False,True,corner,False,FN,combined_photometric,False,,,,,,0.0,0.0,clahe + mild contrast + gamma
E:\TJGY\MinPaper\MyAutoAugument\outputs\datasets\tiled\tiled_1024_ov20_full_safe_no_ok_position\images\val\2025-08-01-18-25-43ps5_NGyuan_tile_0005.jpg,7,碰伤,"[543.9989624023438, 789.001708984375, 570.9977416992188, 800.00048828125]",296.9536147713661,tiny,67.12121212121212,12.43429009826994,12.43429009826994,False,True,center,False,FN,combined_photometric,False,,,,,,0.0,0.0,clahe + mild contrast + gamma
E:\TJGY\MinPaper\MyAutoAugument\outputs\datasets\tiled\tiled_1024_ov20_full_safe_no_ok_position\images\val\2025-08-01-18-25-43ps5_NGyuan_tile_0010.jpg,7,碰伤,"[543.9989624023438, 730.0018920898438, 570.9977416992188, 741.0006713867188]",296.9536147713661,tiny,67.14141414141415,12.336753635219289,12.336753635219289,False,True,center,False,FN,combined_photometric,False,,,,,,0.0,0.0,clahe + mild contrast + gamma
E:\TJGY\MinPaper\MyAutoAugument\outputs\datasets\tiled\tiled_1024_ov20_full_safe_no_ok_position\images\val\2025-08-01-19-07-33ps5_tile_0001.jpg,7,碰伤,"[683.999755859375, 750.0001220703125, 761.00146484375, 764.9996337890625]",1154.98803627491,small,77.10822510822511,13.52277129892412,13.52277129892412,False,True,center,False,FN,combined_photometric,False,0.4810774624347687,0.28138816356658936,7,0.5555399060249329,0.6593897342681885,-0.07446244359016418,-0.3780015707015991,clahe + mild contrast + gamma
E:\TJGY\MinPaper\MyAutoAugument\outputs\datasets\tiled\tiled_1024_ov20_full_safe_no_ok_position\images\val\2025-08-01-19-07-33ps5_tile_0007.jpg,12,锡膏,"[602.0009155273438, 437.001220703125, 640.9999389648438, 562.0009155273438]",4874.8660281300545,small,132.29107692307693,25.70673247882104,25.70673247882104,False,False,center,False,FN,combined_photometric,False,,,7,,,0.0,0.0,clahe + mild contrast + gamma
E:\TJGY\MinPaper\MyAutoAugument\outputs\datasets\tiled\tiled_1024_ov20_full_safe_no_ok_position\images\val\2025-08-01-19-15-54ps5_NGyuan_tile_0001.jpg,9,轮廓划伤,"[265.0019836425781, 812.000244140625, 301.0017395019531, 862.0001220703125]",1799.9833984673023,small,92.58722222222222,13.851881262347467,13.851881262347467,False,True,edge,False,FN,combined_photometric,False,,,7,,,0.0,0.0,clahe + mild contrast + gamma
E:\TJGY\MinPaper\MyAutoAugument\outputs\datasets\tiled\tiled_1024_ov20_full_safe_no_ok_position\images\val\2025-08-01-19-15-54ps5_NGyuan_tile_0001.jpg,7,碰伤,"[678.99853515625, 792.9989013671875, 731.0003662109375, 860.9986572265625]",3536.111815959215,small,97.78082579185521,11.439135858198433,11.439135858198433,False,True,edge,False,FN,combined_photometric,True,0.9655333757400513,0.6263667941093445,7,0.0,0.8984742164611816,0.9655333757400513,-0.27210742235183716,clahe + mild contrast + gamma
E:\TJGY\MinPaper\MyAutoAugument\outputs\datasets\tiled\tiled_1024_ov20_full_safe_no_ok_position\images\val\2025-08-01-19-15-54ps5_NGyuan_tile_0007.jpg,9,轮廓划伤,"[883.9992065429688, 939.0003051757812, 937.0004272460938, 1011.0007934570312]",3816.1137701272964,small,75.7541928721174,8.36023069434036,8.36023069434036,False,True,corner,False,FN,combined_photometric,False,,,1,,,0.0,0.0,clahe + mild contrast + gamma
E:\TJGY\MinPaper\MyAutoAugument\outputs\datasets\tiled\tiled_1024_ov20_full_safe_no_ok_position\images\val\2025-08-01-19-15-54ps5_NGyuan_tile_0008.jpg,9,轮廓划伤,"[64.99890899658203, 939.0003051757812, 118.00012969970703, 1011.0007934570312]",3816.1137701272964,small,75.75104821802935,8.342785454022351,8.342785454022351,False,True,corner,False,FN,combined_photometric,False,,,,,,0.0,0.0,clahe + mild contrast + gamma
E:\TJGY\MinPaper\MyAutoAugument\outputs\datasets\tiled\tiled_1024_ov20_full_safe_no_ok_position\images\val\2025-08-01-19-15-54ps5_NGyuan_tile_0010.jpg,9,轮廓划伤,"[320.0010070800781, 846.0001220703125, 367.0005798339844, 917.000244140625]",3336.975402779877,small,73.16332034761763,7.190210572874346,7.190210572874346,False,True,edge,False,FN,combined_photometric,False,,,,,,0.0,0.0,clahe + mild contrast + gamma
E:\TJGY\MinPaper\MyAutoAugument\outputs\datasets\tiled\tiled_1024_ov20_full_safe_no_ok_position\images\val\2025-08-04-12-33-32ps5_NGyuan_tile_0007.jpg,12,锡膏,"[372.0007629394531, 490.9992980957031, 429.0007019042969, 573.0001831054688]",4674.045440619811,small,181.8913136499786,36.092790329431004,36.092790329431004,False,False,center,False,FN,combined_photometric,False,0.0,0.9698711037635803,12,0.0,0.9773492217063904,0.0,-0.007478117942810059,clahe + mild contrast + gamma
E:\TJGY\MinPaper\MyAutoAugument\outputs\datasets\tiled\tiled_1024_ov20_full_safe_no_ok_position\images\val\2025-08-04-12-33-32ps5_NGyuan_tile_0012.jpg,12,锡膏,"[372.0007629394531, 431.9994812011719, 429.0007019042969, 514.0003662109375]",4674.045440619811,small,181.89602053915277,36.09129258574198,36.09129258574198,False,False,center,False,FN,combined_photometric,False,0.0,0.9839644432067871,12,0.0,0.984855592250824,0.0,-0.0008911490440368652,clahe + mild contrast + gamma
E:\TJGY\MinPaper\MyAutoAugument\outputs\datasets\tiled\tiled_1024_ov20_full_safe_no_ok_position\images\val\2025-08-11-12-08-10ps5_NGyuan_tile_0002.jpg,7,碰伤,"[579.0007934570312, 712.9994506835938, 612.0012817382812, 721.9993286132812]",297.00036615133286,tiny,61.54545454545455,12.719405938158081,12.719405938158081,False,True,center,False,FN,combined_photometric,False,,,,,,0.0,0.0,clahe + mild contrast + gamma
E:\TJGY\MinPaper\MyAutoAugument\outputs\datasets\tiled\tiled_1024_ov20_full_safe_no_ok_position\images\val\2025-08-11-19-47-12ps5_tile_0002.jpg,10,锡丝残留,"[450.9997863769531, 899.0007934570312, 515.0007934570312, 1014.0011596679688]",7360.139252077788,small,90.81888586956522,29.39094057510151,29.39094057510151,False,False,edge,False,FN,combined_photometric,False,,,,,,0.0,0.0,clahe + mild contrast + gamma
E:\TJGY\MinPaper\MyAutoAugument\outputs\datasets\tiled\tiled_1024_ov20_full_safe_no_ok_position\images\val\2025-08-11-19-47-12ps5_tile_0012.jpg,10,锡丝残留,"[450.9997863769531, 21.000701904296875, 515.0007934570312, 136.0010223388672]",7360.136322344188,small,90.81589673913044,29.391555325766586,29.391555325766586,False,False,edge,False,FN,combined_photometric,False,,,1,,,0.0,0.0,clahe + mild contrast + gamma
E:\TJGY\MinPaper\MyAutoAugument\outputs\datasets\tiled\tiled_1024_ov20_full_safe_no_ok_position\images\val\2025-08-11-19-48-33ps5_tile_0002.jpg,10,锡丝残留,"[583.0010375976562, 918.9995727539062, 650.0014038085938, 1013.9990844726562]",6365.002075016499,small,82.86457187745484,29.289360786741216,29.289360786741216,False,False,edge,False,FN,combined_photometric,False,,,11,,,0.0,0.0,clahe + mild contrast + gamma
E:\TJGY\MinPaper\MyAutoAugument\outputs\datasets\tiled\tiled_1024_ov20_full_safe_no_ok_position\images\val\2025-08-11-19-48-33ps5_tile_0007.jpg,10,锡丝残留,"[583.0010375976562, 99.99923706054688, 650.0014038085938, 194.998779296875]",6365.004119705409,small,82.88578161822467,29.26549908145222,29.26549908145222,False,False,edge,False,FN,combined_photometric,False,,,11,,,0.0,0.0,clahe + mild contrast + gamma
E:\TJGY\MinPaper\MyAutoAugument\outputs\datasets\tiled\tiled_1024_ov20_full_safe_no_ok_position\images\val\2025-08-11-19-48-33ps5_tile_0012.jpg,10,锡丝残留,"[583.0010375976562, 40.99942398071289, 650.0014038085938, 135.9989776611328]",6365.00488646375,small,82.8725844461901,29.26325957101295,29.26325957101295,False,False,edge,False,FN,combined_photometric,False,,,11,,,0.0,0.0,clahe + mild contrast + gamma
E:\TJGY\MinPaper\MyAutoAugument\outputs\datasets\tiled\tiled_1024_ov20_full_safe_no_ok_position\images\val\2025-08-11-19-48-39ps5_tile_0002.jpg,11,锡尖,"[260.00177001953125, 969.9993896484375, 426.99981689453125, 1022.0001220703125]",8684.020750522614,small,131.6589129433441,28.84888457853096,28.84888457853096,False,False,edge,False,FN,combined_photometric,False,,,,,,0.0,0.0,clahe + mild contrast + gamma
E:\TJGY\MinPaper\MyAutoAugument\outputs\datasets\tiled\tiled_1024_ov20_full_safe_no_ok_position\images\val\2025-08-12-01-35-13ps5_NGyuan_tile_0008.jpg,7,碰伤,"[284.9986572265625, 695.0006103515625, 294.9990234375, 707.0008544921875]",120.00683602690697,tiny,68.83333333333333,13.364338949441365,13.364338949441365,False,True,center,False,FN,combined_photometric,False,,,1,,,0.0,0.0,clahe + mild contrast + gamma
E:\TJGY\MinPaper\MyAutoAugument\outputs\datasets\tiled\tiled_1024_ov20_full_safe_no_ok_position\images\val\2025-08-12-01-35-13ps5_NGyuan_tile_0009.jpg,7,碰伤,"[169.9983367919922, 695.0006103515625, 179.9987335205078, 707.0008544921875]",120.00720224529505,tiny,68.89166666666667,13.415038721110308,13.415038721110308,False,True,edge,False,FN,combined_photometric,False,,,,,,0.0,0.0,clahe + mild contrast + gamma
E:\TJGY\MinPaper\MyAutoAugument\outputs\datasets\tiled\tiled_1024_ov20_full_safe_no_ok_position\images\val\2025-08-12-01-35-13ps5_NGyuan_tile_0013.jpg,7,碰伤,"[284.9986572265625, 635.999755859375, 294.9990234375, 648.0]",120.00683602690697,tiny,68.75,13.430841373495555,13.430841373495555,False,True,center,False,FN,combined_photometric,False,,,1,,,0.0,0.0,clahe + mild contrast + gamma
E:\TJGY\MinPaper\MyAutoAugument\outputs\datasets\tiled\tiled_1024_ov20_full_safe_no_ok_position\images\val\2025-08-12-01-35-13ps5_NGyuan_tile_0014.jpg,7,碰伤,"[169.9983367919922, 635.999755859375, 179.9987335205078, 648.0]",120.00720224529505,tiny,68.825,13.406256313129825,13.406256313129825,False,True,edge,False,FN,combined_photometric,False,,,,,,0.0,0.0,clahe + mild contrast + gamma
E:\TJGY\MinPaper\MyAutoAugument\outputs\datasets\tiled\tiled_1024_ov20_full_safe_no_ok_position\images\val\2025-08-21-05-20-58ps5_NGyuan_tile_0010.jpg,7,碰伤,"[778.0018920898438, 644.0003051757812, 802.0014038085938, 658.0014038085938]",336.0195307135582,tiny,98.25297619047619,9.744885261578911,9.744885261578911,False,True,center,False,FN,combined_photometric,False,,,8,,,0.0,0.0,clahe + mild contrast + gamma
E:\TJGY\MinPaper\MyAutoAugument\outputs\datasets\tiled\tiled_1024_ov20_full_safe_no_ok_position\images\val\2025-09-02-07-01-17ps5_NGyuan_tile_0007.jpg,11,锡尖,"[728.0009765625, 371.9992370605469, 780.0028076171875, 418.9997863769531]",2444.114625029266,small,91.18780687397708,32.5586892764388,32.5586892764388,False,False,center,False,FN,combined_photometric,False,,,,,,0.0,0.0,clahe + mild contrast + gamma
E:\TJGY\MinPaper\MyAutoAugument\outputs\datasets\tiled\tiled_1024_ov20_full_safe_no_ok_position\images\val\2025-09-02-07-01-17ps5_NGyuan_tile_0012.jpg,11,锡尖,"[728.0009765625, 312.99945068359375, 780.0028076171875, 360.0]",2444.114625029266,small,91.1665302782324,32.57385679580332,32.57385679580332,False,False,center,False,FN,combined_photometric,False,,,6,,,0.0,0.0,clahe + mild contrast + gamma
E:\TJGY\MinPaper\MyAutoAugument\outputs\datasets\tiled\tiled_1024_ov20_full_safe_no_ok_position\images\val\2025-09-02-08-24-16ps5_NGyuan_tile_0001.jpg,7,碰伤,"[504.9999084472656, 779.999755859375, 529.9998168945312, 790.99853515625]",274.9684754535556,tiny,67.17090909090909,16.44328735908832,16.44328735908832,False,True,center,False,FN,combined_photometric,False,,,,,,0.0,0.0,clahe + mild contrast + gamma
E:\TJGY\MinPaper\MyAutoAugument\outputs\datasets\tiled\tiled_1024_ov20_full_safe_no_ok_position\images\val\2025-09-02-15-04-54ps5_NGyuan_tile_0007.jpg,6,漏背锡,"[592.9998779296875, 346.0003662109375, 857.9998779296875, 424.99993896484375]",20934.886779785156,medium,93.02302364461428,40.044814221721936,40.044814221721936,False,False,center,False,FN,combined_photometric,False,0.25509825348854065,0.7904173731803894,6,0.25203555822372437,0.6360679864883423,0.003062695264816284,0.15434938669204712,clahe + mild contrast + gamma
E:\TJGY\MinPaper\MyAutoAugument\outputs\datasets\tiled\tiled_1024_ov20_full_safe_no_ok_position\images\val\2025-09-02-15-04-54ps5_NGyuan_tile_0012.jpg,6,漏背锡,"[592.9998779296875, 287.0005798339844, 857.9998779296875, 366.0001525878906]",20934.886779785156,medium,93.03625507523286,40.043653921247,40.043653921247,False,False,center,False,FN,combined_photometric,False,0.3801676630973816,0.28639742732048035,6,0.2679309844970703,0.768899142742157,0.11223667860031128,-0.48250171542167664,clahe + mild contrast + gamma
E:\TJGY\MinPaper\MyAutoAugument\outputs\datasets\tiled\tiled_1024_ov20_full_safe_no_ok_position\images\val\2025-09-02-20-35-27ps5_NGyuan_tile_0007.jpg,6,漏背锡,"[495.9979248046875, 399.0010681152344, 710.9990234375, 448.0005187988281]",10534.935729376972,medium,142.15007119126722,62.38630949557069,62.38630949557069,False,False,center,False,FN,combined_photometric,False,0.0,0.9061692357063293,6,0.0,0.8630314469337463,0.0,0.04313778877258301,clahe + mild contrast + gamma
E:\TJGY\MinPaper\MyAutoAugument\outputs\datasets\tiled\tiled_1024_ov20_full_safe_no_ok_position\images\val\2025-09-09-21-08-16ps5_tile_0005.jpg,7,碰伤,"[620.9991455078125, 429.00018310546875, 674.0003662109375, 473.9998779296875]",2385.0387569516897,small,83.34633123689727,8.341202081152689,8.341202081152689,False,True,center,False,FN,combined_photometric,False,,,,,,0.0,0.0,clahe + mild contrast + gamma
E:\TJGY\MinPaper\MyAutoAugument\outputs\datasets\tiled\tiled_1024_ov20_full_safe_no_ok_position\images\val\2025-09-09-21-08-16ps5_tile_0010.jpg,7,碰伤,"[620.9991455078125, 370.0003662109375, 674.0003662109375, 415.00006103515625]",2385.0387569516897,small,83.31949685534592,8.310901718698924,8.310901718698924,False,True,center,False,FN,combined_photometric,False,,,,,,0.0,0.0,clahe + mild contrast + gamma
E:\TJGY\MinPaper\MyAutoAugument\outputs\datasets\tiled\tiled_1024_ov20_full_safe_no_ok_position\images\val\2025-09-09-21-09-08ps5_tile_0002.jpg,7,碰伤,"[268.99969482421875, 636.000244140625, 350.0001220703125, 668.9996337890625]",2672.964660383761,small,71.33370744481856,13.990167208105312,13.990167208105312,False,True,center,False,FN,combined_photometric,False,,,,,,0.0,0.0,clahe + mild contrast + gamma
E:\TJGY\MinPaper\MyAutoAugument\outputs\datasets\tiled\tiled_1024_ov20_full_safe_no_ok_position\images\val\2025-09-09-21-09-08ps5_tile_0002.jpg,7,碰伤,"[896.0, 637.0001831054688, 967.99951171875, 685.9995727539062]",3527.932129204273,small,60.058956916099774,24.542952173817785,24.542952173817785,False,False,edge,False,FN,combined_photometric,False,,,,,,0.0,0.0,clahe + mild contrast + gamma
E:\TJGY\MinPaper\MyAutoAugument\outputs\datasets\tiled\tiled_1024_ov20_full_safe_no_ok_position\images\val\2025-09-09-21-09-08ps5_tile_0003.jpg,7,碰伤,"[77.00070190429688, 637.0001831054688, 149.0001983642578, 685.9995727539062]",3527.9313815329224,small,60.06235827664399,24.52822591520583,24.52822591520583,False,False,edge,False,FN,combined_photometric,True,0.6779446601867676,0.339143306016922,7,,,0.6779446601867676,0.339143306016922,clahe + mild contrast + gamma
E:\TJGY\MinPaper\MyAutoAugument\outputs\datasets\tiled\tiled_1024_ov20_full_safe_no_ok_position\images\val\2025-09-09-21-09-08ps5_tile_0006.jpg,9,轮廓划伤,"[423.0005798339844, 792.00048828125, 472.9994201660156, 853.9996337890625]",3099.8853769674897,small,73.83129032258064,11.283484431491578,11.283484431491578,False,True,edge,False,FN,combined_photometric,False,,,7,,,0.0,0.0,clahe + mild contrast + gamma
E:\TJGY\MinPaper\MyAutoAugument\outputs\datasets\tiled\tiled_1024_ov20_full_safe_no_ok_position\images\val\2025-09-09-21-09-08ps5_tile_0011.jpg,9,轮廓划伤,"[423.0005798339844, 733.0006713867188, 472.9994201660156, 794.9998168945312]",3099.8853769674897,small,73.80677419354839,11.264664388596808,11.264664388596808,False,True,center,False,FN,combined_photometric,False,,,7,,,0.0,0.0,clahe + mild contrast + gamma
E:\TJGY\MinPaper\MyAutoAugument\outputs\datasets\tiled\tiled_1024_ov20_full_safe_no_ok_position\images\val\2025-09-15-17-40-22ps5_tile_0002.jpg,2,加强筋打伤,"[780.000244140625, 491.00030517578125, 825.0009765625, 563.0007934570312]",3240.074707388878,small,58.91203703703704,12.028771200385384,12.028771200385384,True,True,center,False,FN,combined_photometric,False,,,0,,,0.0,0.0,clahe + mild contrast + gamma
E:\TJGY\MinPaper\MyAutoAugument\outputs\datasets\tiled\tiled_1024_ov20_full_safe_no_ok_position\images\val\2025-09-15-17-40-45ps5_tile_0003.jpg,9,轮廓划伤,"[614.99853515625, 768.9994506835938, 658.998779296875, 878.9995727539062]",4840.032226592302,small,43.10144628099174,5.880616532374243,5.880616532374243,True,True,edge,False,FN,combined_photometric,False,0.0,0.8498469591140747,9,0.0,0.8685526251792908,0.0,-0.018705666065216064,clahe + mild contrast + gamma
E:\TJGY\MinPaper\MyAutoAugument\outputs\datasets\tiled\tiled_1024_ov20_full_safe_no_ok_position\images\val\2025-09-15-17-40-45ps5_tile_0005.jpg,7,碰伤,"[658.001953125, 365.9991149902344, 696.00048828125, 410.0003967285156]",1671.9842510521412,small,80.13516746411483,19.512654649717266,19.512654649717266,False,True,center,False,FN,combined_photometric,False,,,2,,,0.0,0.0,clahe + mild contrast + gamma
E:\TJGY\MinPaper\MyAutoAugument\outputs\datasets\tiled\tiled_1024_ov20_full_safe_no_ok_position\images\val\2025-09-15-17-40-45ps5_tile_0008.jpg,9,轮廓划伤,"[667.999755859375, 143.99948120117188, 736.00048828125, 280.0]",9248.134888075292,small,52.046820934256054,11.056431250044772,11.056431250044772,True,True,center,False,FN,combined_photometric,False,,,7,0.0,0.6813665628433228,0.0,-0.6813665628433228,clahe + mild contrast + gamma
E:\TJGY\MinPaper\MyAutoAugument\outputs\datasets\tiled\tiled_1024_ov20_full_safe_no_ok_position\images\val\2025-09-15-17-40-45ps5_tile_0009.jpg,9,轮廓划伤,"[552.9994506835938, 143.99948120117188, 621.0001831054688, 280.0]",9248.134888075292,small,52.04163062283737,11.041174963422284,11.041174963422284,True,True,center,False,FN,combined_photometric,False,0.0,0.3581775426864624,9,0.0,0.4902084767818451,0.0,-0.1320309340953827,clahe + mild contrast + gamma
E:\TJGY\MinPaper\MyAutoAugument\outputs\datasets\tiled\tiled_1024_ov20_full_safe_no_ok_position\images\val\2025-09-15-17-40-45ps5_tile_0013.jpg,9,轮廓划伤,"[588.0007934570312, 129.9998779296875, 647.0005493164062, 266.998779296875]",8082.901733666658,small,45.12247927749598,7.320491860402777,7.320491860402777,True,True,edge,False,FN,combined_photometric,False,,,7,,,0.0,0.0,clahe + mild contrast + gamma
E:\TJGY\MinPaper\MyAutoAugument\outputs\datasets\tiled\tiled_1024_ov20_full_safe_no_ok_position\images\val\2025-09-15-17-40-45ps5_tile_0013.jpg,9,轮廓划伤,"[667.999755859375, 84.99967956542969, 736.00048828125, 221.0001983642578]",9248.134888075292,small,52.05590397923876,11.051302284552333,11.051302284552333,True,True,edge,False,FN,combined_photometric,False,,,7,,,0.0,0.0,clahe + mild contrast + gamma
E:\TJGY\MinPaper\MyAutoAugument\outputs\datasets\tiled\tiled_1024_ov20_full_safe_no_ok_position\images\val\2025-09-17-00-42-01ps5_NGyuan_tile_0002.jpg,9,轮廓划伤,"[569.9998779296875, 440.9994201660156, 608.9989013671875, 531.9992065429688]",3548.902801722288,small,82.39165962242885,19.955258444015058,19.955258444015058,False,True,center,False,FN,combined_photometric,False,,,4,,,0.0,0.0,clahe + mild contrast + gamma
E:\TJGY\MinPaper\MyAutoAugument\outputs\datasets\tiled\tiled_1024_ov20_full_safe_no_ok_position\images\val\2025-09-17-00-42-01ps5_NGyuan_tile_0003.jpg,9,轮廓划伤,"[88.99993896484375, 451.99920654296875, 134.00064086914062, 546.998779296875]",4275.0474545340985,small,61.53426900584795,16.561533177541072,16.561533177541072,False,True,edge,False,FN,combined_photometric,False,,,,,,0.0,0.0,clahe + mild contrast + gamma
E:\TJGY\MinPaper\MyAutoAugument\outputs\datasets\tiled\tiled_1024_ov20_full_safe_no_ok_position\images\val\2025-09-17-00-42-01ps5_NGyuan_tile_0007.jpg,9,轮廓划伤,"[825.9993286132812, 569.0009765625, 861.9990844726562, 658.0008544921875]",3203.9738769829273,small,82.04119850187266,27.04385951819281,27.04385951819281,False,False,edge,False,FN,combined_photometric,False,,,4,,,0.0,0.0,clahe + mild contrast + gamma
E:\TJGY\MinPaper\MyAutoAugument\outputs\datasets\tiled\tiled_1024_ov20_full_safe_no_ok_position\images\val\2025-09-17-00-42-01ps5_NGyuan_tile_0007.jpg,9,轮廓划伤,"[464.9989318847656, 554.0003662109375, 508.9991760253906, 646.0006103515625]",4048.0332031846046,small,88.09510869565217,25.228170146891692,25.228170146891692,False,False,center,False,FN,combined_photometric,False,,,4,,,0.0,0.0,clahe + mild contrast + gamma
E:\TJGY\MinPaper\MyAutoAugument\outputs\datasets\tiled\tiled_1024_ov20_full_safe_no_ok_position\images\val\2025-09-17-00-42-01ps5_NGyuan_tile_0008.jpg,9,轮廓划伤,"[6.999040603637695, 569.0009765625, 42.99878692626953, 658.0008544921875]",3203.97302821395,small,82.03558052434457,27.060123698453427,27.060123698453427,False,False,edge,False,FN,combined_photometric,False,,,,,,0.0,0.0,clahe + mild contrast + gamma
E:\TJGY\MinPaper\MyAutoAugument\outputs\datasets\tiled\tiled_1024_ov20_full_safe_no_ok_position\images\val\2025-09-17-00-42-01ps5_NGyuan_tile_0012.jpg,9,轮廓划伤,"[825.9993286132812, 510.0011291503906, 861.9990844726562, 599.0010986328125]",3203.977172859013,small,82.05087390761548,27.03131251511788,27.03131251511788,False,False,edge,False,FN,combined_photometric,False,,,4,,,0.0,0.0,clahe + mild contrast + gamma
E:\TJGY\MinPaper\MyAutoAugument\outputs\datasets\tiled\tiled_1024_ov20_full_safe_no_ok_position\images\val\2025-09-17-00-42-01ps5_NGyuan_tile_0012.jpg,9,轮廓划伤,"[464.9989318847656, 495.0006103515625, 508.9991760253906, 587.0008544921875]",4048.0332031846046,small,88.0909090909091,25.217132883679668,25.217132883679668,False,False,center,False,FN,combined_photometric,False,,,4,,,0.0,0.0,clahe + mild contrast + gamma
E:\TJGY\MinPaper\MyAutoAugument\outputs\datasets\tiled\tiled_1024_ov20_full_safe_no_ok_position\images\val\2025-09-17-00-42-01ps5_NGyuan_tile_0013.jpg,9,轮廓划伤,"[6.999040603637695, 510.0011291503906, 42.99878692626953, 599.0010986328125]",3203.9763240891625,small,82.05149812734082,27.05617049169587,27.05617049169587,False,False,edge,False,FN,combined_photometric,False,,,,,,0.0,0.0,clahe + mild contrast + gamma
E:\TJGY\MinPaper\MyAutoAugument\outputs\datasets\tiled\tiled_1024_ov20_full_safe_no_ok_position\images\val\2025-09-17-01-04-57ps5_NGyuan_tile_0007.jpg,7,碰伤,"[943.9984741210938, 549.001220703125, 1022.9990844726562, 661.000244140625]",8847.991210341454,small,70.38438065099457,27.789816997064424,27.789816997064424,False,False,edge,False,FN,combined_photometric,False,,,0,,,0.0,0.0,clahe + mild contrast + gamma
E:\TJGY\MinPaper\MyAutoAugument\outputs\datasets\tiled\tiled_1024_ov20_full_safe_no_ok_position\images\val\2025-09-17-01-04-57ps5_NGyuan_tile_0009.jpg,7,碰伤,"[9.997825622558594, 549.001220703125, 88.99839782714844, 661.000244140625]",8847.986937917769,small,70.39500452079567,27.785352623891168,27.785352623891168,False,False,edge,False,FN,combined_photometric,False,,,,,,0.0,0.0,clahe + mild contrast + gamma
E:\TJGY\MinPaper\MyAutoAugument\outputs\datasets\tiled\tiled_1024_ov20_full_safe_no_ok_position\images\val\2025-09-17-01-04-57ps5_NGyuan_tile_0012.jpg,7,碰伤,"[943.9984741210938, 490.0014343261719, 1022.9990844726562, 602.0004272460938]",8847.988799434155,small,70.38381555153707,27.781154746340547,27.781154746340547,False,False,edge,False,FN,combined_photometric,False,,,1,,,0.0,0.0,clahe + mild contrast + gamma
E:\TJGY\MinPaper\MyAutoAugument\outputs\datasets\tiled\tiled_1024_ov20_full_safe_no_ok_position\images\val\2025-09-17-01-04-57ps5_NGyuan_tile_0014.jpg,7,碰伤,"[9.997825622558594, 490.0014343261719, 88.99839782714844, 602.0004272460938]",8847.984527011635,small,70.39602169981917,27.783863597371752,27.783863597371752,False,False,edge,False,FN,combined_photometric,False,,,,,,0.0,0.0,clahe + mild contrast + gamma
E:\TJGY\MinPaper\MyAutoAugument\outputs\datasets\tiled\tiled_1024_ov20_full_safe_no_ok_position\images\val\2025-09-23-01-12-21ps5_NGyuan_tile_0000.jpg,8,脏污,"[867.0013427734375, 503.0005798339844, 929.9998779296875, 558.0006713867188]",3464.925201281905,small,96.83174603174604,20.809539021020875,20.809539021020875,False,False,edge,False,FN,combined_photometric,False,,,7,,,0.0,0.0,clahe + mild contrast + gamma
E:\TJGY\MinPaper\MyAutoAugument\outputs\datasets\tiled\tiled_1024_ov20_full_safe_no_ok_position\images\val\2025-09-23-01-12-21ps5_NGyuan_tile_0001.jpg,8,脏污,"[48.00102615356445, 503.0005798339844, 110.99955749511719, 558.0006713867188]",3464.9249914732063,small,96.83376623376624,20.802404743265633,20.802404743265633,False,False,edge,False,FN,combined_photometric,False,,,7,,,0.0,0.0,clahe + mild contrast + gamma
E:\TJGY\MinPaper\MyAutoAugument\outputs\datasets\tiled\tiled_1024_ov20_full_safe_no_ok_position\images\val\2025-09-23-12-23-50ps5_NGyuan_tile_0007.jpg,1,OK3,"[535.99951171875, 675.0003051757812, 712.9979248046875, 710.0006713867188]",6195.009276762605,small,68.44229217110573,12.546360320682469,12.546360320682469,False,True,center,False,FN,combined_photometric,False,,,0,,,0.0,0.0,clahe + mild contrast + gamma
E:\TJGY\MinPaper\MyAutoAugument\outputs\datasets\tiled\tiled_1024_ov20_full_safe_no_ok_position\images\val\2025-10-11-06-43-38ps5_tile_0004.jpg,7,碰伤,"[785.0004272460938, 780.9996948242188, 939.9992065429688, 1000.9999389648438]",34099.76928681135,medium,53.30431085043988,18.205265879869607,18.205265879869607,True,True,corner,False,FN,combined_photometric,False,,,,,,0.0,0.0,clahe + mild contrast + gamma
E:\TJGY\MinPaper\MyAutoAugument\outputs\datasets\tiled\tiled_1024_ov20_full_safe_no_ok_position\images\val\2025-10-11-06-43-38ps5_tile_0009.jpg,7,碰伤,"[833.00146484375, 496.00048828125, 952.00048828125, 672.00048828125]",20943.828125,medium,53.00940603514133,15.966843311164997,15.966843311164997,True,True,edge,False,FN,combined_photometric,False,,,,,,0.0,0.0,clahe + mild contrast + gamma
E:\TJGY\MinPaper\MyAutoAugument\outputs\datasets\tiled\tiled_1024_ov20_full_safe_no_ok_position\images\val\2025-10-11-06-43-38ps5_tile_0012.jpg,1,OK3,"[825.0009765625, 564.000732421875, 944.9993896484375, 625.9998779296875]",7439.799073621631,small,60.81760752688172,12.480530501060455,12.480530501060455,False,True,edge,False,FN,combined_photometric,False,,,0,,,0.0,0.0,clahe + mild contrast + gamma
E:\TJGY\MinPaper\MyAutoAugument\outputs\datasets\tiled\tiled_1024_ov20_full_safe_no_ok_position\images\val\2025-10-11-06-43-38ps5_tile_0013.jpg,1,OK3,"[6.001659393310547, 564.000732421875, 126.0001220703125, 625.9998779296875]",7439.802148225252,small,60.82231182795699,12.474237409818958,12.474237409818958,False,True,edge,False,FN,combined_photometric,True,0.8709097504615784,0.45651328563690186,1,,,0.8709097504615784,0.45651328563690186,clahe + mild contrast + gamma
E:\TJGY\MinPaper\MyAutoAugument\outputs\datasets\tiled\tiled_1024_ov20_full_safe_no_ok_position\images\val\2025-10-11-06-43-38ps5_tile_0014.jpg,7,碰伤,"[833.00146484375, 437.000732421875, 952.00048828125, 613.000732421875]",20943.828125,medium,53.00868983957219,15.957455759330232,15.957455759330232,True,True,edge,False,FN,combined_photometric,False,,,,,,0.0,0.0,clahe + mild contrast + gamma
E:\TJGY\MinPaper\MyAutoAugument\outputs\datasets\tiled\tiled_1024_ov20_full_safe_no_ok_position\images\val\2025-10-17-13-38-05ps5_NGyuan_tile_0002.jpg,8,脏污,"[97.9993667602539, 625.00146484375, 315.999755859375, 758.0006103515625]",28993.86547055375,medium,92.81903152376354,27.81747796575795,27.81747796575795,False,False,center,False,FN,combined_photometric,True,0.8510825037956238,0.6104889512062073,8,,,0.8510825037956238,0.6104889512062073,clahe + mild contrast + gamma
E:\TJGY\MinPaper\MyAutoAugument\outputs\datasets\tiled\tiled_1024_ov20_full_safe_no_ok_position\images\val\2025-10-17-15-21-16ps5_NGyuan_tile_0001.jpg,7,碰伤,"[370.9992980957031, 653.0001831054688, 397.9980773925781, 676.9996948242188]",647.9575201272964,tiny,76.18672839506173,7.7350419033912425,7.7350419033912425,False,True,center,False,FN,combined_photometric,False,0.0,0.42938029766082764,7,0.0,0.711706280708313,0.0,-0.28232598304748535,clahe + mild contrast + gamma
E:\TJGY\MinPaper\MyAutoAugument\outputs\datasets\tiled\tiled_1024_ov20_full_safe_no_ok_position\images\val\2025-10-17-15-21-16ps5_NGyuan_tile_0005.jpg,7,碰伤,"[891.9987182617188, 703.99951171875, 935.9989624023438, 729.9998779296875]",1144.022461026907,small,82.23076923076923,6.091169014871003,6.091169014871003,False,True,edge,False,FN,combined_photometric,False,,,,,,0.0,0.0,clahe + mild contrast + gamma
E:\TJGY\MinPaper\MyAutoAugument\outputs\datasets\tiled\tiled_1024_ov20_full_safe_no_ok_position\images\val\2025-10-17-15-21-16ps5_NGyuan_tile_0010.jpg,7,碰伤,"[891.9987182617188, 644.9996948242188, 935.9989624023438, 671.0000610351562]",1144.022461026907,small,82.25961538461539,6.116146679218979,6.116146679218979,False,True,edge,False,FN,combined_photometric,False,,,,,,0.0,0.0,clahe + mild contrast + gamma
E:\TJGY\MinPaper\MyAutoAugument\outputs\datasets\tiled\tiled_1024_ov20_full_safe_no_ok_position\images\val\2025-10-17-15-21-16ps5_NGyuan_tile_0011.jpg,7,碰伤,"[72.99839782714844, 644.9996948242188, 116.9986572265625, 671.0000610351562]",1144.0228577610105,small,82.26923076923077,6.0766575138929095,6.0766575138929095,False,True,edge,False,FN,combined_photometric,False,,,,,,0.0,0.0,clahe + mild contrast + gamma
E:\TJGY\MinPaper\MyAutoAugument\outputs\datasets\tiled\tiled_1024_ov20_full_safe_no_ok_position\images\val\2025-10-22-13-52-23ps5_NGyuan_tile_0007.jpg,12,锡膏,"[213.9990997314453, 268.9996643066406, 273.9983215332031, 304.9994201660156]",2159.957336615771,small,210.7685185185185,35.23007881570474,35.23007881570474,False,False,center,False,FN,combined_photometric,False,,,0,,,0.0,0.0,clahe + mild contrast + gamma
E:\TJGY\MinPaper\MyAutoAugument\outputs\datasets\tiled\tiled_1024_ov20_full_safe_no_ok_position\images\val\2025-10-22-13-52-23ps5_NGyuan_tile_0012.jpg,12,锡膏,"[213.9990997314453, 209.99986267089844, 273.9983215332031, 245.99961853027344]",2159.957336615771,small,210.7699074074074,35.20862849305262,35.20862849305262,False,False,center,False,FN,combined_photometric,False,,,0,,,0.0,0.0,clahe + mild contrast + gamma
E:\TJGY\MinPaper\MyAutoAugument\outputs\datasets\tiled\tiled_1024_ov20_full_safe_no_ok_position\images\val\2025-10-31-03-46-08ps5_NGyuan_tile_0006.jpg,5,浅划伤,"[213.99911499023438, 679.99951171875, 291.0008239746094, 736.0]",4312.133301615715,small,87.8409090909091,9.498692220750025,9.498692220750025,False,True,center,False,FN,combined_photometric,False,,,7,,,0.0,0.0,clahe + mild contrast + gamma
E:\TJGY\MinPaper\MyAutoAugument\outputs\datasets\tiled\tiled_1024_ov20_full_safe_no_ok_position\images\val\2025-10-31-03-46-08ps5_NGyuan_tile_0011.jpg,5,浅划伤,"[213.99911499023438, 620.9996948242188, 291.0008239746094, 677.0001831054688]",4312.133301615715,small,87.8471706864564,9.498318929995587,9.498318929995587,False,True,center,False,FN,combined_photometric,False,,,7,,,0.0,0.0,clahe + mild contrast + gamma
E:\TJGY\MinPaper\MyAutoAugument\outputs\datasets\tiled\tiled_1024_ov20_full_safe_no_ok_position\images\val\2025-11-01-14-42-20ps5_NGyuan_tile_0003.jpg,7,碰伤,"[500.000244140625, 899.999755859375, 605.9996337890625, 977.00048828125]",8162.030639201403,small,50.66172506738545,18.150312464313096,18.150312464313096,True,True,edge,False,FN,combined_photometric,False,,,,0.0,0.7693948745727539,0.0,-0.7693948745727539,clahe + mild contrast + gamma
E:\TJGY\MinPaper\MyAutoAugument\outputs\datasets\tiled\tiled_1024_ov20_full_safe_no_ok_position\images\val\2025-11-01-14-42-20ps5_NGyuan_tile_0004.jpg,7,碰伤,"[384.99993896484375, 899.999755859375, 490.999267578125, 977.00048828125]",8162.025939449668,small,50.65645675079637,18.16103435712057,18.16103435712057,True,True,edge,False,FN,combined_photometric,False,,,,,,0.0,0.0,clahe + mild contrast + gamma
E:\TJGY\MinPaper\MyAutoAugument\outputs\datasets\tiled\tiled_1024_ov20_full_safe_no_ok_position\images\val\2025-11-01-14-42-20ps5_NGyuan_tile_0005.jpg,7,碰伤,"[372.0007629394531, 847.9994506835938, 434.9992980957031, 944.9999389648438]",6110.888671159744,small,73.78972344951727,10.3877121956301,10.3877121956301,False,True,edge,False,FN,combined_photometric,False,,,,,,0.0,0.0,clahe + mild contrast + gamma
E:\TJGY\MinPaper\MyAutoAugument\outputs\datasets\tiled\tiled_1024_ov20_full_safe_no_ok_position\images\val\2025-11-01-14-42-20ps5_NGyuan_tile_0008.jpg,7,碰伤,"[594.0014038085938, 581.9996337890625, 643.0007934570312, 670.99951171875]",4360.939697340131,small,61.634716808071545,8.350099978877372,8.350099978877372,False,True,center,False,FN,combined_photometric,False,,,9,,,0.0,0.0,clahe + mild contrast + gamma
E:\TJGY\MinPaper\MyAutoAugument\outputs\datasets\tiled\tiled_1024_ov20_full_safe_no_ok_position\images\val\2025-11-01-14-42-20ps5_NGyuan_tile_0008.jpg,7,碰伤,"[342.998046875, 683.0003051757812, 490.998779296875, 816.9999389648438]",19832.04394504428,medium,46.13816054860831,9.892181567104181,9.892181567104181,True,True,center,False,FN,combined_photometric,False,,,9,,,0.0,0.0,clahe + mild contrast + gamma
E:\TJGY\MinPaper\MyAutoAugument\outputs\datasets\tiled\tiled_1024_ov20_full_safe_no_ok_position\images\val\2025-11-01-14-42-20ps5_NGyuan_tile_0008.jpg,7,碰伤,"[500.000244140625, 80.99942779541016, 605.9996337890625, 158.0001220703125]",8162.026595645584,small,50.6691987258025,18.166714261311874,18.166714261311874,True,True,edge,False,FN,combined_photometric,False,,,9,,,0.0,0.0,clahe + mild contrast + gamma
E:\TJGY\MinPaper\MyAutoAugument\outputs\datasets\tiled\tiled_1024_ov20_full_safe_no_ok_position\images\val\2025-11-01-14-42-20ps5_NGyuan_tile_0009.jpg,7,碰伤,"[479.0010681152344, 581.9996337890625, 528.00048828125, 670.99951171875]",4360.942413400859,small,61.649163036000914,8.381732074677439,8.381732074677439,False,True,center,False,FN,combined_photometric,False,,,9,0.0,0.36237359046936035,0.0,-0.36237359046936035,clahe + mild contrast + gamma
E:\TJGY\MinPaper\MyAutoAugument\outputs\datasets\tiled\tiled_1024_ov20_full_safe_no_ok_position\images\val\2025-11-01-14-42-20ps5_NGyuan_tile_0009.jpg,7,碰伤,"[384.99993896484375, 80.99942779541016, 490.999267578125, 158.0001220703125]",8162.021895896178,small,50.65853957363392,18.18350789983095,18.18350789983095,True,True,edge,False,FN,combined_photometric,False,,,9,0.0,0.36237359046936035,0.0,-0.36237359046936035,clahe + mild contrast + gamma
E:\TJGY\MinPaper\MyAutoAugument\outputs\datasets\tiled\tiled_1024_ov20_full_safe_no_ok_position\images\val\2025-11-01-14-42-20ps5_NGyuan_tile_0010.jpg,7,碰伤,"[372.0007629394531, 788.9986572265625, 434.9992980957031, 885.9991455078125]",6110.888671159744,small,73.77974144984454,10.409780498474799,10.409780498474799,False,True,edge,False,FN,combined_photometric,False,,,,,,0.0,0.0,clahe + mild contrast + gamma
E:\TJGY\MinPaper\MyAutoAugument\outputs\datasets\tiled\tiled_1024_ov20_full_safe_no_ok_position\images\val\2025-11-01-14-42-20ps5_NGyuan_tile_0013.jpg,7,碰伤,"[594.0014038085938, 522.998779296875, 643.0007934570312, 611.998779296875]",4360.9456787109375,small,61.65099747764274,8.370885904884908,8.370885904884908,False,True,center,False,FN,combined_photometric,False,,,9,0.0,0.5604667067527771,0.0,-0.5604667067527771,clahe + mild contrast + gamma
E:\TJGY\MinPaper\MyAutoAugument\outputs\datasets\tiled\tiled_1024_ov20_full_safe_no_ok_position\images\val\2025-11-01-14-42-20ps5_NGyuan_tile_0013.jpg,7,碰伤,"[500.000244140625, 21.999618530273438, 605.9996337890625, 99.00032043457031]",8162.027404356748,small,50.657926978681694,18.16755758235728,18.16755758235728,True,True,edge,False,FN,combined_photometric,False,,,9,0.0,0.5604667067527771,0.0,-0.5604667067527771,clahe + mild contrast + gamma
E:\TJGY\MinPaper\MyAutoAugument\outputs\datasets\tiled\tiled_1024_ov20_full_safe_no_ok_position\images\val\2025-11-01-14-42-20ps5_NGyuan_tile_0014.jpg,7,碰伤,"[384.99993896484375, 21.999618530273438, 490.999267578125, 99.00032043457031]",8162.022704606876,small,50.65290370007351,18.163884330448102,18.163884330448102,True,True,edge,False,FN,combined_photometric,False,,,9,0.0,0.48193860054016113,0.0,-0.48193860054016113,clahe + mild contrast + gamma
E:\TJGY\MinPaper\MyAutoAugument\outputs\datasets\tiled\tiled_1024_ov20_full_safe_no_ok_position\images\val\2025-11-12-16-33-42ps5_NGyuan_tile_0006.jpg,7,碰伤,"[650.998291015625, 6.000639915466309, 692.000244140625, 24.999935150146484]",779.0082126203924,tiny,77.55198973042361,16.23695860274999,16.23695860274999,False,True,edge,False,FN,combined_photometric,False,,,,,,0.0,0.0,clahe + mild contrast + gamma
E:\TJGY\MinPaper\MyAutoAugument\outputs\datasets\tiled\tiled_1024_ov20_full_safe_no_ok_position\images\val\2229344f-2025-05-09-18-28-13ps5_tile_0002.jpg,10,锡丝残留,"[425.9978332519531, 917.0001831054688, 709.9991455078125, 974.9995727539062]",16471.902770195156,medium,51.756313744536186,28.19032209028167,28.19032209028167,True,False,edge,False,FN,combined_photometric,False,,,,,,0.0,0.0,clahe + mild contrast + gamma
E:\TJGY\MinPaper\MyAutoAugument\outputs\datasets\tiled\tiled_1024_ov20_full_safe_no_ok_position\images\val\2229344f-2025-05-09-18-28-13ps5_tile_0007.jpg,10,锡丝残留,"[425.9978332519531, 97.99987030029297, 709.9991455078125, 155.99923706054688]",16471.89626992098,medium,51.75728508984944,28.200555790248156,28.200555790248156,True,False,edge,False,FN,combined_photometric,False,,,12,,,0.0,0.0,clahe + mild contrast + gamma
E:\TJGY\MinPaper\MyAutoAugument\outputs\datasets\tiled\tiled_1024_ov20_full_safe_no_ok_position\images\val\a91db891-2025-04-13-11-39-07ps5_tile_0002.jpg,7,碰伤,"[374.00115966796875, 808.00048828125, 396.00177001953125, 816.0]",175.99414032697678,tiny,29.619318181818183,9.131456096604467,9.131456096604467,True,True,center,False,FN,combined_photometric,False,,,,0.0,0.6018717288970947,0.0,-0.6018717288970947,clahe + mild contrast + gamma
E:\TJGY\MinPaper\MyAutoAugument\outputs\datasets\tiled\tiled_1024_ov20_full_safe_no_ok_position\images\val\a91db891-2025-04-13-11-39-07ps5_tile_0004.jpg,7,碰伤,"[334.0006408691406, 957.9996337890625, 346.0008850097656, 973.9996337890625]",192.00390625,tiny,33.760416666666664,13.989761726338381,13.989761726338381,True,True,edge,False,FN,combined_photometric,False,,,8,,,0.0,0.0,clahe + mild contrast + gamma
E:\TJGY\MinPaper\MyAutoAugument\outputs\datasets\tiled\tiled_1024_ov20_full_safe_no_ok_position\images\val\a91db891-2025-04-13-11-39-07ps5_tile_0006.jpg,7,碰伤,"[373.99859619140625, 880.9999389648438, 439.00006103515625, 896.9999389648438]",1040.0234375,tiny,39.90480769230769,16.103558372940746,16.103558372940746,True,True,edge,False,FN,combined_photometric,False,,,,0.0,0.2767678499221802,0.0,-0.2767678499221802,clahe + mild contrast + gamma
E:\TJGY\MinPaper\MyAutoAugument\outputs\datasets\tiled\tiled_1024_ov20_full_safe_no_ok_position\images\val\a91db891-2025-04-13-11-39-07ps5_tile_0009.jpg,7,碰伤,"[334.0006408691406, 138.99929809570312, 346.0008850097656, 154.99929809570312]",192.00390625,tiny,33.739583333333336,13.970388917029316,13.970388917029316,True,True,edge,False,FN,combined_photometric,False,,,,,,0.0,0.0,clahe + mild contrast + gamma
E:\TJGY\MinPaper\MyAutoAugument\outputs\datasets\tiled\tiled_1024_ov20_full_safe_no_ok_position\images\val\a91db891-2025-04-13-11-39-07ps5_tile_0014.jpg,7,碰伤,"[334.0006408691406, 79.9994888305664, 346.0008850097656, 95.9994888305664]",192.00390625,tiny,33.786458333333336,13.92319796682012,13.92319796682012,True,True,edge,False,FN,combined_photometric,False,,,,,,0.0,0.0,clahe + mild contrast + gamma
E:\TJGY\MinPaper\MyAutoAugument\outputs\datasets\tiled\tiled_1024_ov20_full_safe_no_ok_position\images\val\ce0d1787-2025-04-25-11-20-04ps5_NGyuan_tile_0007.jpg,12,锡膏,"[463.99896240234375, 184.99891662597656, 601.9993286132812, 294.9990539550781]",15180.059234669432,medium,116.9655467720685,31.009908507174064,31.009908507174064,False,False,center,False,FN,combined_photometric,False,,,8,,,0.0,0.0,clahe + mild contrast + gamma
E:\TJGY\MinPaper\MyAutoAugument\outputs\datasets\tiled\tiled_1024_ov20_full_safe_no_ok_position\images\val\ce0d1787-2025-04-25-11-20-04ps5_NGyuan_tile_0012.jpg,12,锡膏,"[463.99896240234375, 125.99909973144531, 601.9993286132812, 235.9992218017578]",15180.057128950953,medium,116.96752305665349,31.00227688190202,31.00227688190202,False,False,edge,False,FN,combined_photometric,False,,,8,,,0.0,0.0,clahe + mild contrast + gamma
E:\TJGY\MinPaper\MyAutoAugument\outputs\datasets\tiled\tiled_1024_ov20_full_safe_no_ok_position\images\val\105acebc-2025-05-09-18-24-19ps5_tile_0000.jpg,7,碰伤,"[912.9993896484375, 569.9989013671875, 931.0013427734375, 578.998779296875]",162.01538062095642,tiny,33.98765432098765,11.577429966155993,11.577429966155993,True,True,edge,False,FN,zoom_in_context,False,,,,0.3009812533855438,0.9500972628593445,-0.3009812533855438,-0.9500972628593445,"{""x1"": 768.0, ""y1"": 446.0, ""x2"": 1024.0, ""y2"": 702.0, ""crop_w"": 256.0, ""crop_h"": 256.0}"
E:\TJGY\MinPaper\MyAutoAugument\outputs\datasets\tiled\tiled_1024_ov20_full_safe_no_ok_position\images\val\13d91ebd-2025-04-13-11-32-17ps5_tile_0010.jpg,7,碰伤,"[525.0022583007812, 711.0015869140625, 550.0011596679688, 735.0010986328125]",599.9614263176918,tiny,31.981666666666666,9.476884010873803,9.476884010873803,True,True,center,False,FN,zoom_in_context,False,,,,0.0,0.837761402130127,0.0,-0.837761402130127,"{""x1"": 410.0, ""y1"": 595.0, ""x2"": 666.0, ""y2"": 851.0, ""crop_w"": 256.0, ""crop_h"": 256.0}"
E:\TJGY\MinPaper\MyAutoAugument\outputs\datasets\tiled\tiled_1024_ov20_full_safe_no_ok_position\images\val\182e7d02-2025-04-22-16-40-10ps5_NGyuan_tile_0001.jpg,7,碰伤,"[494.002197265625, 576.0, 531.0013427734375, 586.0003662109375]",370.0050045698881,tiny,40.229729729729726,15.822279277922496,15.822279277922496,True,True,center,False,FN,zoom_in_context,False,,,4,0.0,0.8648220896720886,0.0,-0.8648220896720886,"{""x1"": 385.0, ""y1"": 453.0, ""x2"": 641.0, ""y2"": 709.0, ""crop_w"": 256.0, ""crop_h"": 256.0}"
E:\TJGY\MinPaper\MyAutoAugument\outputs\datasets\tiled\tiled_1024_ov20_full_safe_no_ok_position\images\val\182e7d02-2025-04-22-16-40-10ps5_NGyuan_tile_0007.jpg,12,锡膏,"[311.99896240234375, 112.99890899658203, 425.9998779296875, 240.99993896484375]",14592.2346048248,medium,80.68414199561404,25.61158079643109,25.61158079643109,False,False,edge,False,FN,zoom_in_context,False,,,8,,,0.0,0.0,"{""x1"": 49.0, ""y1"": 0.0, ""x2"": 689.0, ""y2"": 640.0, ""crop_w"": 640.0, ""crop_h"": 640.0}"
E:\TJGY\MinPaper\MyAutoAugument\outputs\datasets\tiled\tiled_1024_ov20_full_safe_no_ok_position\images\val\2025-05-10-15-39-23ps5_tile_0007.jpg,4,油污,"[15.00006103515625, 628.000244140625, 304.99993896484375, 725.000732421875]",28130.129760682583,medium,54.22619978670458,15.326970402266443,15.326970402266443,True,True,edge,False,FN,zoom_in_context,False,0.1353103369474411,0.5343640446662903,4,0.1353103369474411,0.5343640446662903,0.0,0.0,"{""x1"": 0.0, ""y1"": 0.0, ""x2"": 1024.0, ""y2"": 1024.0, ""crop_w"": 1024.0, ""crop_h"": 1024.0}"
E:\TJGY\MinPaper\MyAutoAugument\outputs\datasets\tiled\tiled_1024_ov20_full_safe_no_ok_position\images\val\2025-05-10-15-39-23ps5_tile_0012.jpg,4,油污,"[15.00006103515625, 569.0004272460938, 304.99993896484375, 666.0009155273438]",28130.129760682583,medium,54.22321365090651,15.3365902471285,15.3365902471285,True,True,edge,False,FN,zoom_in_context,False,0.14986126124858856,0.9171929359436035,4,0.14986126124858856,0.9171929359436035,0.0,0.0,"{""x1"": 0.0, ""y1"": 0.0, ""x2"": 1024.0, ""y2"": 1024.0, ""crop_w"": 1024.0, ""crop_h"": 1024.0}"
E:\TJGY\MinPaper\MyAutoAugument\outputs\datasets\tiled\tiled_1024_ov20_full_safe_no_ok_position\images\val\2025-05-10-15-40-40ps5_tile_0005.jpg,4,油污,"[359.9989929199219, 440.0005187988281, 402.0003967285156, 532.0007934570312]",3864.140686420724,small,34.52329192546584,26.149523784041858,26.149523784041858,True,False,center,False,FN,zoom_in_context,False,,,,,,0.0,0.0,"{""x1"": 151.0, ""y1"": 256.0, ""x2"": 611.0, ""y2"": 716.0, ""crop_w"": 460.0, ""crop_h"": 460.0}"
E:\TJGY\MinPaper\MyAutoAugument\outputs\datasets\tiled\tiled_1024_ov20_full_safe_no_ok_position\images\val\2025-05-10-15-40-40ps5_tile_0006.jpg,4,油污,"[66.00038146972656, 801.9993286132812, 299.999755859375, 866.9998168945312]",15210.073592834175,medium,28.58500986193294,14.81777230950077,14.81777230950077,True,True,corner,False,FN,zoom_in_context,False,,,,,,0.0,0.0,"{""x1"": 0.0, ""y1"": 0.0, ""x2"": 1024.0, ""y2"": 1024.0, ""crop_w"": 1024.0, ""crop_h"": 1024.0}"
E:\TJGY\MinPaper\MyAutoAugument\outputs\datasets\tiled\tiled_1024_ov20_full_safe_no_ok_position\images\val\2025-05-10-15-40-40ps5_tile_0007.jpg,6,漏背锡,"[551.99951171875, 300.00128173828125, 830.99853515625, 412.000244140625]",31247.601136267185,medium,87.3754160266257,51.00135128257115,51.00135128257115,False,False,center,False,FN,zoom_in_context,False,,,,,,0.0,0.0,"{""x1"": 0.0, ""y1"": 0.0, ""x2"": 1024.0, ""y2"": 1024.0, ""crop_w"": 1024.0, ""crop_h"": 1024.0}"
E:\TJGY\MinPaper\MyAutoAugument\outputs\datasets\tiled\tiled_1024_ov20_full_safe_no_ok_position\images\val\2025-05-10-15-40-40ps5_tile_0010.jpg,4,油污,"[359.9989929199219, 380.99969482421875, 402.0003967285156, 472.99993896484375]",3864.1394046396017,small,34.53933747412008,26.137962230065977,26.137962230065977,True,False,center,False,FN,zoom_in_context,False,,,,,,0.0,0.0,"{""x1"": 151.0, ""y1"": 197.0, ""x2"": 611.0, ""y2"": 657.0, ""crop_w"": 460.0, ""crop_h"": 460.0}"
E:\TJGY\MinPaper\MyAutoAugument\outputs\datasets\tiled\tiled_1024_ov20_full_safe_no_ok_position\images\val\2025-05-10-15-40-40ps5_tile_0010.jpg,4,油污,"[357.00018310546875, 160.0, 403.999755859375, 267.9992370605469]",5075.917999593541,small,44.630220646178095,27.09347754794195,27.09347754794195,True,False,center,False,FN,zoom_in_context,False,,,,,,0.0,0.0,"{""x1"": 111.0, ""y1"": 0.0, ""x2"": 650.0, ""y2"": 540.0, ""crop_w"": 539.0, ""crop_h"": 540.0}"
E:\TJGY\MinPaper\MyAutoAugument\outputs\datasets\tiled\tiled_1024_ov20_full_safe_no_ok_position\images\val\2025-05-10-15-40-40ps5_tile_0012.jpg,6,漏背锡,"[551.99951171875, 241.00146484375, 830.99853515625, 353.00042724609375]",31247.601136267185,medium,87.37426395289299,51.00970071261489,51.00970071261489,False,False,center,False,FN,zoom_in_context,False,,,,,,0.0,0.0,"{""x1"": 0.0, ""y1"": 0.0, ""x2"": 1024.0, ""y2"": 1024.0, ""crop_w"": 1024.0, ""crop_h"": 1024.0}"
E:\TJGY\MinPaper\MyAutoAugument\outputs\datasets\tiled\tiled_1024_ov20_full_safe_no_ok_position\images\val\2025-05-16-16-13-18ps5_tile_0006.jpg,3,开裂,"[632.9978637695312, 607.0006103515625, 825.9993286132812, 713.0009765625]",20458.22595268488,medium,54.9853358099521,35.48760494371061,35.48760494371061,True,False,center,False,FN,zoom_in_context,False,,,8,,,0.0,0.0,"{""x1"": 59.0, ""y1"": 59.0, ""x2"": 1024.0, ""y2"": 1024.0, ""crop_w"": 965.0, ""crop_h"": 965.0}"
E:\TJGY\MinPaper\MyAutoAugument\outputs\datasets\tiled\tiled_1024_ov20_full_safe_no_ok_position\images\val\2025-05-16-16-13-18ps5_tile_0006.jpg,7,碰伤,"[877.9985961914062, 616.00048828125, 898.9998168945312, 624.0]",167.99951112270355,tiny,36.892857142857146,13.2718982181497,13.2718982181497,True,True,edge,False,FN,zoom_in_context,False,,,4,,,0.0,0.0,"{""x1"": 760.0, ""y1"": 492.0, ""x2"": 1016.0, ""y2"": 748.0, ""crop_w"": 256.0, ""crop_h"": 256.0}"
E:\TJGY\MinPaper\MyAutoAugument\outputs\datasets\tiled\tiled_1024_ov20_full_safe_no_ok_position\images\val\2025-05-16-16-13-18ps5_tile_0007.jpg,7,碰伤,"[234.0009002685547, 616.0005493164062, 269.00018310546875, 626.0009155273438]",350.00564548932016,tiny,35.331428571428575,10.488572596022816,10.488572596022816,True,True,center,False,FN,zoom_in_context,False,,,,,,0.0,0.0,"{""x1"": 124.0, ""y1"": 493.0, ""x2"": 380.0, ""y2"": 749.0, ""crop_w"": 256.0, ""crop_h"": 256.0}"
E:\TJGY\MinPaper\MyAutoAugument\outputs\datasets\tiled\tiled_1024_ov20_full_safe_no_ok_position\images\val\2025-05-16-16-13-18ps5_tile_0011.jpg,3,开裂,"[632.9978637695312, 548.0007934570312, 825.9993286132812, 654.0011596679688]",20458.22595268488,medium,54.97976341773389,35.4759722846913,35.4759722846913,True,False,center,False,FN,zoom_in_context,False,,,8,,,0.0,0.0,"{""x1"": 59.0, ""y1"": 59.0, ""x2"": 1024.0, ""y2"": 1024.0, ""crop_w"": 965.0, ""crop_h"": 965.0}"
E:\TJGY\MinPaper\MyAutoAugument\outputs\datasets\tiled\tiled_1024_ov20_full_safe_no_ok_position\images\val\2025-05-16-16-13-18ps5_tile_0012.jpg,7,碰伤,"[234.0009002685547, 557.000732421875, 269.00018310546875, 567.0010986328125]",350.00564548932016,tiny,35.25714285714286,10.521658905441146,10.521658905441146,True,True,center,False,FN,zoom_in_context,False,,,,0.0,0.7078184485435486,0.0,-0.7078184485435486,"{""x1"": 124.0, ""y1"": 434.0, ""x2"": 380.0, ""y2"": 690.0, ""crop_w"": 256.0, ""crop_h"": 256.0}"
E:\TJGY\MinPaper\MyAutoAugument\outputs\datasets\tiled\tiled_1024_ov20_full_safe_no_ok_position\images\val\2025-05-16-16-19-14ps5_tile_0008.jpg,9,轮廓划伤,"[520.9989624023438, 608.0, 567.9984741210938, 710.0006103515625]",4793.978881537914,small,38.24238631622862,9.342376873848142,9.342376873848142,True,True,center,False,FN,zoom_in_context,False,,,,0.0,0.9271972179412842,0.0,-0.9271972179412842,"{""x1"": 289.0, ""y1"": 404.0, ""x2"": 800.0, ""y2"": 914.0, ""crop_w"": 511.0, ""crop_h"": 510.0}"
E:\TJGY\MinPaper\MyAutoAugument\outputs\datasets\tiled\tiled_1024_ov20_full_safe_no_ok_position\images\val\2025-05-16-16-19-14ps5_tile_0009.jpg,9,轮廓划伤,"[405.99859619140625, 608.0, 452.9981689453125, 710.0006103515625]",4793.985107161105,small,38.23091364205256,9.312466003703815,9.312466003703815,True,True,center,False,FN,zoom_in_context,False,,,,0.0,0.6587848663330078,0.0,-0.6587848663330078,"{""x1"": 174.0, ""y1"": 404.0, ""x2"": 684.0, ""y2"": 914.0, ""crop_w"": 510.0, ""crop_h"": 510.0}"
E:\TJGY\MinPaper\MyAutoAugument\outputs\datasets\tiled\tiled_1024_ov20_full_safe_no_ok_position\images\val\2025-05-16-16-19-14ps5_tile_0013.jpg,9,轮廓划伤,"[520.9989624023438, 549.0001831054688, 567.9984741210938, 651.0007934570312]",4793.978881537914,small,38.23967459324155,9.34134155542688,9.34134155542688,True,True,center,False,FN,zoom_in_context,False,,,,0.0,0.7647011280059814,0.0,-0.7647011280059814,"{""x1"": 289.0, ""y1"": 345.0, ""x2"": 800.0, ""y2"": 855.0, ""crop_w"": 511.0, ""crop_h"": 510.0}"
E:\TJGY\MinPaper\MyAutoAugument\outputs\datasets\tiled\tiled_1024_ov20_full_safe_no_ok_position\images\val\2025-05-16-16-19-14ps5_tile_0014.jpg,9,轮廓划伤,"[405.99859619140625, 549.0001831054688, 452.9981689453125, 651.0007934570312]",4793.985107161105,small,38.253650396328744,9.366384219178354,9.366384219178354,True,True,center,False,FN,zoom_in_context,False,,,,0.0,0.770592987537384,0.0,-0.770592987537384,"{""x1"": 174.0, ""y1"": 345.0, ""x2"": 684.0, ""y2"": 855.0, ""crop_w"": 510.0, ""crop_h"": 510.0}"
E:\TJGY\MinPaper\MyAutoAugument\outputs\datasets\tiled\tiled_1024_ov20_full_safe_no_ok_position\images\val\2025-05-16-16-24-29ps5_tile_0003.jpg,8,脏污,"[76.99866485595703, 511.0010681152344, 273.9978332519531, 560.00048828125]",9652.845024591079,small,42.01906143167927,14.004625823723606,14.004625823723606,True,True,edge,False,FN,zoom_in_context,False,,,,,,0.0,0.0,"{""x1"": 0.0, ""y1"": 39.0, ""x2"": 985.0, ""y2"": 1024.0, ""crop_w"": 985.0, ""crop_h"": 985.0}"
E:\TJGY\MinPaper\MyAutoAugument\outputs\datasets\tiled\tiled_1024_ov20_full_safe_no_ok_position\images\val\2025-05-16-16-24-46ps5_tile_0000.jpg,8,脏污,"[506.998291015625, 682.9998168945312, 540.9981689453125, 719.9989624023438]",1257.9664307683706,small,64.9785373608903,29.119271484492103,29.119271484492103,False,False,center,False,FN,zoom_in_context,False,,,4,0.00951562449336052,0.5130482316017151,-0.00951562449336052,-0.5130482316017151,"{""x1"": 396.0, ""y1"": 573.0, ""x2"": 652.0, ""y2"": 829.0, ""crop_w"": 256.0, ""crop_h"": 256.0}"
E:\TJGY\MinPaper\MyAutoAugument\outputs\datasets\tiled\tiled_1024_ov20_full_safe_no_ok_position\images\val\2025-05-16-17-11-45ps5_tile_0000.jpg,7,碰伤,"[498.998779296875, 856.9999389648438, 522.998291015625, 880.0010375976562]",552.0151361823082,tiny,56.77355072463768,27.305792964522016,27.305792964522016,True,False,edge,False,FN,zoom_in_context,False,,,4,,,0.0,0.0,"{""x1"": 383.0, ""y1"": 741.0, ""x2"": 639.0, ""y2"": 997.0, ""crop_w"": 256.0, ""crop_h"": 256.0}"
E:\TJGY\MinPaper\MyAutoAugument\outputs\datasets\tiled\tiled_1024_ov20_full_safe_no_ok_position\images\val\2025-05-16-17-11-45ps5_tile_0005.jpg,7,碰伤,"[498.998779296875, 38.000640869140625, 522.998291015625, 61.00172424316406]",552.0147699788213,tiny,56.75,27.3048245192857,27.3048245192857,True,False,edge,False,FN,zoom_in_context,False,,,,0.0,0.8368571400642395,0.0,-0.8368571400642395,"{""x1"": 383.0, ""y1"": 0.0, ""x2"": 639.0, ""y2"": 256.0, ""crop_w"": 256.0, ""crop_h"": 256.0}"
E:\TJGY\MinPaper\MyAutoAugument\outputs\datasets\tiled\tiled_1024_ov20_full_safe_no_ok_position\images\val\2025-05-16-17-11-45ps5_tile_0006.jpg,4,油污,"[90.00088500976562, 603.0003051757812, 226.00140380859375, 634.9993286132812]",4351.8837885558605,small,35.973805147058826,14.415089668580242,14.415089668580242,True,True,edge,False,FN,zoom_in_context,False,,,8,0.0,0.9706906676292419,0.0,-0.9706906676292419,"{""x1"": 0.0, ""y1"": 279.0, ""x2"": 680.0, ""y2"": 959.0, ""crop_w"": 680.0, ""crop_h"": 680.0}"
E:\TJGY\MinPaper\MyAutoAugument\outputs\datasets\tiled\tiled_1024_ov20_full_safe_no_ok_position\images\val\2025-05-16-17-11-45ps5_tile_0007.jpg,4,油污,"[63.00160217285156, 655.0005493164062, 455.0010986328125, 732.0012817382812]",30184.24833642319,medium,36.6937781606149,14.713793279782761,14.713793279782761,True,True,center,False,FN,zoom_in_context,False,,,12,,,0.0,0.0,"{""x1"": 0.0, ""y1"": 0.0, ""x2"": 1024.0, ""y2"": 1024.0, ""crop_w"": 1024.0, ""crop_h"": 1024.0}"
E:\TJGY\MinPaper\MyAutoAugument\outputs\datasets\tiled\tiled_1024_ov20_full_safe_no_ok_position\images\val\2025-05-16-17-11-45ps5_tile_0011.jpg,4,油污,"[90.00088500976562, 544.00048828125, 226.00140380859375, 575.99951171875]",4351.8837885558605,small,35.9967830882353,14.42663325257906,14.42663325257906,True,True,edge,False,FN,zoom_in_context,False,,,8,0.0,0.4782649278640747,0.0,-0.4782649278640747,"{""x1"": 0.0, ""y1"": 220.0, ""x2"": 680.0, ""y2"": 900.0, ""crop_w"": 680.0, ""crop_h"": 680.0}"
E:\TJGY\MinPaper\MyAutoAugument\outputs\datasets\tiled\tiled_1024_ov20_full_safe_no_ok_position\images\val\2025-05-16-17-11-45ps5_tile_0011.jpg,7,碰伤,"[514.9993286132812, 555.0008544921875, 544.0010375976562, 570.0003662109375]",435.01147377491,tiny,47.777011494252875,10.270297549656902,10.270297549656902,True,True,center,False,FN,zoom_in_context,False,,,4,0.0,0.8992533087730408,0.0,-0.8992533087730408,"{""x1"": 402.0, ""y1"": 435.0, ""x2"": 658.0, ""y2"": 691.0, ""crop_w"": 256.0, ""crop_h"": 256.0}"
E:\TJGY\MinPaper\MyAutoAugument\outputs\datasets\tiled\tiled_1024_ov20_full_safe_no_ok_position\images\val\2025-05-16-17-11-45ps5_tile_0012.jpg,4,油污,"[63.00160217285156, 596.000732421875, 455.0010986328125, 673.00146484375]",30184.24833642319,medium,36.6912602703419,14.718103705245113,14.718103705245113,True,True,center,False,FN,zoom_in_context,False,,,12,,,0.0,0.0,"{""x1"": 0.0, ""y1"": 0.0, ""x2"": 1024.0, ""y2"": 1024.0, ""crop_w"": 1024.0, ""crop_h"": 1024.0}"
E:\TJGY\MinPaper\MyAutoAugument\outputs\datasets\tiled\tiled_1024_ov20_full_safe_no_ok_position\images\val\2025-05-19-17-19-55ps5_NGyuan_tile_0003.jpg,9,轮廓划伤,"[356.9981384277344, 562.0003662109375, 386.9992980957031, 649.9998779296875]",2640.087401777506,small,30.10909090909091,8.369963022124741,8.369963022124741,True,True,center,False,FN,zoom_in_context,False,,,4,0.0,0.9622868895530701,0.0,-0.9622868895530701,"{""x1"": 152.0, ""y1"": 386.0, ""x2"": 592.0, ""y2"": 826.0, ""crop_w"": 440.0, ""crop_h"": 440.0}"
E:\TJGY\MinPaper\MyAutoAugument\outputs\datasets\tiled\tiled_1024_ov20_full_safe_no_ok_position\images\val\2025-05-19-17-19-55ps5_NGyuan_tile_0003.jpg,7,碰伤,"[495.0010681152344, 654.0001220703125, 527.0020751953125, 715.999267578125]",1984.0350943543017,small,20.97328629032258,8.269392657632261,8.269392657632261,True,True,center,False,FN,zoom_in_context,False,,,,,,0.0,0.0,"{""x1"": 356.0, ""y1"": 530.0, ""x2"": 666.0, ""y2"": 840.0, ""crop_w"": 310.0, ""crop_h"": 310.0}"
E:\TJGY\MinPaper\MyAutoAugument\outputs\datasets\tiled\tiled_1024_ov20_full_safe_no_ok_position\images\val\2025-05-19-17-19-55ps5_NGyuan_tile_0004.jpg,9,轮廓划伤,"[292.0018005371094, 645.9990844726562, 317.0017395019531, 696.9994506835938]",1275.006042458117,small,29.054901960784314,10.289463747254985,10.289463747254985,True,True,center,False,FN,zoom_in_context,False,,,,,,0.0,0.0,"{""x1"": 177.0, ""y1"": 543.0, ""x2"": 433.0, ""y2"": 799.0, ""crop_w"": 256.0, ""crop_h"": 256.0}"
E:\TJGY\MinPaper\MyAutoAugument\outputs\datasets\tiled\tiled_1024_ov20_full_safe_no_ok_position\images\val\2025-05-19-17-19-55ps5_NGyuan_tile_0004.jpg,9,轮廓划伤,"[241.99783325195312, 562.0003662109375, 271.9989929199219, 649.9998779296875]",2640.087401777506,small,30.121969696969696,8.38199562549089,8.38199562549089,True,True,center,False,FN,zoom_in_context,False,,,4,,,0.0,0.0,"{""x1"": 37.0, ""y1"": 386.0, ""x2"": 477.0, ""y2"": 826.0, ""crop_w"": 440.0, ""crop_h"": 440.0}"
E:\TJGY\MinPaper\MyAutoAugument\outputs\datasets\tiled\tiled_1024_ov20_full_safe_no_ok_position\images\val\2025-05-19-17-19-55ps5_NGyuan_tile_0007.jpg,9,轮廓划伤,"[956.9996948242188, 613.9996337890625, 984.9978637695312, 679.0010986328125]",1819.9219943881035,small,48.77582417582418,12.206612697693961,12.206612697693961,True,True,edge,False,FN,zoom_in_context,False,,,4,,,0.0,0.0,"{""x1"": 699.0, ""y1"": 484.0, ""x2"": 1024.0, ""y2"": 809.0, ""crop_w"": 325.0, ""crop_h"": 325.0}"
E:\TJGY\MinPaper\MyAutoAugument\outputs\datasets\tiled\tiled_1024_ov20_full_safe_no_ok_position\images\val\2025-05-19-17-19-55ps5_NGyuan_tile_0008.jpg,9,轮廓划伤,"[137.99935913085938, 613.9996337890625, 165.99755859375, 679.0010986328125]",1819.923978075385,small,48.792307692307695,12.231321087833361,12.231321087833361,True,True,edge,False,FN,zoom_in_context,False,,,4,,,0.0,0.0,"{""x1"": 0.0, ""y1"": 484.0, ""x2"": 325.0, ""y2"": 809.0, ""crop_w"": 325.0, ""crop_h"": 325.0}"
E:\TJGY\MinPaper\MyAutoAugument\outputs\datasets\tiled\tiled_1024_ov20_full_safe_no_ok_position\images\val\2025-05-19-17-19-55ps5_NGyuan_tile_0009.jpg,9,轮廓划伤,"[23.000064849853516, 613.9996337890625, 50.99827194213867, 679.0010986328125]",1819.9244739972055,small,48.74230769230769,12.227561694967093,12.227561694967093,True,True,edge,False,FN,zoom_in_context,False,,,,,,0.0,0.0,"{""x1"": 0.0, ""y1"": 484.0, ""x2"": 325.0, ""y2"": 809.0, ""crop_w"": 325.0, ""crop_h"": 325.0}"
E:\TJGY\MinPaper\MyAutoAugument\outputs\datasets\tiled\tiled_1024_ov20_full_safe_no_ok_position\images\val\2025-05-19-17-19-55ps5_NGyuan_tile_0012.jpg,9,轮廓划伤,"[956.9996948242188, 554.9998168945312, 984.9978637695312, 620.0012817382812]",1819.9219943881035,small,48.77967032967033,12.216918727241366,12.216918727241366,True,True,edge,False,FN,zoom_in_context,False,,,,,,0.0,0.0,"{""x1"": 699.0, ""y1"": 425.0, ""x2"": 1024.0, ""y2"": 750.0, ""crop_w"": 325.0, ""crop_h"": 325.0}"
E:\TJGY\MinPaper\MyAutoAugument\outputs\datasets\tiled\tiled_1024_ov20_full_safe_no_ok_position\images\val\2025-05-19-17-19-55ps5_NGyuan_tile_0014.jpg,9,轮廓划伤,"[23.000064849853516, 554.9998168945312, 50.99827194213867, 620.0012817382812]",1819.9244739972055,small,48.76978021978022,12.244454629850441,12.244454629850441,True,True,edge,False,FN,zoom_in_context,False,,,,,,0.0,0.0,"{""x1"": 0.0, ""y1"": 425.0, ""x2"": 325.0, ""y2"": 750.0, ""crop_w"": 325.0, ""crop_h"": 325.0}"
E:\TJGY\MinPaper\MyAutoAugument\outputs\datasets\tiled\tiled_1024_ov20_full_safe_no_ok_position\images\val\2025-05-25-09-48-32ps5_NGyuan_tile_0002.jpg,7,碰伤,"[986.998779296875, 777.0004272460938, 1023.9979248046875, 804.9996948242188]",1035.9489752352238,tiny,44.560810810810814,13.456176866691457,13.456176866691457,True,True,edge,True,FN,zoom_in_context,False,,,,,,0.0,0.0,"{""x1"": 768.0, ""y1"": 663.0, ""x2"": 1024.0, ""y2"": 919.0, ""crop_w"": 256.0, ""crop_h"": 256.0}"
E:\TJGY\MinPaper\MyAutoAugument\outputs\datasets\tiled\tiled_1024_ov20_full_safe_no_ok_position\images\val\2025-05-25-09-48-32ps5_NGyuan_tile_0012.jpg,6,漏背锡,"[379.99920654296875, 354.99981689453125, 444.00128173828125, 413.9996337890625]",3776.110717393458,small,95.13241525423729,63.08038109358812,63.08038109358812,False,False,center,False,FN,zoom_in_context,False,,,,0.0,0.7506036162376404,0.0,-0.7506036162376404,"{""x1"": 252.0, ""y1"": 224.0, ""x2"": 572.0, ""y2"": 545.0, ""crop_w"": 320.0, ""crop_h"": 321.0}"
E:\TJGY\MinPaper\MyAutoAugument\outputs\datasets\tiled\tiled_1024_ov20_full_safe_no_ok_position\images\val\2025-05-26-06-14-31ps5_NGyuan_tile_0012.jpg,12,锡膏,"[282.9997863769531, 2.0003814697265625, 432.9994201660156, 178.00038146972656]",26399.935546875,medium,126.07378787878788,42.335938356921595,42.335938356921595,False,False,edge,False,FN,zoom_in_context,False,,,8,,,0.0,0.0,"{""x1"": 0.0, ""y1"": 0.0, ""x2"": 880.0, ""y2"": 880.0, ""crop_w"": 880.0, ""crop_h"": 880.0}"
E:\TJGY\MinPaper\MyAutoAugument\outputs\datasets\tiled\tiled_1024_ov20_full_safe_no_ok_position\images\val\2025-05-26-06-26-47ps5_NGyuan_tile_0002.jpg,7,碰伤,"[829.001708984375, 832.9989013671875, 845.000732421875, 854.99951171875]",351.98828065395355,tiny,47.50568181818182,17.70705340942459,17.70705340942459,True,True,corner,False,FN,zoom_in_context,False,,,,0.11938972771167755,0.4774206876754761,-0.11938972771167755,-0.4774206876754761,"{""x1"": 709.0, ""y1"": 716.0, ""x2"": 965.0, ""y2"": 972.0, ""crop_w"": 256.0, ""crop_h"": 256.0}"
E:\TJGY\MinPaper\MyAutoAugument\outputs\datasets\tiled\tiled_1024_ov20_full_safe_no_ok_position\images\val\2025-05-26-06-26-47ps5_NGyuan_tile_0003.jpg,7,碰伤,"[10.001408576965332, 832.9989013671875, 26.000385284423828, 854.99951171875]",351.9872525645187,tiny,47.51988636363637,17.69645097921654,17.69645097921654,True,True,corner,False,FN,zoom_in_context,False,,,,0.1084621399641037,0.29860982298851013,-0.1084621399641037,-0.29860982298851013,"{""x1"": 0.0, ""y1"": 716.0, ""x2"": 256.0, ""y2"": 972.0, ""crop_w"": 256.0, ""crop_h"": 256.0}"
E:\TJGY\MinPaper\MyAutoAugument\outputs\datasets\tiled\tiled_1024_ov20_full_safe_no_ok_position\images\val\2025-05-26-06-26-47ps5_NGyuan_tile_0007.jpg,7,碰伤,"[829.001708984375, 13.998592376708984, 845.000732421875, 35.99923324584961]",351.98876890540123,tiny,47.5625,17.655689351517054,17.655689351517054,True,True,corner,False,FN,zoom_in_context,False,,,,0.0,0.808347761631012,0.0,-0.808347761631012,"{""x1"": 709.0, ""y1"": 0.0, ""x2"": 965.0, ""y2"": 256.0, ""crop_w"": 256.0, ""crop_h"": 256.0}"
E:\TJGY\MinPaper\MyAutoAugument\outputs\datasets\tiled\tiled_1024_ov20_full_safe_no_ok_position\images\val\2025-05-26-06-26-47ps5_NGyuan_tile_0008.jpg,7,碰伤,"[12.001280784606934, 65.0009536743164, 28.000255584716797, 93.00019073486328]",447.9590881539916,tiny,42.59375,17.59439227449839,17.59439227449839,True,True,corner,False,FN,zoom_in_context,False,,,4,,,0.0,0.0,"{""x1"": 0.0, ""y1"": 0.0, ""x2"": 256.0, ""y2"": 256.0, ""crop_w"": 256.0, ""crop_h"": 256.0}"
E:\TJGY\MinPaper\MyAutoAugument\outputs\datasets\tiled\tiled_1024_ov20_full_safe_no_ok_position\images\val\2025-05-26-06-26-47ps5_NGyuan_tile_0008.jpg,7,碰伤,"[10.001408576965332, 13.998592376708984, 26.000385284423828, 35.99923324584961]",351.9877408145403,tiny,47.49147727272727,17.715072424336388,17.715072424336388,True,True,corner,False,FN,zoom_in_context,False,,,4,,,0.0,0.0,"{""x1"": 0.0, ""y1"": 0.0, ""x2"": 256.0, ""y2"": 256.0, ""crop_w"": 256.0, ""crop_h"": 256.0}"
E:\TJGY\MinPaper\MyAutoAugument\outputs\datasets\tiled\tiled_1024_ov20_full_safe_no_ok_position\images\val\2025-05-26-06-26-47ps5_NGyuan_tile_0013.jpg,7,碰伤,"[12.001280784606934, 6.001152992248535, 28.000255584716797, 34.00038528442383]",447.95901186493484,tiny,42.60267857142857,17.57834991352709,17.57834991352709,True,True,corner,False,FN,zoom_in_context,False,,,,,,0.0,0.0,"{""x1"": 0.0, ""y1"": 0.0, ""x2"": 256.0, ""y2"": 256.0, ""crop_w"": 256.0, ""crop_h"": 256.0}"
E:\TJGY\MinPaper\MyAutoAugument\outputs\datasets\tiled\tiled_1024_ov20_full_safe_no_ok_position\images\val\2025-05-27-23-28-53ps5_NGyuan_tile_0004.jpg,7,碰伤,"[10.999809265136719, 484.99969482421875, 38.998016357421875, 495.99847412109375]",307.94610051624477,tiny,30.376623376623378,15.92640457304751,15.92640457304751,True,True,edge,False,FN,zoom_in_context,False,,,4,,,0.0,0.0,"{""x1"": 0.0, ""y1"": 362.0, ""x2"": 256.0, ""y2"": 618.0, ""crop_w"": 256.0, ""crop_h"": 256.0}"
E:\TJGY\MinPaper\MyAutoAugument\outputs\datasets\tiled\tiled_1024_ov20_full_safe_no_ok_position\images\val\2025-05-27-23-28-53ps5_NGyuan_tile_0007.jpg,8,脏污,"[483.0003356933594, 140.00025939941406, 576.9994506835938, 275.00030517578125]",12689.884826619644,medium,71.34160756501183,37.9463373440113,37.9463373440113,False,False,center,False,FN,zoom_in_context,False,,,,,,0.0,0.0,"{""x1"": 192.0, ""y1"": 0.0, ""x2"": 868.0, ""y2"": 675.0, ""crop_w"": 676.0, ""crop_h"": 675.0}"
E:\TJGY\MinPaper\MyAutoAugument\outputs\datasets\tiled\tiled_1024_ov20_full_safe_no_ok_position\images\val\2025-05-27-23-28-53ps5_NGyuan_tile_0012.jpg,8,脏污,"[483.0003356933594, 80.99942016601562, 576.9994506835938, 215.99948120117188]",12689.886260932311,medium,71.33664302600472,37.935428798887585,37.935428798887585,False,False,edge,False,FN,zoom_in_context,False,,,,,,0.0,0.0,"{""x1"": 192.0, ""y1"": 0.0, ""x2"": 868.0, ""y2"": 675.0, ""crop_w"": 676.0, ""crop_h"": 675.0}"
E:\TJGY\MinPaper\MyAutoAugument\outputs\datasets\tiled\tiled_1024_ov20_full_safe_no_ok_position\images\val\2025-06-05-10-27-17ps5_NGyuan_tile_0012.jpg,8,脏污,"[315.9997253417969, 621.0001831054688, 515.9981689453125, 694.9995727539062]",14799.762757297605,medium,71.54310810810811,26.766541358300476,26.766541358300476,False,False,center,False,FN,zoom_in_context,True,0.8765525221824646,0.8113471865653992,8,,,0.8765525221824646,0.8113471865653992,"{""x1"": 0.0, ""y1"": 24.0, ""x2"": 1000.0, ""y2"": 1024.0, ""crop_w"": 1000.0, ""crop_h"": 1000.0}"
E:\TJGY\MinPaper\MyAutoAugument\outputs\datasets\tiled\tiled_1024_ov20_full_safe_no_ok_position\images\val\2025-06-05-16-10-10ps5_NGyuan_tile_0000.jpg,5,浅划伤,"[682.9993286132812, 681.0009155273438, 724.0012817382812, 743.0000610351562]",2542.0860579013824,small,48.75177025963808,23.1536479006427,23.1536479006427,True,False,center,False,FN,zoom_in_context,False,,,4,,,0.0,0.0,"{""x1"": 549.0, ""y1"": 557.0, ""x2"": 858.0, ""y2"": 867.0, ""crop_w"": 309.0, ""crop_h"": 310.0}"
E:\TJGY\MinPaper\MyAutoAugument\outputs\datasets\tiled\tiled_1024_ov20_full_safe_no_ok_position\images\val\2025-06-05-16-10-10ps5_NGyuan_tile_0007.jpg,12,锡膏,"[315.0023498535156, 396.9991760253906, 366.0006408691406, 461.9996032714844]",3314.9107048362494,small,136.19939668174962,49.85802830098024,49.85802830098024,False,False,center,False,FN,zoom_in_context,False,,,8,0.0,0.7593369483947754,0.0,-0.7593369483947754,"{""x1"": 178.0, ""y1"": 267.0, ""x2"": 503.0, ""y2"": 592.0, ""crop_w"": 325.0, ""crop_h"": 325.0}"
E:\TJGY\MinPaper\MyAutoAugument\outputs\datasets\tiled\tiled_1024_ov20_full_safe_no_ok_position\images\val\2025-06-05-16-10-10ps5_NGyuan_tile_0012.jpg,12,锡膏,"[315.0023498535156, 337.9993591308594, 366.0006408691406, 402.9997863769531]",3314.9107048362494,small,136.1867269984917,49.83113994876743,49.83113994876743,False,False,center,False,FN,zoom_in_context,False,,,,,,0.0,0.0,"{""x1"": 178.0, ""y1"": 208.0, ""x2"": 503.0, ""y2"": 533.0, ""crop_w"": 325.0, ""crop_h"": 325.0}"
E:\TJGY\MinPaper\MyAutoAugument\outputs\datasets\tiled\tiled_1024_ov20_full_safe_no_ok_position\images\val\2025-06-06-01-33-39ps5_NGyuan_tile_0002.jpg,7,碰伤,"[816.9998779296875, 579.0008544921875, 859.0013427734375, 620.000732421875]",1722.054931461811,small,39.79094076655052,14.073490922084895,14.073490922084895,True,True,edge,False,FN,zoom_in_context,False,,,4,0.0,0.5680842399597168,0.0,-0.5680842399597168,"{""x1"": 710.0, ""y1"": 472.0, ""x2"": 966.0, ""y2"": 728.0, ""crop_w"": 256.0, ""crop_h"": 256.0}"
E:\TJGY\MinPaper\MyAutoAugument\outputs\datasets\tiled\tiled_1024_ov20_full_safe_no_ok_position\images\val\2025-06-06-01-33-39ps5_NGyuan_tile_0003.jpg,7,碰伤,"[0.0, 579.0008544921875, 40.00153732299805, 620.000732421875]",1640.0581472427584,small,39.94634146341463,14.091756759408304,14.091756759408304,True,True,edge,True,FN,zoom_in_context,False,,,4,0.0,0.8766747713088989,0.0,-0.8766747713088989,"{""x1"": 0.0, ""y1"": 472.0, ""x2"": 256.0, ""y2"": 728.0, ""crop_w"": 256.0, ""crop_h"": 256.0}"
E:\TJGY\MinPaper\MyAutoAugument\outputs\datasets\tiled\tiled_1024_ov20_full_safe_no_ok_position\images\val\2025-06-06-02-05-24ps5_NGyuan_tile_0002.jpg,4,油污,"[645.9990844726562, 631.0000610351562, 688.0005493164062, 698.9998168945312]",2856.089355111122,small,24.981442577030812,10.342625088307651,10.342625088307651,True,True,center,False,FN,zoom_in_context,False,0.046938203275203705,0.8413680791854858,4,,,0.046938203275203705,0.8413680791854858,"{""x1"": 497.0, ""y1"": 495.0, ""x2"": 837.0, ""y2"": 835.0, ""crop_w"": 340.0, ""crop_h"": 340.0}"
E:\TJGY\MinPaper\MyAutoAugument\outputs\datasets\tiled\tiled_1024_ov20_full_safe_no_ok_position\images\val\2025-06-06-14-52-09ps5_NGyuan_tile_0007.jpg,6,漏背锡,"[223.00006103515625, 270.0001220703125, 468.9986572265625, 337.9998779296875]",16727.8444827646,medium,91.79441654710665,57.06993327056747,57.06993327056747,False,False,center,False,FN,zoom_in_context,False,0.0,0.9697856307029724,6,0.0,0.9697856307029724,0.0,0.0,"{""x1"": 0.0, ""y1"": 0.0, ""x2"": 1024.0, ""y2"": 1024.0, ""crop_w"": 1024.0, ""crop_h"": 1024.0}"
E:\TJGY\MinPaper\MyAutoAugument\outputs\datasets\tiled\tiled_1024_ov20_full_safe_no_ok_position\images\val\2025-06-06-14-52-09ps5_NGyuan_tile_0012.jpg,6,漏背锡,"[223.00006103515625, 211.00033569335938, 468.9986572265625, 279.00006103515625]",16727.836975483224,medium,91.79632950741272,57.0763629572775,57.0763629572775,False,False,center,False,FN,zoom_in_context,False,0.0,0.9665181040763855,6,0.0,0.9665181040763855,0.0,0.0,"{""x1"": 0.0, ""y1"": 0.0, ""x2"": 1024.0, ""y2"": 1024.0, ""crop_w"": 1024.0, ""crop_h"": 1024.0}"
E:\TJGY\MinPaper\MyAutoAugument\outputs\datasets\tiled\tiled_1024_ov20_full_safe_no_ok_position\images\val\2025-06-07-10-52-02ps5_NGyuan_tile_0007.jpg,12,锡膏,"[405.000732421875, 214.0011444091797, 530.0014038085938, 398.0006103515625]",23000.056777595542,medium,124.37534782608695,27.617660246438557,27.617660246438557,False,False,center,False,FN,zoom_in_context,False,0.0,0.6274545192718506,12,,,0.0,0.6274545192718506,"{""x1"": 8.0, ""y1"": 0.0, ""x2"": 927.0, ""y2"": 920.0, ""crop_w"": 919.0, ""crop_h"": 920.0}"
E:\TJGY\MinPaper\MyAutoAugument\outputs\datasets\tiled\tiled_1024_ov20_full_safe_no_ok_position\images\val\2025-06-07-10-52-02ps5_NGyuan_tile_0007.jpg,7,碰伤,"[491.0008239746094, 661.0001831054688, 518.9990234375, 671.0005493164062]",279.99224787577987,tiny,44.128571428571426,14.02617087403954,14.02617087403954,True,True,center,False,FN,zoom_in_context,False,,,,,,0.0,0.0,"{""x1"": 377.0, ""y1"": 538.0, ""x2"": 633.0, ""y2"": 794.0, ""crop_w"": 256.0, ""crop_h"": 256.0}"
E:\TJGY\MinPaper\MyAutoAugument\outputs\datasets\tiled\tiled_1024_ov20_full_safe_no_ok_position\images\val\2025-06-07-10-52-02ps5_NGyuan_tile_0012.jpg,12,锡膏,"[405.000732421875, 155.0013427734375, 530.0014038085938, 339.0008239746094]",23000.05868495442,medium,124.38108695652174,27.613535411985193,27.613535411985193,False,False,center,False,FN,zoom_in_context,False,,,6,,,0.0,0.0,"{""x1"": 8.0, ""y1"": 0.0, ""x2"": 927.0, ""y2"": 920.0, ""crop_w"": 919.0, ""crop_h"": 920.0}"
E:\TJGY\MinPaper\MyAutoAugument\outputs\datasets\tiled\tiled_1024_ov20_full_safe_no_ok_position\images\val\2025-06-07-10-52-02ps5_NGyuan_tile_0012.jpg,7,碰伤,"[491.0008239746094, 601.9993896484375, 518.9990234375, 611.999755859375]",279.99224787577987,tiny,44.15714285714286,14.149341947632067,14.149341947632067,True,True,center,False,FN,zoom_in_context,False,,,,,,0.0,0.0,"{""x1"": 377.0, ""y1"": 479.0, ""x2"": 633.0, ""y2"": 735.0, ""crop_w"": 256.0, ""crop_h"": 256.0}"
E:\TJGY\MinPaper\MyAutoAugument\outputs\datasets\tiled\tiled_1024_ov20_full_safe_no_ok_position\images\val\2025-06-07-14-43-50ps5_NGyuan_tile_0007.jpg,8,脏污,"[868.9996948242188, 696.00048828125, 923.0003051757812, 792.00048828125]",5184.05859375,small,55.714506172839506,18.48999494396198,18.48999494396198,True,True,edge,False,FN,zoom_in_context,False,,,,,,0.0,0.0,"{""x1"": 544.0, ""y1"": 504.0, ""x2"": 1024.0, ""y2"": 984.0, ""crop_w"": 480.0, ""crop_h"": 480.0}"
E:\TJGY\MinPaper\MyAutoAugument\outputs\datasets\tiled\tiled_1024_ov20_full_safe_no_ok_position\images\val\2025-06-07-14-43-50ps5_NGyuan_tile_0007.jpg,8,脏污,"[481.0009460449219, 664.9999389648438, 644.9996337890625, 700.0003051757812]",5740.014129158109,small,62.34198606271777,23.746416129226407,23.746416129226407,False,False,center,False,FN,zoom_in_context,False,0.0,0.26525744795799255,8,,,0.0,0.26525744795799255,"{""x1"": 153.0, ""y1"": 204.0, ""x2"": 973.0, ""y2"": 1024.0, ""crop_w"": 820.0, ""crop_h"": 820.0}"
E:\TJGY\MinPaper\MyAutoAugument\outputs\datasets\tiled\tiled_1024_ov20_full_safe_no_ok_position\images\val\2025-06-07-14-43-50ps5_NGyuan_tile_0012.jpg,8,脏污,"[481.0009460449219, 605.9990844726562, 644.9996337890625, 640.9994506835938]",5740.014129158109,small,62.34128919860627,23.7636240565938,23.7636240565938,False,False,center,False,FN,zoom_in_context,False,0.0,0.7270388603210449,8,0.0,0.4562271237373352,0.0,0.2708117365837097,"{""x1"": 153.0, ""y1"": 204.0, ""x2"": 973.0, ""y2"": 1024.0, ""crop_w"": 820.0, ""crop_h"": 820.0}"
E:\TJGY\MinPaper\MyAutoAugument\outputs\datasets\tiled\tiled_1024_ov20_full_safe_no_ok_position\images\val\2025-06-07-15-42-24ps5_NGyuan_tile_0002.jpg,8,脏污,"[183.00006103515625, 464.0, 275.999755859375, 541.000732421875]",7161.044616475701,small,69.0078201368524,36.994660186155414,36.994660186155414,False,False,center,False,FN,zoom_in_context,False,,,4,,,0.0,0.0,"{""x1"": 0.0, ""y1"": 270.0, ""x2"": 465.0, ""y2"": 735.0, ""crop_w"": 465.0, ""crop_h"": 465.0}"
E:\TJGY\MinPaper\MyAutoAugument\outputs\datasets\tiled\tiled_1024_ov20_full_safe_no_ok_position\images\val\2025-06-07-15-42-24ps5_NGyuan_tile_0007.jpg,8,脏污,"[163.0013427734375, 529.0004272460938, 293.9996032714844, 589.0006713867188]",7859.927611880004,small,73.14211195928753,33.43959702171577,33.43959702171577,False,False,center,False,FN,zoom_in_context,False,,,,,,0.0,0.0,"{""x1"": 0.0, ""y1"": 232.0, ""x2"": 655.0, ""y2"": 886.0, ""crop_w"": 655.0, ""crop_h"": 654.0}"
E:\TJGY\MinPaper\MyAutoAugument\outputs\datasets\tiled\tiled_1024_ov20_full_safe_no_ok_position\images\val\2025-06-07-15-42-24ps5_NGyuan_tile_0012.jpg,8,脏污,"[163.0013427734375, 470.0006408691406, 293.9996032714844, 530.0009155273438]",7859.931609629653,small,73.14427480916031,33.442560974377976,33.442560974377976,False,False,center,False,FN,zoom_in_context,False,,,,0.0,0.49067533016204834,0.0,-0.49067533016204834,"{""x1"": 0.0, ""y1"": 173.0, ""x2"": 655.0, ""y2"": 827.0, ""crop_w"": 655.0, ""crop_h"": 654.0}"
E:\TJGY\MinPaper\MyAutoAugument\outputs\datasets\tiled\tiled_1024_ov20_full_safe_no_ok_position\images\val\2025-06-07-16-21-50ps5_NGyuan_tile_0007.jpg,8,脏污,"[150.99903869628906, 744.0005493164062, 569.997314453125, 780.9996948242188]",15502.57817224972,medium,53.16080758562859,24.52833672514371,24.52833672514371,True,False,center,False,FN,zoom_in_context,False,,,1,,,0.0,0.0,"{""x1"": 0.0, ""y1"": 0.0, ""x2"": 1024.0, ""y2"": 1024.0, ""crop_w"": 1024.0, ""crop_h"": 1024.0}"
E:\TJGY\MinPaper\MyAutoAugument\outputs\datasets\tiled\tiled_1024_ov20_full_safe_no_ok_position\images\val\2025-06-07-16-21-50ps5_NGyuan_tile_0012.jpg,8,脏污,"[150.99903869628906, 684.9996948242188, 569.997314453125, 721.9988403320312]",15502.57817224972,medium,53.15261562278269,24.522838338374772,24.522838338374772,True,False,center,False,FN,zoom_in_context,False,,,1,,,0.0,0.0,"{""x1"": 0.0, ""y1"": 0.0, ""x2"": 1024.0, ""y2"": 1024.0, ""crop_w"": 1024.0, ""crop_h"": 1024.0}"
E:\TJGY\MinPaper\MyAutoAugument\outputs\datasets\tiled\tiled_1024_ov20_full_safe_no_ok_position\images\val\2025-06-11-19-13-20ps5_NGyuan_tile_0007.jpg,12,锡膏,"[520.9984130859375, 422.9995422363281, 563.999267578125, 485.9991149902344]",2709.035461060703,small,106.23661867847915,31.704531348378858,31.704531348378858,False,False,center,False,FN,zoom_in_context,False,,,,,,0.0,0.0,"{""x1"": 385.0, ""y1"": 297.0, ""x2"": 700.0, ""y2"": 612.0, ""crop_w"": 315.0, ""crop_h"": 315.0}"
E:\TJGY\MinPaper\MyAutoAugument\outputs\datasets\tiled\tiled_1024_ov20_full_safe_no_ok_position\images\val\2025-06-11-19-13-20ps5_NGyuan_tile_0007.jpg,5,浅划伤,"[532.0012817382812, 837.0006713867188, 539.0023803710938, 861.0001831054688]",168.0229486823082,tiny,83.0952380952381,39.93972215596513,39.93972215596513,False,False,edge,False,FN,zoom_in_context,False,,,,0.0,0.5088472962379456,0.0,-0.5088472962379456,"{""x1"": 408.0, ""y1"": 721.0, ""x2"": 664.0, ""y2"": 977.0, ""crop_w"": 256.0, ""crop_h"": 256.0}"
E:\TJGY\MinPaper\MyAutoAugument\outputs\datasets\tiled\tiled_1024_ov20_full_safe_no_ok_position\images\val\2025-06-11-19-13-20ps5_NGyuan_tile_0012.jpg,12,锡膏,"[520.9984130859375, 363.9997253417969, 563.999267578125, 426.9992980957031]",2709.035461060703,small,106.20708748615725,31.71080344255586,31.71080344255586,False,False,center,False,FN,zoom_in_context,False,,,,,,0.0,0.0,"{""x1"": 385.0, ""y1"": 238.0, ""x2"": 700.0, ""y2"": 553.0, ""crop_w"": 315.0, ""crop_h"": 315.0}"
E:\TJGY\MinPaper\MyAutoAugument\outputs\datasets\tiled\tiled_1024_ov20_full_safe_no_ok_position\images\val\2025-06-14-16-53-39ps5_tile_0005.jpg,9,轮廓划伤,"[906.0018920898438, 573.000244140625, 930.0014038085938, 678.0001220703125]",2519.9458008408546,small,53.296031746031744,20.445661241887965,20.445661241887965,True,False,edge,False,FN,zoom_in_context,False,,,,,,0.0,0.0,"{""x1"": 499.0, ""y1"": 363.0, ""x2"": 1024.0, ""y2"": 888.0, ""crop_w"": 525.0, ""crop_h"": 525.0}"
E:\TJGY\MinPaper\MyAutoAugument\outputs\datasets\tiled\tiled_1024_ov20_full_safe_no_ok_position\images\val\2025-06-14-16-53-39ps5_tile_0006.jpg,9,轮廓划伤,"[87.00160217285156, 573.000244140625, 111.00108337402344, 678.0001220703125]",2519.942596498877,small,53.294444444444444,20.435161906666547,20.435161906666547,True,False,edge,False,FN,zoom_in_context,False,,,,,,0.0,0.0,"{""x1"": 0.0, ""y1"": 363.0, ""x2"": 525.0, ""y2"": 888.0, ""crop_w"": 525.0, ""crop_h"": 525.0}"
E:\TJGY\MinPaper\MyAutoAugument\outputs\datasets\tiled\tiled_1024_ov20_full_safe_no_ok_position\images\val\2025-06-14-16-53-39ps5_tile_0007.jpg,12,锡膏,"[611.9992065429688, 262.0001220703125, 701.0001831054688, 328.99945068359375]",5963.00567561388,small,101.16149589132986,37.46798170128969,37.46798170128969,False,False,center,False,FN,zoom_in_context,False,,,4,,,0.0,0.0,"{""x1"": 434.0, ""y1"": 73.0, ""x2"": 879.0, ""y2"": 518.0, ""crop_w"": 445.0, ""crop_h"": 445.0}"
E:\TJGY\MinPaper\MyAutoAugument\outputs\datasets\tiled\tiled_1024_ov20_full_safe_no_ok_position\images\val\2025-06-14-16-53-39ps5_tile_0012.jpg,12,锡膏,"[611.9992065429688, 203.0003204345703, 701.0001831054688, 269.9996337890625]",5963.004317566752,small,101.14522891162167,37.44445544128088,37.44445544128088,False,False,center,False,FN,zoom_in_context,False,,,4,,,0.0,0.0,"{""x1"": 434.0, ""y1"": 14.0, ""x2"": 879.0, ""y2"": 459.0, ""crop_w"": 445.0, ""crop_h"": 445.0}"
E:\TJGY\MinPaper\MyAutoAugument\outputs\datasets\tiled\tiled_1024_ov20_full_safe_no_ok_position\images\val\2025-06-18-06-39-05ps5_NGyuan_tile_0007.jpg,8,脏污,"[646.9990234375, 797.0001831054688, 813.9970703125, 840.0010375976562]",7181.058714151382,small,55.6344520261802,24.735676710958952,24.735676710958952,True,False,center,False,FN,zoom_in_context,False,,,6,,,0.0,0.0,"{""x1"": 189.0, ""y1"": 189.0, ""x2"": 1024.0, ""y2"": 1024.0, ""crop_w"": 835.0, ""crop_h"": 835.0}"
E:\TJGY\MinPaper\MyAutoAugument\outputs\datasets\tiled\tiled_1024_ov20_full_safe_no_ok_position\images\val\2025-06-18-06-39-05ps5_NGyuan_tile_0007.jpg,8,脏污,"[742.9995727539062, 691.0003662109375, 796.0007934570312, 720.0]",1537.0159907639027,small,52.819128171763175,23.727055041545608,23.727055041545608,True,False,center,False,FN,zoom_in_context,False,,,,,,0.0,0.0,"{""x1"": 637.0, ""y1"": 573.0, ""x2"": 902.0, ""y2"": 838.0, ""crop_w"": 265.0, ""crop_h"": 265.0}"
E:\TJGY\MinPaper\MyAutoAugument\outputs\datasets\tiled\tiled_1024_ov20_full_safe_no_ok_position\images\val\2025-06-18-06-39-05ps5_NGyuan_tile_0012.jpg,8,脏污,"[646.9990234375, 737.9993286132812, 813.9970703125, 781.0001831054688]",7181.058714151382,small,55.635705333519006,24.722098374748796,24.722098374748796,True,False,center,False,FN,zoom_in_context,False,,,6,,,0.0,0.0,"{""x1"": 189.0, ""y1"": 189.0, ""x2"": 1024.0, ""y2"": 1024.0, ""crop_w"": 835.0, ""crop_h"": 835.0}"
E:\TJGY\MinPaper\MyAutoAugument\outputs\datasets\tiled\tiled_1024_ov20_full_safe_no_ok_position\images\val\2025-06-18-06-39-05ps5_NGyuan_tile_0012.jpg,8,脏污,"[742.9995727539062, 632.0005493164062, 796.0007934570312, 661.0001831054688]",1537.0159907639027,small,52.82173064411191,23.741110094534566,23.741110094534566,True,False,center,False,FN,zoom_in_context,False,,,,,,0.0,0.0,"{""x1"": 637.0, ""y1"": 514.0, ""x2"": 902.0, ""y2"": 779.0, ""crop_w"": 265.0, ""crop_h"": 265.0}"
E:\TJGY\MinPaper\MyAutoAugument\outputs\datasets\tiled\tiled_1024_ov20_full_safe_no_ok_position\images\val\2025-06-28-00-58-48ps5_NGyuan_tile_0006.jpg,7,碰伤,"[860.0012817382812, 736.0010375976562, 887.9994506835938, 751.0005493164062]",419.9588631987572,tiny,58.654761904761905,26.507723064913893,26.507723064913893,True,False,edge,False,FN,zoom_in_context,False,,,,0.0,0.6023921370506287,0.0,-0.6023921370506287,"{""x1"": 746.0, ""y1"": 616.0, ""x2"": 1002.0, ""y2"": 872.0, ""crop_w"": 256.0, ""crop_h"": 256.0}"
E:\TJGY\MinPaper\MyAutoAugument\outputs\datasets\tiled\tiled_1024_ov20_full_safe_no_ok_position\images\val\2025-06-28-00-58-48ps5_NGyuan_tile_0007.jpg,7,碰伤,"[41.00096130371094, 736.0010375976562, 68.9991683959961, 751.0005493164062]",419.95943538472056,tiny,58.62619047619047,26.560995028727742,26.560995028727742,True,False,edge,False,FN,zoom_in_context,False,,,,,,0.0,0.0,"{""x1"": 0.0, ""y1"": 616.0, ""x2"": 256.0, ""y2"": 872.0, ""crop_w"": 256.0, ""crop_h"": 256.0}"
E:\TJGY\MinPaper\MyAutoAugument\outputs\datasets\tiled\tiled_1024_ov20_full_safe_no_ok_position\images\val\2025-06-28-00-58-48ps5_NGyuan_tile_0011.jpg,7,碰伤,"[860.0012817382812, 677.001220703125, 887.9994506835938, 692.000732421875]",419.9588631987572,tiny,58.63095238095238,26.613181375072283,26.613181375072283,True,False,edge,False,FN,zoom_in_context,False,,,,,,0.0,0.0,"{""x1"": 746.0, ""y1"": 557.0, ""x2"": 1002.0, ""y2"": 813.0, ""crop_w"": 256.0, ""crop_h"": 256.0}"
E:\TJGY\MinPaper\MyAutoAugument\outputs\datasets\tiled\tiled_1024_ov20_full_safe_no_ok_position\images\val\2025-06-28-00-58-48ps5_NGyuan_tile_0012.jpg,7,碰伤,"[41.00096130371094, 677.001220703125, 68.9991683959961, 692.000732421875]",419.95943538472056,tiny,58.62380952380953,26.58994447892455,26.58994447892455,True,False,edge,False,FN,zoom_in_context,False,,,,,,0.0,0.0,"{""x1"": 0.0, ""y1"": 557.0, ""x2"": 256.0, ""y2"": 813.0, ""crop_w"": 256.0, ""crop_h"": 256.0}"
E:\TJGY\MinPaper\MyAutoAugument\outputs\datasets\tiled\tiled_1024_ov20_full_safe_no_ok_position\images\val\2025-06-28-07-30-46ps5_NGyuan_tile_0011.jpg,7,碰伤,"[370.9992980957031, 788.000732421875, 395.9992370605469, 801.00146484375]",325.01751704514027,tiny,57.65538461538461,8.878219342763774,8.878219342763774,True,True,center,False,FN,zoom_in_context,False,,,4,,,0.0,0.0,"{""x1"": 255.0, ""y1"": 667.0, ""x2"": 511.0, ""y2"": 923.0, ""crop_w"": 256.0, ""crop_h"": 256.0}"
E:\TJGY\MinPaper\MyAutoAugument\outputs\datasets\tiled\tiled_1024_ov20_full_safe_no_ok_position\images\val\2025-06-29-08-27-16ps5_NGyuan_tile_0000.jpg,7,碰伤,"[871.0021362304688, 658.0004272460938, 918.0016479492188, 671.0000610351562]",610.9764406085014,tiny,55.761047463175125,12.578598256206332,12.578598256206332,True,True,edge,False,FN,zoom_in_context,False,,,,0.0,0.9341381192207336,0.0,-0.9341381192207336,"{""x1"": 767.0, ""y1"": 537.0, ""x2"": 1023.0, ""y2"": 793.0, ""crop_w"": 256.0, ""crop_h"": 256.0}"
E:\TJGY\MinPaper\MyAutoAugument\outputs\datasets\tiled\tiled_1024_ov20_full_safe_no_ok_position\images\val\2025-06-29-08-27-16ps5_NGyuan_tile_0001.jpg,7,碰伤,"[52.001792907714844, 658.0004272460938, 99.00135040283203, 671.0000610351562]",610.9770356845111,tiny,55.741407528641574,12.561673869036001,12.561673869036001,True,True,edge,False,FN,zoom_in_context,False,,,,,,0.0,0.0,"{""x1"": 0.0, ""y1"": 537.0, ""x2"": 256.0, ""y2"": 793.0, ""crop_w"": 256.0, ""crop_h"": 256.0}"
E:\TJGY\MinPaper\MyAutoAugument\outputs\datasets\tiled\tiled_1024_ov20_full_safe_no_ok_position\images\val\2025-06-29-08-27-16ps5_NGyuan_tile_0007.jpg,6,漏背锡,"[618.999267578125, 306.0003967285156, 836.000244140625, 432.0005187988281]",27342.14953625202,medium,104.82481164508815,65.53607339766639,65.53607339766639,False,False,center,False,FN,zoom_in_context,False,,,12,,,0.0,0.0,"{""x1"": 0.0, ""y1"": 0.0, ""x2"": 1024.0, ""y2"": 1024.0, ""crop_w"": 1024.0, ""crop_h"": 1024.0}"
E:\TJGY\MinPaper\MyAutoAugument\outputs\datasets\tiled\tiled_1024_ov20_full_safe_no_ok_position\images\val\2025-06-29-08-27-16ps5_NGyuan_tile_0012.jpg,6,漏背锡,"[618.999267578125, 247.00057983398438, 836.000244140625, 373.0007019042969]",27342.14953625202,medium,104.82283666154633,65.53497091198456,65.53497091198456,False,False,center,False,FN,zoom_in_context,False,,,12,,,0.0,0.0,"{""x1"": 0.0, ""y1"": 0.0, ""x2"": 1024.0, ""y2"": 1024.0, ""crop_w"": 1024.0, ""crop_h"": 1024.0}"
E:\TJGY\MinPaper\MyAutoAugument\outputs\datasets\tiled\tiled_1024_ov20_full_safe_no_ok_position\images\val\2025-07-13-20-08-46ps5_NGyuan_tile_0007.jpg,7,碰伤,"[928.0010375976562, 9.999872207641602, 975.0005493164062, 28.000768661499023]",846.0333438310772,tiny,54.854609929078016,14.40297763660568,14.40297763660568,True,True,corner,False,FN,zoom_in_context,False,,,,,,0.0,0.0,"{""x1"": 768.0, ""y1"": 0.0, ""x2"": 1024.0, ""y2"": 256.0, ""crop_w"": 256.0, ""crop_h"": 256.0}"
E:\TJGY\MinPaper\MyAutoAugument\outputs\datasets\tiled\tiled_1024_ov20_full_safe_no_ok_position\images\val\2025-07-13-20-08-46ps5_NGyuan_tile_0007.jpg,11,锡尖,"[421.001220703125, 619.9987182617188, 494.99957275390625, 666.9993286132812]",3477.9677113965154,small,123.09488211615871,65.90531720864378,65.90531720864378,False,False,center,False,FN,zoom_in_context,False,0.19440105557441711,0.39312490820884705,11,0.0,0.9944475889205933,0.19440105557441711,-0.6013226807117462,"{""x1"": 273.0, ""y1"": 459.0, ""x2"": 643.0, ""y2"": 828.0, ""crop_w"": 370.0, ""crop_h"": 369.0}"
E:\TJGY\MinPaper\MyAutoAugument\outputs\datasets\tiled\tiled_1024_ov20_full_safe_no_ok_position\images\val\2025-07-13-20-08-46ps5_NGyuan_tile_0008.jpg,7,碰伤,"[109.0017318725586, 9.999872207641602, 156.00128173828125, 28.000768661499023]",846.034030510782,tiny,54.892434988179666,14.35571448989137,14.35571448989137,True,True,corner,False,FN,zoom_in_context,False,,,,,,0.0,0.0,"{""x1"": 5.0, ""y1"": 0.0, ""x2"": 261.0, ""y2"": 256.0, ""crop_w"": 256.0, ""crop_h"": 256.0}"
E:\TJGY\MinPaper\MyAutoAugument\outputs\datasets\tiled\tiled_1024_ov20_full_safe_no_ok_position\images\val\2025-07-13-20-08-46ps5_NGyuan_tile_0008.jpg,1,OK3,"[3.9976959228515625, 835.999755859375, 160.99942016601562, 889.9993896484375]",8478.035613382235,small,36.99728709601321,7.181065191702025,7.181065191702025,True,True,corner,False,FN,zoom_in_context,False,,,,,,0.0,0.0,"{""x1"": 0.0, ""y1"": 239.0, ""x2"": 785.0, ""y2"": 1024.0, ""crop_w"": 785.0, ""crop_h"": 785.0}"
E:\TJGY\MinPaper\MyAutoAugument\outputs\datasets\tiled\tiled_1024_ov20_full_safe_no_ok_position\images\val\2025-07-13-20-08-46ps5_NGyuan_tile_0012.jpg,11,锡尖,"[421.001220703125, 560.9989013671875, 494.99957275390625, 607.99951171875]",3477.9677113965154,small,123.08539390454284,65.88729036054909,65.88729036054909,False,False,center,False,FN,zoom_in_context,False,,,,0.0,0.9976463913917542,0.0,-0.9976463913917542,"{""x1"": 273.0, ""y1"": 400.0, ""x2"": 643.0, ""y2"": 769.0, ""crop_w"": 370.0, ""crop_h"": 369.0}"
E:\TJGY\MinPaper\MyAutoAugument\outputs\datasets\tiled\tiled_1024_ov20_full_safe_no_ok_position\images\val\2025-07-13-20-08-46ps5_NGyuan_tile_0013.jpg,1,OK3,"[3.9976959228515625, 776.9999389648438, 160.99942016601562, 830.9995727539062]",8478.035613382235,small,37.001179523472516,7.193464342911849,7.193464342911849,True,True,edge,False,FN,zoom_in_context,False,,,,,,0.0,0.0,"{""x1"": 0.0, ""y1"": 239.0, ""x2"": 785.0, ""y2"": 1024.0, ""crop_w"": 785.0, ""crop_h"": 785.0}"
E:\TJGY\MinPaper\MyAutoAugument\outputs\datasets\tiled\tiled_1024_ov20_full_safe_no_ok_position\images\val\2025-07-14-19-29-20ps5_tile_0007.jpg,7,碰伤,"[916.0017700195312, -0.0005116462707519531, 937.0020141601562, 11.999744415283203]",252.00830704264808,tiny,30.4484126984127,7.5693432870978965,7.5693432870978965,True,True,corner,True,FN,zoom_in_context,False,,,,,,0.0,0.0,"{""x1"": 768.0, ""y1"": 0.0, ""x2"": 1024.0, ""y2"": 256.0, ""crop_w"": 256.0, ""crop_h"": 256.0}"
E:\TJGY\MinPaper\MyAutoAugument\outputs\datasets\tiled\tiled_1024_ov20_full_safe_no_ok_position\images\val\2025-07-14-19-29-20ps5_tile_0008.jpg,7,碰伤,"[97.00147247314453, -0.0005116462707519531, 118.00167083740234, 11.999744415283203]",252.00775771452027,tiny,30.48015873015873,7.472409779402671,7.472409779402671,True,True,corner,True,FN,zoom_in_context,False,,,,,,0.0,0.0,"{""x1"": 0.0, ""y1"": 0.0, ""x2"": 256.0, ""y2"": 256.0, ""crop_w"": 256.0, ""crop_h"": 256.0}"
E:\TJGY\MinPaper\MyAutoAugument\outputs\datasets\tiled\tiled_1024_ov20_full_safe_no_ok_position\images\val\2025-07-21-20-56-48ps5_NGyuan_tile_0000.jpg,7,碰伤,"[873.9989013671875, 906.0003662109375, 905.9998779296875, 920.00048828125]",448.0175782442093,tiny,74.57589285714286,14.53255425351571,14.53255425351571,False,True,corner,False,FN,zoom_in_context,False,,,,,,0.0,0.0,"{""x1"": 762.0, ""y1"": 768.0, ""x2"": 1018.0, ""y2"": 1024.0, ""crop_w"": 256.0, ""crop_h"": 256.0}"
E:\TJGY\MinPaper\MyAutoAugument\outputs\datasets\tiled\tiled_1024_ov20_full_safe_no_ok_position\images\val\2025-07-21-20-56-48ps5_NGyuan_tile_0001.jpg,7,碰伤,"[54.99852752685547, 906.0003662109375, 86.99954986572266, 920.00048828125]",448.01821911893785,tiny,74.62946428571429,14.538318447621059,14.538318447621059,False,True,corner,False,FN,zoom_in_context,False,,,4,,,0.0,0.0,"{""x1"": 0.0, ""y1"": 768.0, ""x2"": 256.0, ""y2"": 1024.0, ""crop_w"": 256.0, ""crop_h"": 256.0}"
E:\TJGY\MinPaper\MyAutoAugument\outputs\datasets\tiled\tiled_1024_ov20_full_safe_no_ok_position\images\val\2025-07-21-20-56-48ps5_NGyuan_tile_0005.jpg,7,碰伤,"[873.9989013671875, 87.00006866455078, 905.9998779296875, 101.00019073486328]",448.0175782442093,tiny,74.60714285714286,14.57989512433936,14.57989512433936,False,True,corner,False,FN,zoom_in_context,False,,,,,,0.0,0.0,"{""x1"": 762.0, ""y1"": 0.0, ""x2"": 1018.0, ""y2"": 256.0, ""crop_w"": 256.0, ""crop_h"": 256.0}"
E:\TJGY\MinPaper\MyAutoAugument\outputs\datasets\tiled\tiled_1024_ov20_full_safe_no_ok_position\images\val\2025-07-21-20-56-48ps5_NGyuan_tile_0006.jpg,7,碰伤,"[54.99852752685547, 87.00006866455078, 86.99954986572266, 101.00019073486328]",448.01821911893785,tiny,74.55357142857143,14.568397356285017,14.568397356285017,False,True,corner,False,FN,zoom_in_context,False,,,4,,,0.0,0.0,"{""x1"": 0.0, ""y1"": 0.0, ""x2"": 256.0, ""y2"": 256.0, ""crop_w"": 256.0, ""crop_h"": 256.0}"
E:\TJGY\MinPaper\MyAutoAugument\outputs\datasets\tiled\tiled_1024_ov20_full_safe_no_ok_position\images\val\2025-07-21-20-56-48ps5_NGyuan_tile_0010.jpg,7,碰伤,"[873.9989013671875, 28.000255584716797, 905.9998779296875, 42.00038528442383]",448.01782239228487,tiny,74.62276785714286,14.539604761639193,14.539604761639193,False,True,corner,False,FN,zoom_in_context,False,,,,,,0.0,0.0,"{""x1"": 762.0, ""y1"": 0.0, ""x2"": 1018.0, ""y2"": 256.0, ""crop_w"": 256.0, ""crop_h"": 256.0}"
E:\TJGY\MinPaper\MyAutoAugument\outputs\datasets\tiled\tiled_1024_ov20_full_safe_no_ok_position\images\val\2025-07-21-20-56-48ps5_NGyuan_tile_0011.jpg,7,碰伤,"[54.99852752685547, 28.000255584716797, 86.99954986572266, 42.00038528442383]",448.0184632673627,tiny,74.55357142857143,14.558128121010444,14.558128121010444,False,True,corner,False,FN,zoom_in_context,False,,,,,,0.0,0.0,"{""x1"": 0.0, ""y1"": 0.0, ""x2"": 256.0, ""y2"": 256.0, ""crop_w"": 256.0, ""crop_h"": 256.0}"
E:\TJGY\MinPaper\MyAutoAugument\outputs\datasets\tiled\tiled_1024_ov20_full_safe_no_ok_position\images\val\2025-08-01-18-25-43ps5_NGyuan_tile_0005.jpg,7,碰伤,"[543.9989624023438, 789.001708984375, 570.9977416992188, 800.00048828125]",296.9536147713661,tiny,67.12121212121212,12.43429009826994,12.43429009826994,False,True,center,False,FN,zoom_in_context,False,,,4,,,0.0,0.0,"{""x1"": 429.0, ""y1"": 667.0, ""x2"": 685.0, ""y2"": 923.0, ""crop_w"": 256.0, ""crop_h"": 256.0}"
E:\TJGY\MinPaper\MyAutoAugument\outputs\datasets\tiled\tiled_1024_ov20_full_safe_no_ok_position\images\val\2025-08-01-18-25-43ps5_NGyuan_tile_0010.jpg,7,碰伤,"[543.9989624023438, 730.0018920898438, 570.9977416992188, 741.0006713867188]",296.9536147713661,tiny,67.14141414141415,12.336753635219289,12.336753635219289,False,True,center,False,FN,zoom_in_context,False,,,4,,,0.0,0.0,"{""x1"": 429.0, ""y1"": 608.0, ""x2"": 685.0, ""y2"": 864.0, ""crop_w"": 256.0, ""crop_h"": 256.0}"
E:\TJGY\MinPaper\MyAutoAugument\outputs\datasets\tiled\tiled_1024_ov20_full_safe_no_ok_position\images\val\2025-08-01-19-07-33ps5_tile_0001.jpg,7,碰伤,"[683.999755859375, 750.0001220703125, 761.00146484375, 764.9996337890625]",1154.98803627491,small,77.10822510822511,13.52277129892412,13.52277129892412,False,True,center,False,FN,zoom_in_context,False,,,,0.5555399060249329,0.6593897342681885,-0.5555399060249329,-0.6593897342681885,"{""x1"": 530.0, ""y1"": 565.0, ""x2"": 915.0, ""y2"": 950.0, ""crop_w"": 385.0, ""crop_h"": 385.0}"
E:\TJGY\MinPaper\MyAutoAugument\outputs\datasets\tiled\tiled_1024_ov20_full_safe_no_ok_position\images\val\2025-08-01-19-07-33ps5_tile_0007.jpg,12,锡膏,"[602.0009155273438, 437.001220703125, 640.9999389648438, 562.0009155273438]",4874.8660281300545,small,132.29107692307693,25.70673247882104,25.70673247882104,False,False,center,False,FN,zoom_in_context,False,,,,,,0.0,0.0,"{""x1"": 309.0, ""y1"": 187.0, ""x2"": 934.0, ""y2"": 812.0, ""crop_w"": 625.0, ""crop_h"": 625.0}"
E:\TJGY\MinPaper\MyAutoAugument\outputs\datasets\tiled\tiled_1024_ov20_full_safe_no_ok_position\images\val\2025-08-01-19-15-54ps5_NGyuan_tile_0001.jpg,9,轮廓划伤,"[265.0019836425781, 812.000244140625, 301.0017395019531, 862.0001220703125]",1799.9833984673023,small,92.58722222222222,13.851881262347467,13.851881262347467,False,True,edge,False,FN,zoom_in_context,False,,,,,,0.0,0.0,"{""x1"": 155.0, ""y1"": 709.0, ""x2"": 411.0, ""y2"": 965.0, ""crop_w"": 256.0, ""crop_h"": 256.0}"
E:\TJGY\MinPaper\MyAutoAugument\outputs\datasets\tiled\tiled_1024_ov20_full_safe_no_ok_position\images\val\2025-08-01-19-15-54ps5_NGyuan_tile_0001.jpg,7,碰伤,"[678.99853515625, 792.9989013671875, 731.0003662109375, 860.9986572265625]",3536.111815959215,small,97.78082579185521,11.439135858198433,11.439135858198433,False,True,edge,False,FN,zoom_in_context,False,,,,0.0,0.8984742164611816,0.0,-0.8984742164611816,"{""x1"": 535.0, ""y1"": 657.0, ""x2"": 875.0, ""y2"": 997.0, ""crop_w"": 340.0, ""crop_h"": 340.0}"
E:\TJGY\MinPaper\MyAutoAugument\outputs\datasets\tiled\tiled_1024_ov20_full_safe_no_ok_position\images\val\2025-08-01-19-15-54ps5_NGyuan_tile_0007.jpg,9,轮廓划伤,"[883.9992065429688, 939.0003051757812, 937.0004272460938, 1011.0007934570312]",3816.1137701272964,small,75.7541928721174,8.36023069434036,8.36023069434036,False,True,corner,False,FN,zoom_in_context,False,,,,,,0.0,0.0,"{""x1"": 664.0, ""y1"": 664.0, ""x2"": 1024.0, ""y2"": 1024.0, ""crop_w"": 360.0, ""crop_h"": 360.0}"
E:\TJGY\MinPaper\MyAutoAugument\outputs\datasets\tiled\tiled_1024_ov20_full_safe_no_ok_position\images\val\2025-08-01-19-15-54ps5_NGyuan_tile_0008.jpg,9,轮廓划伤,"[64.99890899658203, 939.0003051757812, 118.00012969970703, 1011.0007934570312]",3816.1137701272964,small,75.75104821802935,8.342785454022351,8.342785454022351,False,True,corner,False,FN,zoom_in_context,False,,,,,,0.0,0.0,"{""x1"": 0.0, ""y1"": 664.0, ""x2"": 360.0, ""y2"": 1024.0, ""crop_w"": 360.0, ""crop_h"": 360.0}"
E:\TJGY\MinPaper\MyAutoAugument\outputs\datasets\tiled\tiled_1024_ov20_full_safe_no_ok_position\images\val\2025-08-01-19-15-54ps5_NGyuan_tile_0010.jpg,9,轮廓划伤,"[320.0010070800781, 846.0001220703125, 367.0005798339844, 917.000244140625]",3336.975402779877,small,73.16332034761763,7.190210572874346,7.190210572874346,False,True,edge,False,FN,zoom_in_context,False,,,4,,,0.0,0.0,"{""x1"": 166.0, ""y1"": 669.0, ""x2"": 521.0, ""y2"": 1024.0, ""crop_w"": 355.0, ""crop_h"": 355.0}"
E:\TJGY\MinPaper\MyAutoAugument\outputs\datasets\tiled\tiled_1024_ov20_full_safe_no_ok_position\images\val\2025-08-04-12-33-32ps5_NGyuan_tile_0007.jpg,12,锡膏,"[372.0007629394531, 490.9992980957031, 429.0007019042969, 573.0001831054688]",4674.045440619811,small,181.8913136499786,36.092790329431004,36.092790329431004,False,False,center,False,FN,zoom_in_context,False,,,,0.0,0.9773492217063904,0.0,-0.9773492217063904,"{""x1"": 195.0, ""y1"": 327.0, ""x2"": 606.0, ""y2"": 737.0, ""crop_w"": 411.0, ""crop_h"": 410.0}"
E:\TJGY\MinPaper\MyAutoAugument\outputs\datasets\tiled\tiled_1024_ov20_full_safe_no_ok_position\images\val\2025-08-04-12-33-32ps5_NGyuan_tile_0012.jpg,12,锡膏,"[372.0007629394531, 431.9994812011719, 429.0007019042969, 514.0003662109375]",4674.045440619811,small,181.89602053915277,36.09129258574198,36.09129258574198,False,False,center,False,FN,zoom_in_context,False,,,,0.0,0.984855592250824,0.0,-0.984855592250824,"{""x1"": 195.0, ""y1"": 268.0, ""x2"": 606.0, ""y2"": 678.0, ""crop_w"": 411.0, ""crop_h"": 410.0}"
E:\TJGY\MinPaper\MyAutoAugument\outputs\datasets\tiled\tiled_1024_ov20_full_safe_no_ok_position\images\val\2025-08-11-12-08-10ps5_NGyuan_tile_0002.jpg,7,碰伤,"[579.0007934570312, 712.9994506835938, 612.0012817382812, 721.9993286132812]",297.00036615133286,tiny,61.54545454545455,12.719405938158081,12.719405938158081,False,True,center,False,FN,zoom_in_context,False,,,4,,,0.0,0.0,"{""x1"": 468.0, ""y1"": 589.0, ""x2"": 724.0, ""y2"": 845.0, ""crop_w"": 256.0, ""crop_h"": 256.0}"
E:\TJGY\MinPaper\MyAutoAugument\outputs\datasets\tiled\tiled_1024_ov20_full_safe_no_ok_position\images\val\2025-08-11-19-47-12ps5_tile_0002.jpg,10,锡丝残留,"[450.9997863769531, 899.0007934570312, 515.0007934570312, 1014.0011596679688]",7360.139252077788,small,90.81888586956522,29.39094057510151,29.39094057510151,False,False,edge,False,FN,zoom_in_context,False,,,,,,0.0,0.0,"{""x1"": 195.0, ""y1"": 449.0, ""x2"": 771.0, ""y2"": 1024.0, ""crop_w"": 576.0, ""crop_h"": 575.0}"
E:\TJGY\MinPaper\MyAutoAugument\outputs\datasets\tiled\tiled_1024_ov20_full_safe_no_ok_position\images\val\2025-08-11-19-47-12ps5_tile_0012.jpg,10,锡丝残留,"[450.9997863769531, 21.000701904296875, 515.0007934570312, 136.0010223388672]",7360.136322344188,small,90.81589673913044,29.391555325766586,29.391555325766586,False,False,edge,False,FN,zoom_in_context,False,,,,,,0.0,0.0,"{""x1"": 195.0, ""y1"": 0.0, ""x2"": 771.0, ""y2"": 575.0, ""crop_w"": 576.0, ""crop_h"": 575.0}"
E:\TJGY\MinPaper\MyAutoAugument\outputs\datasets\tiled\tiled_1024_ov20_full_safe_no_ok_position\images\val\2025-08-11-19-48-33ps5_tile_0002.jpg,10,锡丝残留,"[583.0010375976562, 918.9995727539062, 650.0014038085938, 1013.9990844726562]",6365.002075016499,small,82.86457187745484,29.289360786741216,29.289360786741216,False,False,edge,False,FN,zoom_in_context,False,,,,,,0.0,0.0,"{""x1"": 379.0, ""y1"": 549.0, ""x2"": 854.0, ""y2"": 1024.0, ""crop_w"": 475.0, ""crop_h"": 475.0}"
E:\TJGY\MinPaper\MyAutoAugument\outputs\datasets\tiled\tiled_1024_ov20_full_safe_no_ok_position\images\val\2025-08-11-19-48-33ps5_tile_0007.jpg,10,锡丝残留,"[583.0010375976562, 99.99923706054688, 650.0014038085938, 194.998779296875]",6365.004119705409,small,82.88578161822467,29.26549908145222,29.26549908145222,False,False,edge,False,FN,zoom_in_context,False,,,,,,0.0,0.0,"{""x1"": 379.0, ""y1"": 0.0, ""x2"": 854.0, ""y2"": 475.0, ""crop_w"": 475.0, ""crop_h"": 475.0}"
E:\TJGY\MinPaper\MyAutoAugument\outputs\datasets\tiled\tiled_1024_ov20_full_safe_no_ok_position\images\val\2025-08-11-19-48-33ps5_tile_0012.jpg,10,锡丝残留,"[583.0010375976562, 40.99942398071289, 650.0014038085938, 135.9989776611328]",6365.00488646375,small,82.8725844461901,29.26325957101295,29.26325957101295,False,False,edge,False,FN,zoom_in_context,False,,,,,,0.0,0.0,"{""x1"": 379.0, ""y1"": 0.0, ""x2"": 854.0, ""y2"": 475.0, ""crop_w"": 475.0, ""crop_h"": 475.0}"
E:\TJGY\MinPaper\MyAutoAugument\outputs\datasets\tiled\tiled_1024_ov20_full_safe_no_ok_position\images\val\2025-08-11-19-48-39ps5_tile_0002.jpg,11,锡尖,"[260.00177001953125, 969.9993896484375, 426.99981689453125, 1022.0001220703125]",8684.020750522614,small,131.6589129433441,28.84888457853096,28.84888457853096,False,False,edge,False,FN,zoom_in_context,False,,,,,,0.0,0.0,"{""x1"": 0.0, ""y1"": 189.0, ""x2"": 835.0, ""y2"": 1024.0, ""crop_w"": 835.0, ""crop_h"": 835.0}"
E:\TJGY\MinPaper\MyAutoAugument\outputs\datasets\tiled\tiled_1024_ov20_full_safe_no_ok_position\images\val\2025-08-12-01-35-13ps5_NGyuan_tile_0008.jpg,7,碰伤,"[284.9986572265625, 695.0006103515625, 294.9990234375, 707.0008544921875]",120.00683602690697,tiny,68.83333333333333,13.364338949441365,13.364338949441365,False,True,center,False,FN,zoom_in_context,False,,,4,,,0.0,0.0,"{""x1"": 162.0, ""y1"": 573.0, ""x2"": 418.0, ""y2"": 829.0, ""crop_w"": 256.0, ""crop_h"": 256.0}"
E:\TJGY\MinPaper\MyAutoAugument\outputs\datasets\tiled\tiled_1024_ov20_full_safe_no_ok_position\images\val\2025-08-12-01-35-13ps5_NGyuan_tile_0009.jpg,7,碰伤,"[169.9983367919922, 695.0006103515625, 179.9987335205078, 707.0008544921875]",120.00720224529505,tiny,68.89166666666667,13.415038721110308,13.415038721110308,False,True,edge,False,FN,zoom_in_context,False,,,4,,,0.0,0.0,"{""x1"": 47.0, ""y1"": 573.0, ""x2"": 303.0, ""y2"": 829.0, ""crop_w"": 256.0, ""crop_h"": 256.0}"
E:\TJGY\MinPaper\MyAutoAugument\outputs\datasets\tiled\tiled_1024_ov20_full_safe_no_ok_position\images\val\2025-08-12-01-35-13ps5_NGyuan_tile_0013.jpg,7,碰伤,"[284.9986572265625, 635.999755859375, 294.9990234375, 648.0]",120.00683602690697,tiny,68.75,13.430841373495555,13.430841373495555,False,True,center,False,FN,zoom_in_context,False,,,4,,,0.0,0.0,"{""x1"": 162.0, ""y1"": 514.0, ""x2"": 418.0, ""y2"": 770.0, ""crop_w"": 256.0, ""crop_h"": 256.0}"
E:\TJGY\MinPaper\MyAutoAugument\outputs\datasets\tiled\tiled_1024_ov20_full_safe_no_ok_position\images\val\2025-08-12-01-35-13ps5_NGyuan_tile_0014.jpg,7,碰伤,"[169.9983367919922, 635.999755859375, 179.9987335205078, 648.0]",120.00720224529505,tiny,68.825,13.406256313129825,13.406256313129825,False,True,edge,False,FN,zoom_in_context,False,,,4,,,0.0,0.0,"{""x1"": 47.0, ""y1"": 514.0, ""x2"": 303.0, ""y2"": 770.0, ""crop_w"": 256.0, ""crop_h"": 256.0}"
E:\TJGY\MinPaper\MyAutoAugument\outputs\datasets\tiled\tiled_1024_ov20_full_safe_no_ok_position\images\val\2025-08-21-05-20-58ps5_NGyuan_tile_0010.jpg,7,碰伤,"[778.0018920898438, 644.0003051757812, 802.0014038085938, 658.0014038085938]",336.0195307135582,tiny,98.25297619047619,9.744885261578911,9.744885261578911,False,True,center,False,FN,zoom_in_context,False,,,4,,,0.0,0.0,"{""x1"": 662.0, ""y1"": 523.0, ""x2"": 918.0, ""y2"": 779.0, ""crop_w"": 256.0, ""crop_h"": 256.0}"
E:\TJGY\MinPaper\MyAutoAugument\outputs\datasets\tiled\tiled_1024_ov20_full_safe_no_ok_position\images\val\2025-09-02-07-01-17ps5_NGyuan_tile_0007.jpg,11,锡尖,"[728.0009765625, 371.9992370605469, 780.0028076171875, 418.9997863769531]",2444.114625029266,small,91.18780687397708,32.5586892764388,32.5586892764388,False,False,center,False,FN,zoom_in_context,False,,,,,,0.0,0.0,"{""x1"": 624.0, ""y1"": 265.0, ""x2"": 884.0, ""y2"": 526.0, ""crop_w"": 260.0, ""crop_h"": 261.0}"
E:\TJGY\MinPaper\MyAutoAugument\outputs\datasets\tiled\tiled_1024_ov20_full_safe_no_ok_position\images\val\2025-09-02-07-01-17ps5_NGyuan_tile_0012.jpg,11,锡尖,"[728.0009765625, 312.99945068359375, 780.0028076171875, 360.0]",2444.114625029266,small,91.1665302782324,32.57385679580332,32.57385679580332,False,False,center,False,FN,zoom_in_context,False,,,,,,0.0,0.0,"{""x1"": 624.0, ""y1"": 206.0, ""x2"": 884.0, ""y2"": 467.0, ""crop_w"": 260.0, ""crop_h"": 261.0}"
E:\TJGY\MinPaper\MyAutoAugument\outputs\datasets\tiled\tiled_1024_ov20_full_safe_no_ok_position\images\val\2025-09-02-08-24-16ps5_NGyuan_tile_0001.jpg,7,碰伤,"[504.9999084472656, 779.999755859375, 529.9998168945312, 790.99853515625]",274.9684754535556,tiny,67.17090909090909,16.44328735908832,16.44328735908832,False,True,center,False,FN,zoom_in_context,False,,,,,,0.0,0.0,"{""x1"": 389.0, ""y1"": 657.0, ""x2"": 645.0, ""y2"": 913.0, ""crop_w"": 256.0, ""crop_h"": 256.0}"
E:\TJGY\MinPaper\MyAutoAugument\outputs\datasets\tiled\tiled_1024_ov20_full_safe_no_ok_position\images\val\2025-09-02-15-04-54ps5_NGyuan_tile_0007.jpg,6,漏背锡,"[592.9998779296875, 346.0003662109375, 857.9998779296875, 424.99993896484375]",20934.886779785156,medium,93.02302364461428,40.044814221721936,40.044814221721936,False,False,center,False,FN,zoom_in_context,False,0.25203555822372437,0.6360679864883423,6,0.25203555822372437,0.6360679864883423,0.0,0.0,"{""x1"": 0.0, ""y1"": 0.0, ""x2"": 1024.0, ""y2"": 1024.0, ""crop_w"": 1024.0, ""crop_h"": 1024.0}"
E:\TJGY\MinPaper\MyAutoAugument\outputs\datasets\tiled\tiled_1024_ov20_full_safe_no_ok_position\images\val\2025-09-02-15-04-54ps5_NGyuan_tile_0012.jpg,6,漏背锡,"[592.9998779296875, 287.0005798339844, 857.9998779296875, 366.0001525878906]",20934.886779785156,medium,93.03625507523286,40.043653921247,40.043653921247,False,False,center,False,FN,zoom_in_context,False,0.2679309844970703,0.768899142742157,6,0.2679309844970703,0.768899142742157,0.0,0.0,"{""x1"": 0.0, ""y1"": 0.0, ""x2"": 1024.0, ""y2"": 1024.0, ""crop_w"": 1024.0, ""crop_h"": 1024.0}"
E:\TJGY\MinPaper\MyAutoAugument\outputs\datasets\tiled\tiled_1024_ov20_full_safe_no_ok_position\images\val\2025-09-02-20-35-27ps5_NGyuan_tile_0007.jpg,6,漏背锡,"[495.9979248046875, 399.0010681152344, 710.9990234375, 448.0005187988281]",10534.935729376972,medium,142.15007119126722,62.38630949557069,62.38630949557069,False,False,center,False,FN,zoom_in_context,False,0.0,0.8630314469337463,6,0.0,0.8630314469337463,0.0,0.0,"{""x1"": 0.0, ""y1"": 0.0, ""x2"": 1024.0, ""y2"": 1024.0, ""crop_w"": 1024.0, ""crop_h"": 1024.0}"
E:\TJGY\MinPaper\MyAutoAugument\outputs\datasets\tiled\tiled_1024_ov20_full_safe_no_ok_position\images\val\2025-09-09-21-08-16ps5_tile_0005.jpg,7,碰伤,"[620.9991455078125, 429.00018310546875, 674.0003662109375, 473.9998779296875]",2385.0387569516897,small,83.34633123689727,8.341202081152689,8.341202081152689,False,True,center,False,FN,zoom_in_context,False,,,,,,0.0,0.0,"{""x1"": 515.0, ""y1"": 319.0, ""x2"": 780.0, ""y2"": 584.0, ""crop_w"": 265.0, ""crop_h"": 265.0}"
E:\TJGY\MinPaper\MyAutoAugument\outputs\datasets\tiled\tiled_1024_ov20_full_safe_no_ok_position\images\val\2025-09-09-21-08-16ps5_tile_0010.jpg,7,碰伤,"[620.9991455078125, 370.0003662109375, 674.0003662109375, 415.00006103515625]",2385.0387569516897,small,83.31949685534592,8.310901718698924,8.310901718698924,False,True,center,False,FN,zoom_in_context,False,,,,,,0.0,0.0,"{""x1"": 515.0, ""y1"": 260.0, ""x2"": 780.0, ""y2"": 525.0, ""crop_w"": 265.0, ""crop_h"": 265.0}"
E:\TJGY\MinPaper\MyAutoAugument\outputs\datasets\tiled\tiled_1024_ov20_full_safe_no_ok_position\images\val\2025-09-09-21-09-08ps5_tile_0002.jpg,7,碰伤,"[268.99969482421875, 636.000244140625, 350.0001220703125, 668.9996337890625]",2672.964660383761,small,71.33370744481856,13.990167208105312,13.990167208105312,False,True,center,False,FN,zoom_in_context,False,,,,,,0.0,0.0,"{""x1"": 107.0, ""y1"": 450.0, ""x2"": 512.0, ""y2"": 855.0, ""crop_w"": 405.0, ""crop_h"": 405.0}"
E:\TJGY\MinPaper\MyAutoAugument\outputs\datasets\tiled\tiled_1024_ov20_full_safe_no_ok_position\images\val\2025-09-09-21-09-08ps5_tile_0002.jpg,7,碰伤,"[896.0, 637.0001831054688, 967.99951171875, 685.9995727539062]",3527.932129204273,small,60.058956916099774,24.542952173817785,24.542952173817785,False,False,edge,False,FN,zoom_in_context,False,,,,,,0.0,0.0,"{""x1"": 664.0, ""y1"": 482.0, ""x2"": 1024.0, ""y2"": 841.0, ""crop_w"": 360.0, ""crop_h"": 359.0}"
E:\TJGY\MinPaper\MyAutoAugument\outputs\datasets\tiled\tiled_1024_ov20_full_safe_no_ok_position\images\val\2025-09-09-21-09-08ps5_tile_0003.jpg,7,碰伤,"[77.00070190429688, 637.0001831054688, 149.0001983642578, 685.9995727539062]",3527.9313815329224,small,60.06235827664399,24.52822591520583,24.52822591520583,False,False,edge,False,FN,zoom_in_context,False,,,,,,0.0,0.0,"{""x1"": 0.0, ""y1"": 482.0, ""x2"": 360.0, ""y2"": 841.0, ""crop_w"": 360.0, ""crop_h"": 359.0}"
E:\TJGY\MinPaper\MyAutoAugument\outputs\datasets\tiled\tiled_1024_ov20_full_safe_no_ok_position\images\val\2025-09-09-21-09-08ps5_tile_0006.jpg,9,轮廓划伤,"[423.0005798339844, 792.00048828125, 472.9994201660156, 853.9996337890625]",3099.8853769674897,small,73.83129032258064,11.283484431491578,11.283484431491578,False,True,edge,False,FN,zoom_in_context,False,,,4,,,0.0,0.0,"{""x1"": 293.0, ""y1"": 668.0, ""x2"": 603.0, ""y2"": 978.0, ""crop_w"": 310.0, ""crop_h"": 310.0}"
E:\TJGY\MinPaper\MyAutoAugument\outputs\datasets\tiled\tiled_1024_ov20_full_safe_no_ok_position\images\val\2025-09-09-21-09-08ps5_tile_0011.jpg,9,轮廓划伤,"[423.0005798339844, 733.0006713867188, 472.9994201660156, 794.9998168945312]",3099.8853769674897,small,73.80677419354839,11.264664388596808,11.264664388596808,False,True,center,False,FN,zoom_in_context,False,,,4,,,0.0,0.0,"{""x1"": 293.0, ""y1"": 609.0, ""x2"": 603.0, ""y2"": 919.0, ""crop_w"": 310.0, ""crop_h"": 310.0}"
E:\TJGY\MinPaper\MyAutoAugument\outputs\datasets\tiled\tiled_1024_ov20_full_safe_no_ok_position\images\val\2025-09-15-17-40-22ps5_tile_0002.jpg,2,加强筋打伤,"[780.000244140625, 491.00030517578125, 825.0009765625, 563.0007934570312]",3240.074707388878,small,58.91203703703704,12.028771200385384,12.028771200385384,True,True,center,False,FN,zoom_in_context,False,,,,,,0.0,0.0,"{""x1"": 622.0, ""y1"": 347.0, ""x2"": 983.0, ""y2"": 707.0, ""crop_w"": 361.0, ""crop_h"": 360.0}"
E:\TJGY\MinPaper\MyAutoAugument\outputs\datasets\tiled\tiled_1024_ov20_full_safe_no_ok_position\images\val\2025-09-15-17-40-45ps5_tile_0003.jpg,9,轮廓划伤,"[614.99853515625, 768.9994506835938, 658.998779296875, 878.9995727539062]",4840.032226592302,small,43.10144628099174,5.880616532374243,5.880616532374243,True,True,edge,False,FN,zoom_in_context,False,0.0,0.9041767120361328,9,0.0,0.8685526251792908,0.0,0.03562408685684204,"{""x1"": 362.0, ""y1"": 474.0, ""x2"": 912.0, ""y2"": 1024.0, ""crop_w"": 550.0, ""crop_h"": 550.0}"
E:\TJGY\MinPaper\MyAutoAugument\outputs\datasets\tiled\tiled_1024_ov20_full_safe_no_ok_position\images\val\2025-09-15-17-40-45ps5_tile_0005.jpg,7,碰伤,"[658.001953125, 365.9991149902344, 696.00048828125, 410.0003967285156]",1671.9842510521412,small,80.13516746411483,19.512654649717266,19.512654649717266,False,True,center,False,FN,zoom_in_context,False,,,4,,,0.0,0.0,"{""x1"": 549.0, ""y1"": 260.0, ""x2"": 805.0, ""y2"": 516.0, ""crop_w"": 256.0, ""crop_h"": 256.0}"
E:\TJGY\MinPaper\MyAutoAugument\outputs\datasets\tiled\tiled_1024_ov20_full_safe_no_ok_position\images\val\2025-09-15-17-40-45ps5_tile_0008.jpg,9,轮廓划伤,"[667.999755859375, 143.99948120117188, 736.00048828125, 280.0]",9248.134888075292,small,52.046820934256054,11.056431250044772,11.056431250044772,True,True,center,False,FN,zoom_in_context,False,,,,0.0,0.6813665628433228,0.0,-0.6813665628433228,"{""x1"": 344.0, ""y1"": 0.0, ""x2"": 1024.0, ""y2"": 680.0, ""crop_w"": 680.0, ""crop_h"": 680.0}"
E:\TJGY\MinPaper\MyAutoAugument\outputs\datasets\tiled\tiled_1024_ov20_full_safe_no_ok_position\images\val\2025-09-15-17-40-45ps5_tile_0009.jpg,9,轮廓划伤,"[552.9994506835938, 143.99948120117188, 621.0001831054688, 280.0]",9248.134888075292,small,52.04163062283737,11.041174963422284,11.041174963422284,True,True,center,False,FN,zoom_in_context,False,,,,0.0,0.4902084767818451,0.0,-0.4902084767818451,"{""x1"": 247.0, ""y1"": 0.0, ""x2"": 927.0, ""y2"": 680.0, ""crop_w"": 680.0, ""crop_h"": 680.0}"
E:\TJGY\MinPaper\MyAutoAugument\outputs\datasets\tiled\tiled_1024_ov20_full_safe_no_ok_position\images\val\2025-09-15-17-40-45ps5_tile_0013.jpg,9,轮廓划伤,"[588.0007934570312, 129.9998779296875, 647.0005493164062, 266.998779296875]",8082.901733666658,small,45.12247927749598,7.320491860402777,7.320491860402777,True,True,edge,False,FN,zoom_in_context,False,,,,,,0.0,0.0,"{""x1"": 275.0, ""y1"": 0.0, ""x2"": 960.0, ""y2"": 685.0, ""crop_w"": 685.0, ""crop_h"": 685.0}"
E:\TJGY\MinPaper\MyAutoAugument\outputs\datasets\tiled\tiled_1024_ov20_full_safe_no_ok_position\images\val\2025-09-15-17-40-45ps5_tile_0013.jpg,9,轮廓划伤,"[667.999755859375, 84.99967956542969, 736.00048828125, 221.0001983642578]",9248.134888075292,small,52.05590397923876,11.051302284552333,11.051302284552333,True,True,edge,False,FN,zoom_in_context,False,0.0,0.5038442015647888,9,,,0.0,0.5038442015647888,"{""x1"": 344.0, ""y1"": 0.0, ""x2"": 1024.0, ""y2"": 680.0, ""crop_w"": 680.0, ""crop_h"": 680.0}"
E:\TJGY\MinPaper\MyAutoAugument\outputs\datasets\tiled\tiled_1024_ov20_full_safe_no_ok_position\images\val\2025-09-17-00-42-01ps5_NGyuan_tile_0002.jpg,9,轮廓划伤,"[569.9998779296875, 440.9994201660156, 608.9989013671875, 531.9992065429688]",3548.902801722288,small,82.39165962242885,19.955258444015058,19.955258444015058,False,True,center,False,FN,zoom_in_context,False,,,,,,0.0,0.0,"{""x1"": 362.0, ""y1"": 259.0, ""x2"": 817.0, ""y2"": 714.0, ""crop_w"": 455.0, ""crop_h"": 455.0}"
E:\TJGY\MinPaper\MyAutoAugument\outputs\datasets\tiled\tiled_1024_ov20_full_safe_no_ok_position\images\val\2025-09-17-00-42-01ps5_NGyuan_tile_0003.jpg,9,轮廓划伤,"[88.99993896484375, 451.99920654296875, 134.00064086914062, 546.998779296875]",4275.0474545340985,small,61.53426900584795,16.561533177541072,16.561533177541072,False,True,edge,False,FN,zoom_in_context,False,,,,,,0.0,0.0,"{""x1"": 0.0, ""y1"": 262.0, ""x2"": 475.0, ""y2"": 737.0, ""crop_w"": 475.0, ""crop_h"": 475.0}"
E:\TJGY\MinPaper\MyAutoAugument\outputs\datasets\tiled\tiled_1024_ov20_full_safe_no_ok_position\images\val\2025-09-17-00-42-01ps5_NGyuan_tile_0007.jpg,9,轮廓划伤,"[825.9993286132812, 569.0009765625, 861.9990844726562, 658.0008544921875]",3203.9738769829273,small,82.04119850187266,27.04385951819281,27.04385951819281,False,False,edge,False,FN,zoom_in_context,False,,,,,,0.0,0.0,"{""x1"": 579.0, ""y1"": 391.0, ""x2"": 1024.0, ""y2"": 836.0, ""crop_w"": 445.0, ""crop_h"": 445.0}"
E:\TJGY\MinPaper\MyAutoAugument\outputs\datasets\tiled\tiled_1024_ov20_full_safe_no_ok_position\images\val\2025-09-17-00-42-01ps5_NGyuan_tile_0007.jpg,9,轮廓划伤,"[464.9989318847656, 554.0003662109375, 508.9991760253906, 646.0006103515625]",4048.0332031846046,small,88.09510869565217,25.228170146891692,25.228170146891692,False,False,center,False,FN,zoom_in_context,False,,,,,,0.0,0.0,"{""x1"": 257.0, ""y1"": 370.0, ""x2"": 717.0, ""y2"": 830.0, ""crop_w"": 460.0, ""crop_h"": 460.0}"
E:\TJGY\MinPaper\MyAutoAugument\outputs\datasets\tiled\tiled_1024_ov20_full_safe_no_ok_position\images\val\2025-09-17-00-42-01ps5_NGyuan_tile_0008.jpg,9,轮廓划伤,"[6.999040603637695, 569.0009765625, 42.99878692626953, 658.0008544921875]",3203.97302821395,small,82.03558052434457,27.060123698453427,27.060123698453427,False,False,edge,False,FN,zoom_in_context,False,,,,,,0.0,0.0,"{""x1"": 0.0, ""y1"": 391.0, ""x2"": 445.0, ""y2"": 836.0, ""crop_w"": 445.0, ""crop_h"": 445.0}"
E:\TJGY\MinPaper\MyAutoAugument\outputs\datasets\tiled\tiled_1024_ov20_full_safe_no_ok_position\images\val\2025-09-17-00-42-01ps5_NGyuan_tile_0012.jpg,9,轮廓划伤,"[825.9993286132812, 510.0011291503906, 861.9990844726562, 599.0010986328125]",3203.977172859013,small,82.05087390761548,27.03131251511788,27.03131251511788,False,False,edge,False,FN,zoom_in_context,False,,,,,,0.0,0.0,"{""x1"": 579.0, ""y1"": 332.0, ""x2"": 1024.0, ""y2"": 777.0, ""crop_w"": 445.0, ""crop_h"": 445.0}"
E:\TJGY\MinPaper\MyAutoAugument\outputs\datasets\tiled\tiled_1024_ov20_full_safe_no_ok_position\images\val\2025-09-17-00-42-01ps5_NGyuan_tile_0012.jpg,9,轮廓划伤,"[464.9989318847656, 495.0006103515625, 508.9991760253906, 587.0008544921875]",4048.0332031846046,small,88.0909090909091,25.217132883679668,25.217132883679668,False,False,center,False,FN,zoom_in_context,False,,,,,,0.0,0.0,"{""x1"": 257.0, ""y1"": 311.0, ""x2"": 717.0, ""y2"": 771.0, ""crop_w"": 460.0, ""crop_h"": 460.0}"
E:\TJGY\MinPaper\MyAutoAugument\outputs\datasets\tiled\tiled_1024_ov20_full_safe_no_ok_position\images\val\2025-09-17-00-42-01ps5_NGyuan_tile_0013.jpg,9,轮廓划伤,"[6.999040603637695, 510.0011291503906, 42.99878692626953, 599.0010986328125]",3203.9763240891625,small,82.05149812734082,27.05617049169587,27.05617049169587,False,False,edge,False,FN,zoom_in_context,False,,,,,,0.0,0.0,"{""x1"": 0.0, ""y1"": 332.0, ""x2"": 445.0, ""y2"": 777.0, ""crop_w"": 445.0, ""crop_h"": 445.0}"
E:\TJGY\MinPaper\MyAutoAugument\outputs\datasets\tiled\tiled_1024_ov20_full_safe_no_ok_position\images\val\2025-09-17-01-04-57ps5_NGyuan_tile_0007.jpg,7,碰伤,"[943.9984741210938, 549.001220703125, 1022.9990844726562, 661.000244140625]",8847.991210341454,small,70.38438065099457,27.789816997064424,27.789816997064424,False,False,edge,False,FN,zoom_in_context,False,,,,,,0.0,0.0,"{""x1"": 464.0, ""y1"": 325.0, ""x2"": 1024.0, ""y2"": 885.0, ""crop_w"": 560.0, ""crop_h"": 560.0}"
E:\TJGY\MinPaper\MyAutoAugument\outputs\datasets\tiled\tiled_1024_ov20_full_safe_no_ok_position\images\val\2025-09-17-01-04-57ps5_NGyuan_tile_0009.jpg,7,碰伤,"[9.997825622558594, 549.001220703125, 88.99839782714844, 661.000244140625]",8847.986937917769,small,70.39500452079567,27.785352623891168,27.785352623891168,False,False,edge,False,FN,zoom_in_context,False,,,,,,0.0,0.0,"{""x1"": 0.0, ""y1"": 325.0, ""x2"": 560.0, ""y2"": 885.0, ""crop_w"": 560.0, ""crop_h"": 560.0}"
E:\TJGY\MinPaper\MyAutoAugument\outputs\datasets\tiled\tiled_1024_ov20_full_safe_no_ok_position\images\val\2025-09-17-01-04-57ps5_NGyuan_tile_0012.jpg,7,碰伤,"[943.9984741210938, 490.0014343261719, 1022.9990844726562, 602.0004272460938]",8847.988799434155,small,70.38381555153707,27.781154746340547,27.781154746340547,False,False,edge,False,FN,zoom_in_context,False,,,,,,0.0,0.0,"{""x1"": 464.0, ""y1"": 266.0, ""x2"": 1024.0, ""y2"": 826.0, ""crop_w"": 560.0, ""crop_h"": 560.0}"
E:\TJGY\MinPaper\MyAutoAugument\outputs\datasets\tiled\tiled_1024_ov20_full_safe_no_ok_position\images\val\2025-09-17-01-04-57ps5_NGyuan_tile_0014.jpg,7,碰伤,"[9.997825622558594, 490.0014343261719, 88.99839782714844, 602.0004272460938]",8847.984527011635,small,70.39602169981917,27.783863597371752,27.783863597371752,False,False,edge,False,FN,zoom_in_context,False,,,,,,0.0,0.0,"{""x1"": 0.0, ""y1"": 266.0, ""x2"": 560.0, ""y2"": 826.0, ""crop_w"": 560.0, ""crop_h"": 560.0}"
E:\TJGY\MinPaper\MyAutoAugument\outputs\datasets\tiled\tiled_1024_ov20_full_safe_no_ok_position\images\val\2025-09-23-01-12-21ps5_NGyuan_tile_0000.jpg,8,脏污,"[867.0013427734375, 503.0005798339844, 929.9998779296875, 558.0006713867188]",3464.925201281905,small,96.83174603174604,20.809539021020875,20.809539021020875,False,False,edge,False,FN,zoom_in_context,False,,,,,,0.0,0.0,"{""x1"": 709.0, ""y1"": 373.0, ""x2"": 1024.0, ""y2"": 688.0, ""crop_w"": 315.0, ""crop_h"": 315.0}"
E:\TJGY\MinPaper\MyAutoAugument\outputs\datasets\tiled\tiled_1024_ov20_full_safe_no_ok_position\images\val\2025-09-23-01-12-21ps5_NGyuan_tile_0001.jpg,8,脏污,"[48.00102615356445, 503.0005798339844, 110.99955749511719, 558.0006713867188]",3464.9249914732063,small,96.83376623376624,20.802404743265633,20.802404743265633,False,False,edge,False,FN,zoom_in_context,False,,,4,,,0.0,0.0,"{""x1"": 0.0, ""y1"": 373.0, ""x2"": 315.0, ""y2"": 688.0, ""crop_w"": 315.0, ""crop_h"": 315.0}"
E:\TJGY\MinPaper\MyAutoAugument\outputs\datasets\tiled\tiled_1024_ov20_full_safe_no_ok_position\images\val\2025-09-23-12-23-50ps5_NGyuan_tile_0007.jpg,1,OK3,"[535.99951171875, 675.0003051757812, 712.9979248046875, 710.0006713867188]",6195.009276762605,small,68.44229217110573,12.546360320682469,12.546360320682469,False,True,center,False,FN,zoom_in_context,False,,,0,,,0.0,0.0,"{""x1"": 139.0, ""y1"": 139.0, ""x2"": 1024.0, ""y2"": 1024.0, ""crop_w"": 885.0, ""crop_h"": 885.0}"
E:\TJGY\MinPaper\MyAutoAugument\outputs\datasets\tiled\tiled_1024_ov20_full_safe_no_ok_position\images\val\2025-10-11-06-43-38ps5_tile_0004.jpg,7,碰伤,"[785.0004272460938, 780.9996948242188, 939.9992065429688, 1000.9999389648438]",34099.76928681135,medium,53.30431085043988,18.205265879869607,18.205265879869607,True,True,corner,False,FN,zoom_in_context,False,,,,,,0.0,0.0,"{""x1"": 0.0, ""y1"": 0.0, ""x2"": 1024.0, ""y2"": 1024.0, ""crop_w"": 1024.0, ""crop_h"": 1024.0}"
E:\TJGY\MinPaper\MyAutoAugument\outputs\datasets\tiled\tiled_1024_ov20_full_safe_no_ok_position\images\val\2025-10-11-06-43-38ps5_tile_0009.jpg,7,碰伤,"[833.00146484375, 496.00048828125, 952.00048828125, 672.00048828125]",20943.828125,medium,53.00940603514133,15.966843311164997,15.966843311164997,True,True,edge,False,FN,zoom_in_context,False,,,,,,0.0,0.0,"{""x1"": 144.0, ""y1"": 144.0, ""x2"": 1024.0, ""y2"": 1024.0, ""crop_w"": 880.0, ""crop_h"": 880.0}"
E:\TJGY\MinPaper\MyAutoAugument\outputs\datasets\tiled\tiled_1024_ov20_full_safe_no_ok_position\images\val\2025-10-11-06-43-38ps5_tile_0012.jpg,1,OK3,"[825.0009765625, 564.000732421875, 944.9993896484375, 625.9998779296875]",7439.799073621631,small,60.81760752688172,12.480530501060455,12.480530501060455,False,True,edge,False,FN,zoom_in_context,True,0.7900000810623169,0.3197091221809387,1,,,0.7900000810623169,0.3197091221809387,"{""x1"": 424.0, ""y1"": 295.0, ""x2"": 1024.0, ""y2"": 895.0, ""crop_w"": 600.0, ""crop_h"": 600.0}"
E:\TJGY\MinPaper\MyAutoAugument\outputs\datasets\tiled\tiled_1024_ov20_full_safe_no_ok_position\images\val\2025-10-11-06-43-38ps5_tile_0013.jpg,1,OK3,"[6.001659393310547, 564.000732421875, 126.0001220703125, 625.9998779296875]",7439.802148225252,small,60.82231182795699,12.474237409818958,12.474237409818958,False,True,edge,False,FN,zoom_in_context,False,,,,,,0.0,0.0,"{""x1"": 0.0, ""y1"": 295.0, ""x2"": 600.0, ""y2"": 895.0, ""crop_w"": 600.0, ""crop_h"": 600.0}"
E:\TJGY\MinPaper\MyAutoAugument\outputs\datasets\tiled\tiled_1024_ov20_full_safe_no_ok_position\images\val\2025-10-11-06-43-38ps5_tile_0014.jpg,7,碰伤,"[833.00146484375, 437.000732421875, 952.00048828125, 613.000732421875]",20943.828125,medium,53.00868983957219,15.957455759330232,15.957455759330232,True,True,edge,False,FN,zoom_in_context,False,,,,,,0.0,0.0,"{""x1"": 144.0, ""y1"": 85.0, ""x2"": 1024.0, ""y2"": 965.0, ""crop_w"": 880.0, ""crop_h"": 880.0}"
E:\TJGY\MinPaper\MyAutoAugument\outputs\datasets\tiled\tiled_1024_ov20_full_safe_no_ok_position\images\val\2025-10-17-13-38-05ps5_NGyuan_tile_0002.jpg,8,脏污,"[97.9993667602539, 625.00146484375, 315.999755859375, 758.0006103515625]",28993.86547055375,medium,92.81903152376354,27.81747796575795,27.81747796575795,False,False,center,False,FN,zoom_in_context,False,,,,,,0.0,0.0,"{""x1"": 0.0, ""y1"": 0.0, ""x2"": 1024.0, ""y2"": 1024.0, ""crop_w"": 1024.0, ""crop_h"": 1024.0}"
E:\TJGY\MinPaper\MyAutoAugument\outputs\datasets\tiled\tiled_1024_ov20_full_safe_no_ok_position\images\val\2025-10-17-15-21-16ps5_NGyuan_tile_0001.jpg,7,碰伤,"[370.9992980957031, 653.0001831054688, 397.9980773925781, 676.9996948242188]",647.9575201272964,tiny,76.18672839506173,7.7350419033912425,7.7350419033912425,False,True,center,False,FN,zoom_in_context,False,,,,0.0,0.711706280708313,0.0,-0.711706280708313,"{""x1"": 256.0, ""y1"": 537.0, ""x2"": 512.0, ""y2"": 793.0, ""crop_w"": 256.0, ""crop_h"": 256.0}"
E:\TJGY\MinPaper\MyAutoAugument\outputs\datasets\tiled\tiled_1024_ov20_full_safe_no_ok_position\images\val\2025-10-17-15-21-16ps5_NGyuan_tile_0005.jpg,7,碰伤,"[891.9987182617188, 703.99951171875, 935.9989624023438, 729.9998779296875]",1144.022461026907,small,82.23076923076923,6.091169014871003,6.091169014871003,False,True,edge,False,FN,zoom_in_context,False,,,,,,0.0,0.0,"{""x1"": 768.0, ""y1"": 589.0, ""x2"": 1024.0, ""y2"": 845.0, ""crop_w"": 256.0, ""crop_h"": 256.0}"
E:\TJGY\MinPaper\MyAutoAugument\outputs\datasets\tiled\tiled_1024_ov20_full_safe_no_ok_position\images\val\2025-10-17-15-21-16ps5_NGyuan_tile_0010.jpg,7,碰伤,"[891.9987182617188, 644.9996948242188, 935.9989624023438, 671.0000610351562]",1144.022461026907,small,82.25961538461539,6.116146679218979,6.116146679218979,False,True,edge,False,FN,zoom_in_context,False,,,,,,0.0,0.0,"{""x1"": 768.0, ""y1"": 530.0, ""x2"": 1024.0, ""y2"": 786.0, ""crop_w"": 256.0, ""crop_h"": 256.0}"
E:\TJGY\MinPaper\MyAutoAugument\outputs\datasets\tiled\tiled_1024_ov20_full_safe_no_ok_position\images\val\2025-10-17-15-21-16ps5_NGyuan_tile_0011.jpg,7,碰伤,"[72.99839782714844, 644.9996948242188, 116.9986572265625, 671.0000610351562]",1144.0228577610105,small,82.26923076923077,6.0766575138929095,6.0766575138929095,False,True,edge,False,FN,zoom_in_context,False,,,,,,0.0,0.0,"{""x1"": 0.0, ""y1"": 530.0, ""x2"": 256.0, ""y2"": 786.0, ""crop_w"": 256.0, ""crop_h"": 256.0}"
E:\TJGY\MinPaper\MyAutoAugument\outputs\datasets\tiled\tiled_1024_ov20_full_safe_no_ok_position\images\val\2025-10-22-13-52-23ps5_NGyuan_tile_0007.jpg,12,锡膏,"[213.9990997314453, 268.9996643066406, 273.9983215332031, 304.9994201660156]",2159.957336615771,small,210.7685185185185,35.23007881570474,35.23007881570474,False,False,center,False,FN,zoom_in_context,False,,,,,,0.0,0.0,"{""x1"": 94.0, ""y1"": 137.0, ""x2"": 394.0, ""y2"": 437.0, ""crop_w"": 300.0, ""crop_h"": 300.0}"
E:\TJGY\MinPaper\MyAutoAugument\outputs\datasets\tiled\tiled_1024_ov20_full_safe_no_ok_position\images\val\2025-10-22-13-52-23ps5_NGyuan_tile_0012.jpg,12,锡膏,"[213.9990997314453, 209.99986267089844, 273.9983215332031, 245.99961853027344]",2159.957336615771,small,210.7699074074074,35.20862849305262,35.20862849305262,False,False,center,False,FN,zoom_in_context,False,,,,,,0.0,0.0,"{""x1"": 94.0, ""y1"": 78.0, ""x2"": 394.0, ""y2"": 378.0, ""crop_w"": 300.0, ""crop_h"": 300.0}"
E:\TJGY\MinPaper\MyAutoAugument\outputs\datasets\tiled\tiled_1024_ov20_full_safe_no_ok_position\images\val\2025-10-31-03-46-08ps5_NGyuan_tile_0006.jpg,5,浅划伤,"[213.99911499023438, 679.99951171875, 291.0008239746094, 736.0]",4312.133301615715,small,87.8409090909091,9.498692220750025,9.498692220750025,False,True,center,False,FN,zoom_in_context,False,,,,,,0.0,0.0,"{""x1"": 60.0, ""y1"": 515.0, ""x2"": 445.0, ""y2"": 901.0, ""crop_w"": 385.0, ""crop_h"": 386.0}"
E:\TJGY\MinPaper\MyAutoAugument\outputs\datasets\tiled\tiled_1024_ov20_full_safe_no_ok_position\images\val\2025-10-31-03-46-08ps5_NGyuan_tile_0011.jpg,5,浅划伤,"[213.99911499023438, 620.9996948242188, 291.0008239746094, 677.0001831054688]",4312.133301615715,small,87.8471706864564,9.498318929995587,9.498318929995587,False,True,center,False,FN,zoom_in_context,False,,,,,,0.0,0.0,"{""x1"": 60.0, ""y1"": 456.0, ""x2"": 445.0, ""y2"": 842.0, ""crop_w"": 385.0, ""crop_h"": 386.0}"
E:\TJGY\MinPaper\MyAutoAugument\outputs\datasets\tiled\tiled_1024_ov20_full_safe_no_ok_position\images\val\2025-11-01-14-42-20ps5_NGyuan_tile_0003.jpg,7,碰伤,"[500.000244140625, 899.999755859375, 605.9996337890625, 977.00048828125]",8162.030639201403,small,50.66172506738545,18.150312464313096,18.150312464313096,True,True,edge,False,FN,zoom_in_context,False,,,,0.0,0.7693948745727539,0.0,-0.7693948745727539,"{""x1"": 288.0, ""y1"": 494.0, ""x2"": 818.0, ""y2"": 1024.0, ""crop_w"": 530.0, ""crop_h"": 530.0}"
E:\TJGY\MinPaper\MyAutoAugument\outputs\datasets\tiled\tiled_1024_ov20_full_safe_no_ok_position\images\val\2025-11-01-14-42-20ps5_NGyuan_tile_0004.jpg,7,碰伤,"[384.99993896484375, 899.999755859375, 490.999267578125, 977.00048828125]",8162.025939449668,small,50.65645675079637,18.16103435712057,18.16103435712057,True,True,edge,False,FN,zoom_in_context,False,,,,,,0.0,0.0,"{""x1"": 173.0, ""y1"": 494.0, ""x2"": 703.0, ""y2"": 1024.0, ""crop_w"": 530.0, ""crop_h"": 530.0}"
E:\TJGY\MinPaper\MyAutoAugument\outputs\datasets\tiled\tiled_1024_ov20_full_safe_no_ok_position\images\val\2025-11-01-14-42-20ps5_NGyuan_tile_0005.jpg,7,碰伤,"[372.0007629394531, 847.9994506835938, 434.9992980957031, 944.9999389648438]",6110.888671159744,small,73.78972344951727,10.3877121956301,10.3877121956301,False,True,edge,False,FN,zoom_in_context,False,,,,,,0.0,0.0,"{""x1"": 161.0, ""y1"": 539.0, ""x2"": 646.0, ""y2"": 1024.0, ""crop_w"": 485.0, ""crop_h"": 485.0}"
E:\TJGY\MinPaper\MyAutoAugument\outputs\datasets\tiled\tiled_1024_ov20_full_safe_no_ok_position\images\val\2025-11-01-14-42-20ps5_NGyuan_tile_0008.jpg,7,碰伤,"[594.0014038085938, 581.9996337890625, 643.0007934570312, 670.99951171875]",4360.939697340131,small,61.634716808071545,8.350099978877372,8.350099978877372,False,True,center,False,FN,zoom_in_context,False,,,,,,0.0,0.0,"{""x1"": 396.0, ""y1"": 404.0, ""x2"": 841.0, ""y2"": 849.0, ""crop_w"": 445.0, ""crop_h"": 445.0}"
E:\TJGY\MinPaper\MyAutoAugument\outputs\datasets\tiled\tiled_1024_ov20_full_safe_no_ok_position\images\val\2025-11-01-14-42-20ps5_NGyuan_tile_0008.jpg,7,碰伤,"[342.998046875, 683.0003051757812, 490.998779296875, 816.9999389648438]",19832.04394504428,medium,46.13816054860831,9.892181567104181,9.892181567104181,True,True,center,False,FN,zoom_in_context,False,,,9,,,0.0,0.0,"{""x1"": 47.0, ""y1"": 284.0, ""x2"": 787.0, ""y2"": 1024.0, ""crop_w"": 740.0, ""crop_h"": 740.0}"
E:\TJGY\MinPaper\MyAutoAugument\outputs\datasets\tiled\tiled_1024_ov20_full_safe_no_ok_position\images\val\2025-11-01-14-42-20ps5_NGyuan_tile_0008.jpg,7,碰伤,"[500.000244140625, 80.99942779541016, 605.9996337890625, 158.0001220703125]",8162.026595645584,small,50.6691987258025,18.166714261311874,18.166714261311874,True,True,edge,False,FN,zoom_in_context,False,,,,,,0.0,0.0,"{""x1"": 288.0, ""y1"": 0.0, ""x2"": 818.0, ""y2"": 530.0, ""crop_w"": 530.0, ""crop_h"": 530.0}"
E:\TJGY\MinPaper\MyAutoAugument\outputs\datasets\tiled\tiled_1024_ov20_full_safe_no_ok_position\images\val\2025-11-01-14-42-20ps5_NGyuan_tile_0009.jpg,7,碰伤,"[479.0010681152344, 581.9996337890625, 528.00048828125, 670.99951171875]",4360.942413400859,small,61.649163036000914,8.381732074677439,8.381732074677439,False,True,center,False,FN,zoom_in_context,False,,,,0.0,0.36237359046936035,0.0,-0.36237359046936035,"{""x1"": 281.0, ""y1"": 404.0, ""x2"": 726.0, ""y2"": 849.0, ""crop_w"": 445.0, ""crop_h"": 445.0}"
E:\TJGY\MinPaper\MyAutoAugument\outputs\datasets\tiled\tiled_1024_ov20_full_safe_no_ok_position\images\val\2025-11-01-14-42-20ps5_NGyuan_tile_0009.jpg,7,碰伤,"[384.99993896484375, 80.99942779541016, 490.999267578125, 158.0001220703125]",8162.021895896178,small,50.65853957363392,18.18350789983095,18.18350789983095,True,True,edge,False,FN,zoom_in_context,False,,,,0.0,0.36237359046936035,0.0,-0.36237359046936035,"{""x1"": 173.0, ""y1"": 0.0, ""x2"": 703.0, ""y2"": 530.0, ""crop_w"": 530.0, ""crop_h"": 530.0}"
E:\TJGY\MinPaper\MyAutoAugument\outputs\datasets\tiled\tiled_1024_ov20_full_safe_no_ok_position\images\val\2025-11-01-14-42-20ps5_NGyuan_tile_0010.jpg,7,碰伤,"[372.0007629394531, 788.9986572265625, 434.9992980957031, 885.9991455078125]",6110.888671159744,small,73.77974144984454,10.409780498474799,10.409780498474799,False,True,edge,False,FN,zoom_in_context,False,,,,,,0.0,0.0,"{""x1"": 161.0, ""y1"": 539.0, ""x2"": 646.0, ""y2"": 1024.0, ""crop_w"": 485.0, ""crop_h"": 485.0}"
E:\TJGY\MinPaper\MyAutoAugument\outputs\datasets\tiled\tiled_1024_ov20_full_safe_no_ok_position\images\val\2025-11-01-14-42-20ps5_NGyuan_tile_0013.jpg,7,碰伤,"[594.0014038085938, 522.998779296875, 643.0007934570312, 611.998779296875]",4360.9456787109375,small,61.65099747764274,8.370885904884908,8.370885904884908,False,True,center,False,FN,zoom_in_context,False,,,,0.0,0.5604667067527771,0.0,-0.5604667067527771,"{""x1"": 396.0, ""y1"": 345.0, ""x2"": 841.0, ""y2"": 790.0, ""crop_w"": 445.0, ""crop_h"": 445.0}"
E:\TJGY\MinPaper\MyAutoAugument\outputs\datasets\tiled\tiled_1024_ov20_full_safe_no_ok_position\images\val\2025-11-01-14-42-20ps5_NGyuan_tile_0013.jpg,7,碰伤,"[500.000244140625, 21.999618530273438, 605.9996337890625, 99.00032043457031]",8162.027404356748,small,50.657926978681694,18.16755758235728,18.16755758235728,True,True,edge,False,FN,zoom_in_context,False,,,,0.0,0.5604667067527771,0.0,-0.5604667067527771,"{""x1"": 288.0, ""y1"": 0.0, ""x2"": 818.0, ""y2"": 530.0, ""crop_w"": 530.0, ""crop_h"": 530.0}"
E:\TJGY\MinPaper\MyAutoAugument\outputs\datasets\tiled\tiled_1024_ov20_full_safe_no_ok_position\images\val\2025-11-01-14-42-20ps5_NGyuan_tile_0014.jpg,7,碰伤,"[384.99993896484375, 21.999618530273438, 490.999267578125, 99.00032043457031]",8162.022704606876,small,50.65290370007351,18.163884330448102,18.163884330448102,True,True,edge,False,FN,zoom_in_context,False,,,,0.0,0.48193860054016113,0.0,-0.48193860054016113,"{""x1"": 173.0, ""y1"": 0.0, ""x2"": 703.0, ""y2"": 530.0, ""crop_w"": 530.0, ""crop_h"": 530.0}"
E:\TJGY\MinPaper\MyAutoAugument\outputs\datasets\tiled\tiled_1024_ov20_full_safe_no_ok_position\images\val\2025-11-12-16-33-42ps5_NGyuan_tile_0006.jpg,7,碰伤,"[650.998291015625, 6.000639915466309, 692.000244140625, 24.999935150146484]",779.0082126203924,tiny,77.55198973042361,16.23695860274999,16.23695860274999,False,True,edge,False,FN,zoom_in_context,False,,,,,,0.0,0.0,"{""x1"": 543.0, ""y1"": 0.0, ""x2"": 799.0, ""y2"": 256.0, ""crop_w"": 256.0, ""crop_h"": 256.0}"
E:\TJGY\MinPaper\MyAutoAugument\outputs\datasets\tiled\tiled_1024_ov20_full_safe_no_ok_position\images\val\2229344f-2025-05-09-18-28-13ps5_tile_0002.jpg,10,锡丝残留,"[425.9978332519531, 917.0001831054688, 709.9991455078125, 974.9995727539062]",16471.902770195156,medium,51.756313744536186,28.19032209028167,28.19032209028167,True,False,edge,False,FN,zoom_in_context,False,,,,,,0.0,0.0,"{""x1"": 0.0, ""y1"": 0.0, ""x2"": 1024.0, ""y2"": 1024.0, ""crop_w"": 1024.0, ""crop_h"": 1024.0}"
E:\TJGY\MinPaper\MyAutoAugument\outputs\datasets\tiled\tiled_1024_ov20_full_safe_no_ok_position\images\val\2229344f-2025-05-09-18-28-13ps5_tile_0007.jpg,10,锡丝残留,"[425.9978332519531, 97.99987030029297, 709.9991455078125, 155.99923706054688]",16471.89626992098,medium,51.75728508984944,28.200555790248156,28.200555790248156,True,False,edge,False,FN,zoom_in_context,False,,,12,,,0.0,0.0,"{""x1"": 0.0, ""y1"": 0.0, ""x2"": 1024.0, ""y2"": 1024.0, ""crop_w"": 1024.0, ""crop_h"": 1024.0}"
E:\TJGY\MinPaper\MyAutoAugument\outputs\datasets\tiled\tiled_1024_ov20_full_safe_no_ok_position\images\val\a91db891-2025-04-13-11-39-07ps5_tile_0002.jpg,7,碰伤,"[374.00115966796875, 808.00048828125, 396.00177001953125, 816.0]",175.99414032697678,tiny,29.619318181818183,9.131456096604467,9.131456096604467,True,True,center,False,FN,zoom_in_context,False,,,,0.0,0.6018717288970947,0.0,-0.6018717288970947,"{""x1"": 257.0, ""y1"": 684.0, ""x2"": 513.0, ""y2"": 940.0, ""crop_w"": 256.0, ""crop_h"": 256.0}"
E:\TJGY\MinPaper\MyAutoAugument\outputs\datasets\tiled\tiled_1024_ov20_full_safe_no_ok_position\images\val\a91db891-2025-04-13-11-39-07ps5_tile_0004.jpg,7,碰伤,"[334.0006408691406, 957.9996337890625, 346.0008850097656, 973.9996337890625]",192.00390625,tiny,33.760416666666664,13.989761726338381,13.989761726338381,True,True,edge,False,FN,zoom_in_context,False,,,,,,0.0,0.0,"{""x1"": 212.0, ""y1"": 768.0, ""x2"": 468.0, ""y2"": 1024.0, ""crop_w"": 256.0, ""crop_h"": 256.0}"
E:\TJGY\MinPaper\MyAutoAugument\outputs\datasets\tiled\tiled_1024_ov20_full_safe_no_ok_position\images\val\a91db891-2025-04-13-11-39-07ps5_tile_0006.jpg,7,碰伤,"[373.99859619140625, 880.9999389648438, 439.00006103515625, 896.9999389648438]",1040.0234375,tiny,39.90480769230769,16.103558372940746,16.103558372940746,True,True,edge,False,FN,zoom_in_context,False,,,4,0.0,0.2767678499221802,0.0,-0.2767678499221802,"{""x1"": 244.0, ""y1"": 699.0, ""x2"": 569.0, ""y2"": 1024.0, ""crop_w"": 325.0, ""crop_h"": 325.0}"
E:\TJGY\MinPaper\MyAutoAugument\outputs\datasets\tiled\tiled_1024_ov20_full_safe_no_ok_position\images\val\a91db891-2025-04-13-11-39-07ps5_tile_0009.jpg,7,碰伤,"[334.0006408691406, 138.99929809570312, 346.0008850097656, 154.99929809570312]",192.00390625,tiny,33.739583333333336,13.970388917029316,13.970388917029316,True,True,edge,False,FN,zoom_in_context,False,,,,,,0.0,0.0,"{""x1"": 212.0, ""y1"": 19.0, ""x2"": 468.0, ""y2"": 275.0, ""crop_w"": 256.0, ""crop_h"": 256.0}"
E:\TJGY\MinPaper\MyAutoAugument\outputs\datasets\tiled\tiled_1024_ov20_full_safe_no_ok_position\images\val\a91db891-2025-04-13-11-39-07ps5_tile_0014.jpg,7,碰伤,"[334.0006408691406, 79.9994888305664, 346.0008850097656, 95.9994888305664]",192.00390625,tiny,33.786458333333336,13.92319796682012,13.92319796682012,True,True,edge,False,FN,zoom_in_context,False,,,,,,0.0,0.0,"{""x1"": 212.0, ""y1"": 0.0, ""x2"": 468.0, ""y2"": 256.0, ""crop_w"": 256.0, ""crop_h"": 256.0}"
E:\TJGY\MinPaper\MyAutoAugument\outputs\datasets\tiled\tiled_1024_ov20_full_safe_no_ok_position\images\val\ce0d1787-2025-04-25-11-20-04ps5_NGyuan_tile_0007.jpg,12,锡膏,"[463.99896240234375, 184.99891662597656, 601.9993286132812, 294.9990539550781]",15180.059234669432,medium,116.9655467720685,31.009908507174064,31.009908507174064,False,False,center,False,FN,zoom_in_context,False,,,,,,0.0,0.0,"{""x1"": 188.0, ""y1"": 0.0, ""x2"": 878.0, ""y2"": 690.0, ""crop_w"": 690.0, ""crop_h"": 690.0}"
E:\TJGY\MinPaper\MyAutoAugument\outputs\datasets\tiled\tiled_1024_ov20_full_safe_no_ok_position\images\val\ce0d1787-2025-04-25-11-20-04ps5_NGyuan_tile_0012.jpg,12,锡膏,"[463.99896240234375, 125.99909973144531, 601.9993286132812, 235.9992218017578]",15180.057128950953,medium,116.96752305665349,31.00227688190202,31.00227688190202,False,False,edge,False,FN,zoom_in_context,False,,,,,,0.0,0.0,"{""x1"": 188.0, ""y1"": 0.0, ""x2"": 878.0, ""y2"": 690.0, ""crop_w"": 690.0, ""crop_h"": 690.0}"
