Ultralytics 8.3.221  Python-3.9.19 torch-2.4.1 CUDA:0 (NVIDIA GeForce RTX 3060 Laptop GPU, 6144MiB)
YOLO11n summary (fused): 100 layers, 2,584,687 parameters, 0 gradients, 6.3 GFLOPs

image 1/677 E:\TJGY\MinPaper\MyAutoAugument\outputs\experiments\20260518_tiled1024_safe_no_ok_position_policy_top3_shorttrain\policies\diag_policy_002\dataset_builder\final_dataset\images\val\105acebc-2025-05-09-18-24-19ps5_tile_0000.jpg: 1024x1024 2 s, 14.2ms
image 2/677 E:\TJGY\MinPaper\MyAutoAugument\outputs\experiments\20260518_tiled1024_safe_no_ok_position_policy_top3_shorttrain\policies\diag_policy_002\dataset_builder\final_dataset\images\val\105acebc-2025-05-09-18-24-19ps5_tile_0001.jpg: 1024x1024 1 , 13.6ms
image 3/677 E:\TJGY\MinPaper\MyAutoAugument\outputs\experiments\20260518_tiled1024_safe_no_ok_position_policy_top3_shorttrain\policies\diag_policy_002\dataset_builder\final_dataset\images\val\105acebc-2025-05-09-18-24-19ps5_tile_0002.jpg: 1024x1024 1 , 1 , 17.6ms
image 4/677 E:\TJGY\MinPaper\MyAutoAugument\outputs\experiments\20260518_tiled1024_safe_no_ok_position_policy_top3_shorttrain\policies\diag_policy_002\dataset_builder\final_dataset\images\val\105acebc-2025-05-09-18-24-19ps5_tile_0007.jpg: 1024x1024 2 s, 16.7ms
image 5/677 E:\TJGY\MinPaper\MyAutoAugument\outputs\experiments\20260518_tiled1024_safe_no_ok_position_policy_top3_shorttrain\policies\diag_policy_002\dataset_builder\final_dataset\images\val\105acebc-2025-05-09-18-24-19ps5_tile_0008.jpg: 1024x1024 1 OK3, 13.3ms
image 6/677 E:\TJGY\MinPaper\MyAutoAugument\outputs\experiments\20260518_tiled1024_safe_no_ok_position_policy_top3_shorttrain\policies\diag_policy_002\dataset_builder\final_dataset\images\val\105acebc-2025-05-09-18-24-19ps5_tile_0012.jpg: 1024x1024 2 s, 17.3ms
image 7/677 E:\TJGY\MinPaper\MyAutoAugument\outputs\experiments\20260518_tiled1024_safe_no_ok_position_policy_top3_shorttrain\policies\diag_policy_002\dataset_builder\final_dataset\images\val\105acebc-2025-05-09-18-24-19ps5_tile_0013.jpg: 1024x1024 1 OK3, 16.0ms
image 8/677 E:\TJGY\MinPaper\MyAutoAugument\outputs\experiments\20260518_tiled1024_safe_no_ok_position_policy_top3_shorttrain\policies\diag_policy_002\dataset_builder\final_dataset\images\val\105acebc-2025-05-09-18-24-19ps5_tile_0014.jpg: 1024x1024 (no detections), 15.8ms
image 9/677 E:\TJGY\MinPaper\MyAutoAugument\outputs\experiments\20260518_tiled1024_safe_no_ok_position_policy_top3_shorttrain\policies\diag_policy_002\dataset_builder\final_dataset\images\val\13d91ebd-2025-04-13-11-32-17ps5_tile_0001.jpg: 1024x1024 3 s, 16.4ms
image 10/677 E:\TJGY\MinPaper\MyAutoAugument\outputs\experiments\20260518_tiled1024_safe_no_ok_position_policy_top3_shorttrain\policies\diag_policy_002\dataset_builder\final_dataset\images\val\13d91ebd-2025-04-13-11-32-17ps5_tile_0002.jpg: 1024x1024 1 , 16.9ms
image 11/677 E:\TJGY\MinPaper\MyAutoAugument\outputs\experiments\20260518_tiled1024_safe_no_ok_position_policy_top3_shorttrain\policies\diag_policy_002\dataset_builder\final_dataset\images\val\13d91ebd-2025-04-13-11-32-17ps5_tile_0005.jpg: 1024x1024 (no detections), 14.9ms
image 12/677 E:\TJGY\MinPaper\MyAutoAugument\outputs\experiments\20260518_tiled1024_safe_no_ok_position_policy_top3_shorttrain\policies\diag_policy_002\dataset_builder\final_dataset\images\val\13d91ebd-2025-04-13-11-32-17ps5_tile_0007.jpg: 1024x1024 1 OK3, 1 , 3 s, 14.5ms
image 13/677 E:\TJGY\MinPaper\MyAutoAugument\outputs\experiments\20260518_tiled1024_safe_no_ok_position_policy_top3_shorttrain\policies\diag_policy_002\dataset_builder\final_dataset\images\val\13d91ebd-2025-04-13-11-32-17ps5_tile_0008.jpg: 1024x1024 1 OK3, 15.6ms
image 14/677 E:\TJGY\MinPaper\MyAutoAugument\outputs\experiments\20260518_tiled1024_safe_no_ok_position_policy_top3_shorttrain\policies\diag_policy_002\dataset_builder\final_dataset\images\val\13d91ebd-2025-04-13-11-32-17ps5_tile_0010.jpg: 1024x1024 1 , 13.9ms
image 15/677 E:\TJGY\MinPaper\MyAutoAugument\outputs\experiments\20260518_tiled1024_safe_no_ok_position_policy_top3_shorttrain\policies\diag_policy_002\dataset_builder\final_dataset\images\val\13d91ebd-2025-04-13-11-32-17ps5_tile_0012.jpg: 1024x1024 1 OK3, 3 s, 13.1ms
image 16/677 E:\TJGY\MinPaper\MyAutoAugument\outputs\experiments\20260518_tiled1024_safe_no_ok_position_policy_top3_shorttrain\policies\diag_policy_002\dataset_builder\final_dataset\images\val\13d91ebd-2025-04-13-11-32-17ps5_tile_0013.jpg: 1024x1024 1 OK3, 13.7ms
image 17/677 E:\TJGY\MinPaper\MyAutoAugument\outputs\experiments\20260518_tiled1024_safe_no_ok_position_policy_top3_shorttrain\policies\diag_policy_002\dataset_builder\final_dataset\images\val\182e7d02-2025-04-22-16-40-10ps5_NGyuan_tile_0000.jpg: 1024x1024 1 , 12.3ms
image 18/677 E:\TJGY\MinPaper\MyAutoAugument\outputs\experiments\20260518_tiled1024_safe_no_ok_position_policy_top3_shorttrain\policies\diag_policy_002\dataset_builder\final_dataset\images\val\182e7d02-2025-04-22-16-40-10ps5_NGyuan_tile_0001.jpg: 1024x1024 1 , 3 s, 17.4ms
image 19/677 E:\TJGY\MinPaper\MyAutoAugument\outputs\experiments\20260518_tiled1024_safe_no_ok_position_policy_top3_shorttrain\policies\diag_policy_002\dataset_builder\final_dataset\images\val\182e7d02-2025-04-22-16-40-10ps5_NGyuan_tile_0006.jpg: 1024x1024 (no detections), 21.3ms
image 20/677 E:\TJGY\MinPaper\MyAutoAugument\outputs\experiments\20260518_tiled1024_safe_no_ok_position_policy_top3_shorttrain\policies\diag_policy_002\dataset_builder\final_dataset\images\val\182e7d02-2025-04-22-16-40-10ps5_NGyuan_tile_0007.jpg: 1024x1024 1 OK3, 13.4ms
image 21/677 E:\TJGY\MinPaper\MyAutoAugument\outputs\experiments\20260518_tiled1024_safe_no_ok_position_policy_top3_shorttrain\policies\diag_policy_002\dataset_builder\final_dataset\images\val\182e7d02-2025-04-22-16-40-10ps5_NGyuan_tile_0012.jpg: 1024x1024 1 OK3, 1 , 14.8ms
image 22/677 E:\TJGY\MinPaper\MyAutoAugument\outputs\experiments\20260518_tiled1024_safe_no_ok_position_policy_top3_shorttrain\policies\diag_policy_002\dataset_builder\final_dataset\images\val\2025-05-10-15-39-23ps5_tile_0000.jpg: 1024x1024 (no detections), 12.4ms
image 23/677 E:\TJGY\MinPaper\MyAutoAugument\outputs\experiments\20260518_tiled1024_safe_no_ok_position_policy_top3_shorttrain\policies\diag_policy_002\dataset_builder\final_dataset\images\val\2025-05-10-15-39-23ps5_tile_0006.jpg: 1024x1024 1 , 16.9ms
image 24/677 E:\TJGY\MinPaper\MyAutoAugument\outputs\experiments\20260518_tiled1024_safe_no_ok_position_policy_top3_shorttrain\policies\diag_policy_002\dataset_builder\final_dataset\images\val\2025-05-10-15-39-23ps5_tile_0007.jpg: 1024x1024 1 , 1 , 1 , 12.6ms
image 25/677 E:\TJGY\MinPaper\MyAutoAugument\outputs\experiments\20260518_tiled1024_safe_no_ok_position_policy_top3_shorttrain\policies\diag_policy_002\dataset_builder\final_dataset\images\val\2025-05-10-15-39-23ps5_tile_0008.jpg: 1024x1024 1 OK3, 14.9ms
image 26/677 E:\TJGY\MinPaper\MyAutoAugument\outputs\experiments\20260518_tiled1024_safe_no_ok_position_policy_top3_shorttrain\policies\diag_policy_002\dataset_builder\final_dataset\images\val\2025-05-10-15-39-23ps5_tile_0011.jpg: 1024x1024 1 , 16.3ms
image 27/677 E:\TJGY\MinPaper\MyAutoAugument\outputs\experiments\20260518_tiled1024_safe_no_ok_position_policy_top3_shorttrain\policies\diag_policy_002\dataset_builder\final_dataset\images\val\2025-05-10-15-39-23ps5_tile_0012.jpg: 1024x1024 1 , 1 , 12.7ms
image 28/677 E:\TJGY\MinPaper\MyAutoAugument\outputs\experiments\20260518_tiled1024_safe_no_ok_position_policy_top3_shorttrain\policies\diag_policy_002\dataset_builder\final_dataset\images\val\2025-05-10-15-39-23ps5_tile_0013.jpg: 1024x1024 1 OK3, 12.3ms
image 29/677 E:\TJGY\MinPaper\MyAutoAugument\outputs\experiments\20260518_tiled1024_safe_no_ok_position_policy_top3_shorttrain\policies\diag_policy_002\dataset_builder\final_dataset\images\val\2025-05-10-15-40-40ps5_tile_0001.jpg: 1024x1024 (no detections), 12.7ms
image 30/677 E:\TJGY\MinPaper\MyAutoAugument\outputs\experiments\20260518_tiled1024_safe_no_ok_position_policy_top3_shorttrain\policies\diag_policy_002\dataset_builder\final_dataset\images\val\2025-05-10-15-40-40ps5_tile_0002.jpg: 1024x1024 1 , 12.9ms
image 31/677 E:\TJGY\MinPaper\MyAutoAugument\outputs\experiments\20260518_tiled1024_safe_no_ok_position_policy_top3_shorttrain\policies\diag_policy_002\dataset_builder\final_dataset\images\val\2025-05-10-15-40-40ps5_tile_0005.jpg: 1024x1024 (no detections), 12.7ms
image 32/677 E:\TJGY\MinPaper\MyAutoAugument\outputs\experiments\20260518_tiled1024_safe_no_ok_position_policy_top3_shorttrain\policies\diag_policy_002\dataset_builder\final_dataset\images\val\2025-05-10-15-40-40ps5_tile_0006.jpg: 1024x1024 (no detections), 12.9ms
image 33/677 E:\TJGY\MinPaper\MyAutoAugument\outputs\experiments\20260518_tiled1024_safe_no_ok_position_policy_top3_shorttrain\policies\diag_policy_002\dataset_builder\final_dataset\images\val\2025-05-10-15-40-40ps5_tile_0007.jpg: 1024x1024 1 , 12.7ms
image 34/677 E:\TJGY\MinPaper\MyAutoAugument\outputs\experiments\20260518_tiled1024_safe_no_ok_position_policy_top3_shorttrain\policies\diag_policy_002\dataset_builder\final_dataset\images\val\2025-05-10-15-40-40ps5_tile_0008.jpg: 1024x1024 1 OK3, 16.8ms
image 35/677 E:\TJGY\MinPaper\MyAutoAugument\outputs\experiments\20260518_tiled1024_safe_no_ok_position_policy_top3_shorttrain\policies\diag_policy_002\dataset_builder\final_dataset\images\val\2025-05-10-15-40-40ps5_tile_0010.jpg: 1024x1024 (no detections), 17.6ms
image 36/677 E:\TJGY\MinPaper\MyAutoAugument\outputs\experiments\20260518_tiled1024_safe_no_ok_position_policy_top3_shorttrain\policies\diag_policy_002\dataset_builder\final_dataset\images\val\2025-05-10-15-40-40ps5_tile_0011.jpg: 1024x1024 (no detections), 17.6ms
image 37/677 E:\TJGY\MinPaper\MyAutoAugument\outputs\experiments\20260518_tiled1024_safe_no_ok_position_policy_top3_shorttrain\policies\diag_policy_002\dataset_builder\final_dataset\images\val\2025-05-10-15-40-40ps5_tile_0012.jpg: 1024x1024 (no detections), 14.2ms
image 38/677 E:\TJGY\MinPaper\MyAutoAugument\outputs\experiments\20260518_tiled1024_safe_no_ok_position_policy_top3_shorttrain\policies\diag_policy_002\dataset_builder\final_dataset\images\val\2025-05-10-15-40-40ps5_tile_0013.jpg: 1024x1024 1 OK3, 1 , 14.2ms
image 39/677 E:\TJGY\MinPaper\MyAutoAugument\outputs\experiments\20260518_tiled1024_safe_no_ok_position_policy_top3_shorttrain\policies\diag_policy_002\dataset_builder\final_dataset\images\val\2025-05-16-16-13-18ps5_tile_0006.jpg: 1024x1024 1 , 1 , 14.9ms
image 40/677 E:\TJGY\MinPaper\MyAutoAugument\outputs\experiments\20260518_tiled1024_safe_no_ok_position_policy_top3_shorttrain\policies\diag_policy_002\dataset_builder\final_dataset\images\val\2025-05-16-16-13-18ps5_tile_0007.jpg: 1024x1024 (no detections), 13.5ms
image 41/677 E:\TJGY\MinPaper\MyAutoAugument\outputs\experiments\20260518_tiled1024_safe_no_ok_position_policy_top3_shorttrain\policies\diag_policy_002\dataset_builder\final_dataset\images\val\2025-05-16-16-13-18ps5_tile_0008.jpg: 1024x1024 1 OK3, 23.2ms
image 42/677 E:\TJGY\MinPaper\MyAutoAugument\outputs\experiments\20260518_tiled1024_safe_no_ok_position_policy_top3_shorttrain\policies\diag_policy_002\dataset_builder\final_dataset\images\val\2025-05-16-16-13-18ps5_tile_0009.jpg: 1024x1024 1 OK3, 18.2ms
image 43/677 E:\TJGY\MinPaper\MyAutoAugument\outputs\experiments\20260518_tiled1024_safe_no_ok_position_policy_top3_shorttrain\policies\diag_policy_002\dataset_builder\final_dataset\images\val\2025-05-16-16-13-18ps5_tile_0011.jpg: 1024x1024 1 , 1 , 16.9ms
image 44/677 E:\TJGY\MinPaper\MyAutoAugument\outputs\experiments\20260518_tiled1024_safe_no_ok_position_policy_top3_shorttrain\policies\diag_policy_002\dataset_builder\final_dataset\images\val\2025-05-16-16-13-18ps5_tile_0012.jpg: 1024x1024 (no detections), 17.5ms
image 45/677 E:\TJGY\MinPaper\MyAutoAugument\outputs\experiments\20260518_tiled1024_safe_no_ok_position_policy_top3_shorttrain\policies\diag_policy_002\dataset_builder\final_dataset\images\val\2025-05-16-16-13-18ps5_tile_0013.jpg: 1024x1024 1 OK3, 21.1ms
image 46/677 E:\TJGY\MinPaper\MyAutoAugument\outputs\experiments\20260518_tiled1024_safe_no_ok_position_policy_top3_shorttrain\policies\diag_policy_002\dataset_builder\final_dataset\images\val\2025-05-16-16-13-18ps5_tile_0014.jpg: 1024x1024 1 OK3, 22.0ms
image 47/677 E:\TJGY\MinPaper\MyAutoAugument\outputs\experiments\20260518_tiled1024_safe_no_ok_position_policy_top3_shorttrain\policies\diag_policy_002\dataset_builder\final_dataset\images\val\2025-05-16-16-16-55ps5_tile_0001.jpg: 1024x1024 1 , 16.2ms
image 48/677 E:\TJGY\MinPaper\MyAutoAugument\outputs\experiments\20260518_tiled1024_safe_no_ok_position_policy_top3_shorttrain\policies\diag_policy_002\dataset_builder\final_dataset\images\val\2025-05-16-16-16-55ps5_tile_0008.jpg: 1024x1024 1 OK3, 1 , 19.8ms
image 49/677 E:\TJGY\MinPaper\MyAutoAugument\outputs\experiments\20260518_tiled1024_safe_no_ok_position_policy_top3_shorttrain\policies\diag_policy_002\dataset_builder\final_dataset\images\val\2025-05-16-16-16-55ps5_tile_0009.jpg: 1024x1024 1 OK3, 1 , 17.8ms
image 50/677 E:\TJGY\MinPaper\MyAutoAugument\outputs\experiments\20260518_tiled1024_safe_no_ok_position_policy_top3_shorttrain\policies\diag_policy_002\dataset_builder\final_dataset\images\val\2025-05-16-16-16-55ps5_tile_0013.jpg: 1024x1024 1 OK3, 1 , 17.5ms
image 51/677 E:\TJGY\MinPaper\MyAutoAugument\outputs\experiments\20260518_tiled1024_safe_no_ok_position_policy_top3_shorttrain\policies\diag_policy_002\dataset_builder\final_dataset\images\val\2025-05-16-16-16-55ps5_tile_0014.jpg: 1024x1024 1 OK3, 1 , 14.9ms
image 52/677 E:\TJGY\MinPaper\MyAutoAugument\outputs\experiments\20260518_tiled1024_safe_no_ok_position_policy_top3_shorttrain\policies\diag_policy_002\dataset_builder\final_dataset\images\val\2025-05-16-16-19-14ps5_tile_0001.jpg: 1024x1024 1 , 13.9ms
image 53/677 E:\TJGY\MinPaper\MyAutoAugument\outputs\experiments\20260518_tiled1024_safe_no_ok_position_policy_top3_shorttrain\policies\diag_policy_002\dataset_builder\final_dataset\images\val\2025-05-16-16-19-14ps5_tile_0007.jpg: 1024x1024 1 , 13.8ms
image 54/677 E:\TJGY\MinPaper\MyAutoAugument\outputs\experiments\20260518_tiled1024_safe_no_ok_position_policy_top3_shorttrain\policies\diag_policy_002\dataset_builder\final_dataset\images\val\2025-05-16-16-19-14ps5_tile_0008.jpg: 1024x1024 1 OK3, 1 , 13.1ms
image 55/677 E:\TJGY\MinPaper\MyAutoAugument\outputs\experiments\20260518_tiled1024_safe_no_ok_position_policy_top3_shorttrain\policies\diag_policy_002\dataset_builder\final_dataset\images\val\2025-05-16-16-19-14ps5_tile_0009.jpg: 1024x1024 1 OK3, 1 , 12.2ms
image 56/677 E:\TJGY\MinPaper\MyAutoAugument\outputs\experiments\20260518_tiled1024_safe_no_ok_position_policy_top3_shorttrain\policies\diag_policy_002\dataset_builder\final_dataset\images\val\2025-05-16-16-19-14ps5_tile_0012.jpg: 1024x1024 1 , 13.2ms
image 57/677 E:\TJGY\MinPaper\MyAutoAugument\outputs\experiments\20260518_tiled1024_safe_no_ok_position_policy_top3_shorttrain\policies\diag_policy_002\dataset_builder\final_dataset\images\val\2025-05-16-16-19-14ps5_tile_0013.jpg: 1024x1024 1 OK3, 1 , 16.5ms
image 58/677 E:\TJGY\MinPaper\MyAutoAugument\outputs\experiments\20260518_tiled1024_safe_no_ok_position_policy_top3_shorttrain\policies\diag_policy_002\dataset_builder\final_dataset\images\val\2025-05-16-16-19-14ps5_tile_0014.jpg: 1024x1024 1 OK3, 1 , 14.8ms
image 59/677 E:\TJGY\MinPaper\MyAutoAugument\outputs\experiments\20260518_tiled1024_safe_no_ok_position_policy_top3_shorttrain\policies\diag_policy_002\dataset_builder\final_dataset\images\val\2025-05-16-16-24-29ps5_tile_0003.jpg: 1024x1024 (no detections), 12.1ms
image 60/677 E:\TJGY\MinPaper\MyAutoAugument\outputs\experiments\20260518_tiled1024_safe_no_ok_position_policy_top3_shorttrain\policies\diag_policy_002\dataset_builder\final_dataset\images\val\2025-05-16-16-24-29ps5_tile_0006.jpg: 1024x1024 1 , 14.7ms
image 61/677 E:\TJGY\MinPaper\MyAutoAugument\outputs\experiments\20260518_tiled1024_safe_no_ok_position_policy_top3_shorttrain\policies\diag_policy_002\dataset_builder\final_dataset\images\val\2025-05-16-16-24-29ps5_tile_0008.jpg: 1024x1024 1 OK3, 15.3ms
image 62/677 E:\TJGY\MinPaper\MyAutoAugument\outputs\experiments\20260518_tiled1024_safe_no_ok_position_policy_top3_shorttrain\policies\diag_policy_002\dataset_builder\final_dataset\images\val\2025-05-16-16-24-29ps5_tile_0009.jpg: 1024x1024 1 OK3, 15.6ms
image 63/677 E:\TJGY\MinPaper\MyAutoAugument\outputs\experiments\20260518_tiled1024_safe_no_ok_position_policy_top3_shorttrain\policies\diag_policy_002\dataset_builder\final_dataset\images\val\2025-05-16-16-24-29ps5_tile_0011.jpg: 1024x1024 1 , 16.9ms
image 64/677 E:\TJGY\MinPaper\MyAutoAugument\outputs\experiments\20260518_tiled1024_safe_no_ok_position_policy_top3_shorttrain\policies\diag_policy_002\dataset_builder\final_dataset\images\val\2025-05-16-16-24-29ps5_tile_0013.jpg: 1024x1024 1 OK3, 18.6ms
image 65/677 E:\TJGY\MinPaper\MyAutoAugument\outputs\experiments\20260518_tiled1024_safe_no_ok_position_policy_top3_shorttrain\policies\diag_policy_002\dataset_builder\final_dataset\images\val\2025-05-16-16-24-29ps5_tile_0014.jpg: 1024x1024 1 OK3, 12.6ms
image 66/677 E:\TJGY\MinPaper\MyAutoAugument\outputs\experiments\20260518_tiled1024_safe_no_ok_position_policy_top3_shorttrain\policies\diag_policy_002\dataset_builder\final_dataset\images\val\2025-05-16-16-24-46ps5_tile_0000.jpg: 1024x1024 1 , 12.8ms
image 67/677 E:\TJGY\MinPaper\MyAutoAugument\outputs\experiments\20260518_tiled1024_safe_no_ok_position_policy_top3_shorttrain\policies\diag_policy_002\dataset_builder\final_dataset\images\val\2025-05-16-16-24-46ps5_tile_0002.jpg: 1024x1024 2 s, 12.0ms
image 68/677 E:\TJGY\MinPaper\MyAutoAugument\outputs\experiments\20260518_tiled1024_safe_no_ok_position_policy_top3_shorttrain\policies\diag_policy_002\dataset_builder\final_dataset\images\val\2025-05-16-16-24-46ps5_tile_0005.jpg: 1024x1024 1 , 21.6ms
image 69/677 E:\TJGY\MinPaper\MyAutoAugument\outputs\experiments\20260518_tiled1024_safe_no_ok_position_policy_top3_shorttrain\policies\diag_policy_002\dataset_builder\final_dataset\images\val\2025-05-16-16-24-46ps5_tile_0006.jpg: 1024x1024 2 s, 14.7ms
image 70/677 E:\TJGY\MinPaper\MyAutoAugument\outputs\experiments\20260518_tiled1024_safe_no_ok_position_policy_top3_shorttrain\policies\diag_policy_002\dataset_builder\final_dataset\images\val\2025-05-16-16-24-46ps5_tile_0008.jpg: 1024x1024 1 OK3, 15.8ms
image 71/677 E:\TJGY\MinPaper\MyAutoAugument\outputs\experiments\20260518_tiled1024_safe_no_ok_position_policy_top3_shorttrain\policies\diag_policy_002\dataset_builder\final_dataset\images\val\2025-05-16-16-24-46ps5_tile_0009.jpg: 1024x1024 1 OK3, 13.4ms
image 72/677 E:\TJGY\MinPaper\MyAutoAugument\outputs\experiments\20260518_tiled1024_safe_no_ok_position_policy_top3_shorttrain\policies\diag_policy_002\dataset_builder\final_dataset\images\val\2025-05-16-16-24-46ps5_tile_0010.jpg: 1024x1024 2 s, 13.4ms
image 73/677 E:\TJGY\MinPaper\MyAutoAugument\outputs\experiments\20260518_tiled1024_safe_no_ok_position_policy_top3_shorttrain\policies\diag_policy_002\dataset_builder\final_dataset\images\val\2025-05-16-16-24-46ps5_tile_0011.jpg: 1024x1024 2 s, 15.6ms
image 74/677 E:\TJGY\MinPaper\MyAutoAugument\outputs\experiments\20260518_tiled1024_safe_no_ok_position_policy_top3_shorttrain\policies\diag_policy_002\dataset_builder\final_dataset\images\val\2025-05-16-16-24-46ps5_tile_0013.jpg: 1024x1024 1 OK3, 17.4ms
image 75/677 E:\TJGY\MinPaper\MyAutoAugument\outputs\experiments\20260518_tiled1024_safe_no_ok_position_policy_top3_shorttrain\policies\diag_policy_002\dataset_builder\final_dataset\images\val\2025-05-16-16-24-46ps5_tile_0014.jpg: 1024x1024 1 OK3, 14.1ms
image 76/677 E:\TJGY\MinPaper\MyAutoAugument\outputs\experiments\20260518_tiled1024_safe_no_ok_position_policy_top3_shorttrain\policies\diag_policy_002\dataset_builder\final_dataset\images\val\2025-05-16-16-24-54ps5_tile_0007.jpg: 1024x1024 1 OK3, 1 , 14.4ms
image 77/677 E:\TJGY\MinPaper\MyAutoAugument\outputs\experiments\20260518_tiled1024_safe_no_ok_position_policy_top3_shorttrain\policies\diag_policy_002\dataset_builder\final_dataset\images\val\2025-05-16-16-24-54ps5_tile_0008.jpg: 1024x1024 1 OK3, 15.5ms
image 78/677 E:\TJGY\MinPaper\MyAutoAugument\outputs\experiments\20260518_tiled1024_safe_no_ok_position_policy_top3_shorttrain\policies\diag_policy_002\dataset_builder\final_dataset\images\val\2025-05-16-16-24-54ps5_tile_0012.jpg: 1024x1024 1 OK3, 1 , 14.7ms
image 79/677 E:\TJGY\MinPaper\MyAutoAugument\outputs\experiments\20260518_tiled1024_safe_no_ok_position_policy_top3_shorttrain\policies\diag_policy_002\dataset_builder\final_dataset\images\val\2025-05-16-16-24-54ps5_tile_0013.jpg: 1024x1024 1 OK3, 15.6ms
image 80/677 E:\TJGY\MinPaper\MyAutoAugument\outputs\experiments\20260518_tiled1024_safe_no_ok_position_policy_top3_shorttrain\policies\diag_policy_002\dataset_builder\final_dataset\images\val\2025-05-16-17-11-45ps5_tile_0000.jpg: 1024x1024 1 , 16.5ms
image 81/677 E:\TJGY\MinPaper\MyAutoAugument\outputs\experiments\20260518_tiled1024_safe_no_ok_position_policy_top3_shorttrain\policies\diag_policy_002\dataset_builder\final_dataset\images\val\2025-05-16-17-11-45ps5_tile_0002.jpg: 1024x1024 1 , 1 , 15.9ms
image 82/677 E:\TJGY\MinPaper\MyAutoAugument\outputs\experiments\20260518_tiled1024_safe_no_ok_position_policy_top3_shorttrain\policies\diag_policy_002\dataset_builder\final_dataset\images\val\2025-05-16-17-11-45ps5_tile_0005.jpg: 1024x1024 1 , 15.1ms
image 83/677 E:\TJGY\MinPaper\MyAutoAugument\outputs\experiments\20260518_tiled1024_safe_no_ok_position_policy_top3_shorttrain\policies\diag_policy_002\dataset_builder\final_dataset\images\val\2025-05-16-17-11-45ps5_tile_0006.jpg: 1024x1024 1 , 2 s, 17.6ms
image 84/677 E:\TJGY\MinPaper\MyAutoAugument\outputs\experiments\20260518_tiled1024_safe_no_ok_position_policy_top3_shorttrain\policies\diag_policy_002\dataset_builder\final_dataset\images\val\2025-05-16-17-11-45ps5_tile_0007.jpg: 1024x1024 1 , 3 s, 16.1ms
image 85/677 E:\TJGY\MinPaper\MyAutoAugument\outputs\experiments\20260518_tiled1024_safe_no_ok_position_policy_top3_shorttrain\policies\diag_policy_002\dataset_builder\final_dataset\images\val\2025-05-16-17-11-45ps5_tile_0008.jpg: 1024x1024 1 OK3, 15.6ms
image 86/677 E:\TJGY\MinPaper\MyAutoAugument\outputs\experiments\20260518_tiled1024_safe_no_ok_position_policy_top3_shorttrain\policies\diag_policy_002\dataset_builder\final_dataset\images\val\2025-05-16-17-11-45ps5_tile_0009.jpg: 1024x1024 1 OK3, 17.8ms
image 87/677 E:\TJGY\MinPaper\MyAutoAugument\outputs\experiments\20260518_tiled1024_safe_no_ok_position_policy_top3_shorttrain\policies\diag_policy_002\dataset_builder\final_dataset\images\val\2025-05-16-17-11-45ps5_tile_0011.jpg: 1024x1024 1 , 4 s, 17.3ms
image 88/677 E:\TJGY\MinPaper\MyAutoAugument\outputs\experiments\20260518_tiled1024_safe_no_ok_position_policy_top3_shorttrain\policies\diag_policy_002\dataset_builder\final_dataset\images\val\2025-05-16-17-11-45ps5_tile_0012.jpg: 1024x1024 2 s, 1 , 17.6ms
image 89/677 E:\TJGY\MinPaper\MyAutoAugument\outputs\experiments\20260518_tiled1024_safe_no_ok_position_policy_top3_shorttrain\policies\diag_policy_002\dataset_builder\final_dataset\images\val\2025-05-16-17-11-45ps5_tile_0013.jpg: 1024x1024 1 OK3, 17.7ms
image 90/677 E:\TJGY\MinPaper\MyAutoAugument\outputs\experiments\20260518_tiled1024_safe_no_ok_position_policy_top3_shorttrain\policies\diag_policy_002\dataset_builder\final_dataset\images\val\2025-05-16-17-11-45ps5_tile_0014.jpg: 1024x1024 1 OK3, 17.4ms
image 91/677 E:\TJGY\MinPaper\MyAutoAugument\outputs\experiments\20260518_tiled1024_safe_no_ok_position_policy_top3_shorttrain\policies\diag_policy_002\dataset_builder\final_dataset\images\val\2025-05-19-17-19-55ps5_NGyuan_tile_0003.jpg: 1024x1024 1 , 17.7ms
image 92/677 E:\TJGY\MinPaper\MyAutoAugument\outputs\experiments\20260518_tiled1024_safe_no_ok_position_policy_top3_shorttrain\policies\diag_policy_002\dataset_builder\final_dataset\images\val\2025-05-19-17-19-55ps5_NGyuan_tile_0004.jpg: 1024x1024 1 , 20.7ms
image 93/677 E:\TJGY\MinPaper\MyAutoAugument\outputs\experiments\20260518_tiled1024_safe_no_ok_position_policy_top3_shorttrain\policies\diag_policy_002\dataset_builder\final_dataset\images\val\2025-05-19-17-19-55ps5_NGyuan_tile_0007.jpg: 1024x1024 1 OK3, 1 , 17.3ms
image 94/677 E:\TJGY\MinPaper\MyAutoAugument\outputs\experiments\20260518_tiled1024_safe_no_ok_position_policy_top3_shorttrain\policies\diag_policy_002\dataset_builder\final_dataset\images\val\2025-05-19-17-19-55ps5_NGyuan_tile_0008.jpg: 1024x1024 1 OK3, 17.2ms
image 95/677 E:\TJGY\MinPaper\MyAutoAugument\outputs\experiments\20260518_tiled1024_safe_no_ok_position_policy_top3_shorttrain\policies\diag_policy_002\dataset_builder\final_dataset\images\val\2025-05-19-17-19-55ps5_NGyuan_tile_0009.jpg: 1024x1024 1 , 17.3ms
image 96/677 E:\TJGY\MinPaper\MyAutoAugument\outputs\experiments\20260518_tiled1024_safe_no_ok_position_policy_top3_shorttrain\policies\diag_policy_002\dataset_builder\final_dataset\images\val\2025-05-19-17-19-55ps5_NGyuan_tile_0012.jpg: 1024x1024 1 OK3, 1 , 1 , 1 , 17.8ms
image 97/677 E:\TJGY\MinPaper\MyAutoAugument\outputs\experiments\20260518_tiled1024_safe_no_ok_position_policy_top3_shorttrain\policies\diag_policy_002\dataset_builder\final_dataset\images\val\2025-05-19-17-19-55ps5_NGyuan_tile_0013.jpg: 1024x1024 1 OK3, 1 , 1 , 17.8ms
image 98/677 E:\TJGY\MinPaper\MyAutoAugument\outputs\experiments\20260518_tiled1024_safe_no_ok_position_policy_top3_shorttrain\policies\diag_policy_002\dataset_builder\final_dataset\images\val\2025-05-19-17-19-55ps5_NGyuan_tile_0014.jpg: 1024x1024 1 , 19.2ms
image 99/677 E:\TJGY\MinPaper\MyAutoAugument\outputs\experiments\20260518_tiled1024_safe_no_ok_position_policy_top3_shorttrain\policies\diag_policy_002\dataset_builder\final_dataset\images\val\2025-05-25-09-48-32ps5_NGyuan_tile_0002.jpg: 1024x1024 1 , 18.7ms
image 100/677 E:\TJGY\MinPaper\MyAutoAugument\outputs\experiments\20260518_tiled1024_safe_no_ok_position_policy_top3_shorttrain\policies\diag_policy_002\dataset_builder\final_dataset\images\val\2025-05-25-09-48-32ps5_NGyuan_tile_0003.jpg: 1024x1024 1 , 19.3ms
image 101/677 E:\TJGY\MinPaper\MyAutoAugument\outputs\experiments\20260518_tiled1024_safe_no_ok_position_policy_top3_shorttrain\policies\diag_policy_002\dataset_builder\final_dataset\images\val\2025-05-25-09-48-32ps5_NGyuan_tile_0004.jpg: 1024x1024 1 , 19.3ms
image 102/677 E:\TJGY\MinPaper\MyAutoAugument\outputs\experiments\20260518_tiled1024_safe_no_ok_position_policy_top3_shorttrain\policies\diag_policy_002\dataset_builder\final_dataset\images\val\2025-05-25-09-48-32ps5_NGyuan_tile_0007.jpg: 1024x1024 1 OK3, 2 s, 21.7ms
image 103/677 E:\TJGY\MinPaper\MyAutoAugument\outputs\experiments\20260518_tiled1024_safe_no_ok_position_policy_top3_shorttrain\policies\diag_policy_002\dataset_builder\final_dataset\images\val\2025-05-25-09-48-32ps5_NGyuan_tile_0012.jpg: 1024x1024 1 OK3, 2 s, 20.4ms
image 104/677 E:\TJGY\MinPaper\MyAutoAugument\outputs\experiments\20260518_tiled1024_safe_no_ok_position_policy_top3_shorttrain\policies\diag_policy_002\dataset_builder\final_dataset\images\val\2025-05-25-12-13-55ps5_NGyuan_tile_0004.jpg: 1024x1024 (no detections), 19.9ms
image 105/677 E:\TJGY\MinPaper\MyAutoAugument\outputs\experiments\20260518_tiled1024_safe_no_ok_position_policy_top3_shorttrain\policies\diag_policy_002\dataset_builder\final_dataset\images\val\2025-05-25-12-13-55ps5_NGyuan_tile_0007.jpg: 1024x1024 1 OK3, 2 s, 19.8ms
image 106/677 E:\TJGY\MinPaper\MyAutoAugument\outputs\experiments\20260518_tiled1024_safe_no_ok_position_policy_top3_shorttrain\policies\diag_policy_002\dataset_builder\final_dataset\images\val\2025-05-25-12-13-55ps5_NGyuan_tile_0010.jpg: 1024x1024 (no detections), 19.8ms
image 107/677 E:\TJGY\MinPaper\MyAutoAugument\outputs\experiments\20260518_tiled1024_safe_no_ok_position_policy_top3_shorttrain\policies\diag_policy_002\dataset_builder\final_dataset\images\val\2025-05-25-12-13-55ps5_NGyuan_tile_0012.jpg: 1024x1024 1 OK3, 3 s, 19.7ms
image 108/677 E:\TJGY\MinPaper\MyAutoAugument\outputs\experiments\20260518_tiled1024_safe_no_ok_position_policy_top3_shorttrain\policies\diag_policy_002\dataset_builder\final_dataset\images\val\2025-05-26-05-51-46ps5_NGyuan_tile_0002.jpg: 1024x1024 1 , 20.1ms
image 109/677 E:\TJGY\MinPaper\MyAutoAugument\outputs\experiments\20260518_tiled1024_safe_no_ok_position_policy_top3_shorttrain\policies\diag_policy_002\dataset_builder\final_dataset\images\val\2025-05-26-05-51-46ps5_NGyuan_tile_0005.jpg: 1024x1024 (no detections), 20.1ms
image 110/677 E:\TJGY\MinPaper\MyAutoAugument\outputs\experiments\20260518_tiled1024_safe_no_ok_position_policy_top3_shorttrain\policies\diag_policy_002\dataset_builder\final_dataset\images\val\2025-05-26-05-51-46ps5_NGyuan_tile_0008.jpg: 1024x1024 1 OK3, 21.6ms
image 111/677 E:\TJGY\MinPaper\MyAutoAugument\outputs\experiments\20260518_tiled1024_safe_no_ok_position_policy_top3_shorttrain\policies\diag_policy_002\dataset_builder\final_dataset\images\val\2025-05-26-05-51-46ps5_NGyuan_tile_0011.jpg: 1024x1024 (no detections), 21.6ms
image 112/677 E:\TJGY\MinPaper\MyAutoAugument\outputs\experiments\20260518_tiled1024_safe_no_ok_position_policy_top3_shorttrain\policies\diag_policy_002\dataset_builder\final_dataset\images\val\2025-05-26-05-51-46ps5_NGyuan_tile_0013.jpg: 1024x1024 1 OK3, 21.6ms
image 113/677 E:\TJGY\MinPaper\MyAutoAugument\outputs\experiments\20260518_tiled1024_safe_no_ok_position_policy_top3_shorttrain\policies\diag_policy_002\dataset_builder\final_dataset\images\val\2025-05-26-06-14-31ps5_NGyuan_tile_0007.jpg: 1024x1024 1 OK3, 21.7ms
image 114/677 E:\TJGY\MinPaper\MyAutoAugument\outputs\experiments\20260518_tiled1024_safe_no_ok_position_policy_top3_shorttrain\policies\diag_policy_002\dataset_builder\final_dataset\images\val\2025-05-26-06-14-31ps5_NGyuan_tile_0012.jpg: 1024x1024 1 OK3, 24.1ms
image 115/677 E:\TJGY\MinPaper\MyAutoAugument\outputs\experiments\20260518_tiled1024_safe_no_ok_position_policy_top3_shorttrain\policies\diag_policy_002\dataset_builder\final_dataset\images\val\2025-05-26-06-26-47ps5_NGyuan_tile_0002.jpg: 1024x1024 (no detections), 22.4ms
image 116/677 E:\TJGY\MinPaper\MyAutoAugument\outputs\experiments\20260518_tiled1024_safe_no_ok_position_policy_top3_shorttrain\policies\diag_policy_002\dataset_builder\final_dataset\images\val\2025-05-26-06-26-47ps5_NGyuan_tile_0003.jpg: 1024x1024 (no detections), 22.3ms
image 117/677 E:\TJGY\MinPaper\MyAutoAugument\outputs\experiments\20260518_tiled1024_safe_no_ok_position_policy_top3_shorttrain\policies\diag_policy_002\dataset_builder\final_dataset\images\val\2025-05-26-06-26-47ps5_NGyuan_tile_0005.jpg: 1024x1024 (no detections), 21.5ms
image 118/677 E:\TJGY\MinPaper\MyAutoAugument\outputs\experiments\20260518_tiled1024_safe_no_ok_position_policy_top3_shorttrain\policies\diag_policy_002\dataset_builder\final_dataset\images\val\2025-05-26-06-26-47ps5_NGyuan_tile_0007.jpg: 1024x1024 1 OK3, 1 , 26.9ms
image 119/677 E:\TJGY\MinPaper\MyAutoAugument\outputs\experiments\20260518_tiled1024_safe_no_ok_position_policy_top3_shorttrain\policies\diag_policy_002\dataset_builder\final_dataset\images\val\2025-05-26-06-26-47ps5_NGyuan_tile_0008.jpg: 1024x1024 (no detections), 21.9ms
image 120/677 E:\TJGY\MinPaper\MyAutoAugument\outputs\experiments\20260518_tiled1024_safe_no_ok_position_policy_top3_shorttrain\policies\diag_policy_002\dataset_builder\final_dataset\images\val\2025-05-26-06-26-47ps5_NGyuan_tile_0012.jpg: 1024x1024 1 OK3, 22.0ms
image 121/677 E:\TJGY\MinPaper\MyAutoAugument\outputs\experiments\20260518_tiled1024_safe_no_ok_position_policy_top3_shorttrain\policies\diag_policy_002\dataset_builder\final_dataset\images\val\2025-05-26-06-26-47ps5_NGyuan_tile_0013.jpg: 1024x1024 (no detections), 22.0ms
image 122/677 E:\TJGY\MinPaper\MyAutoAugument\outputs\experiments\20260518_tiled1024_safe_no_ok_position_policy_top3_shorttrain\policies\diag_policy_002\dataset_builder\final_dataset\images\val\2025-05-27-23-28-53ps5_NGyuan_tile_0002.jpg: 1024x1024 (no detections), 23.7ms
image 123/677 E:\TJGY\MinPaper\MyAutoAugument\outputs\experiments\20260518_tiled1024_safe_no_ok_position_policy_top3_shorttrain\policies\diag_policy_002\dataset_builder\final_dataset\images\val\2025-05-27-23-28-53ps5_NGyuan_tile_0003.jpg: 1024x1024 1 , 23.8ms
image 124/677 E:\TJGY\MinPaper\MyAutoAugument\outputs\experiments\20260518_tiled1024_safe_no_ok_position_policy_top3_shorttrain\policies\diag_policy_002\dataset_builder\final_dataset\images\val\2025-05-27-23-28-53ps5_NGyuan_tile_0004.jpg: 1024x1024 1 , 22.7ms
image 125/677 E:\TJGY\MinPaper\MyAutoAugument\outputs\experiments\20260518_tiled1024_safe_no_ok_position_policy_top3_shorttrain\policies\diag_policy_002\dataset_builder\final_dataset\images\val\2025-05-27-23-28-53ps5_NGyuan_tile_0005.jpg: 1024x1024 (no detections), 22.9ms
image 126/677 E:\TJGY\MinPaper\MyAutoAugument\outputs\experiments\20260518_tiled1024_safe_no_ok_position_policy_top3_shorttrain\policies\diag_policy_002\dataset_builder\final_dataset\images\val\2025-05-27-23-28-53ps5_NGyuan_tile_0007.jpg: 1024x1024 (no detections), 24.6ms
image 127/677 E:\TJGY\MinPaper\MyAutoAugument\outputs\experiments\20260518_tiled1024_safe_no_ok_position_policy_top3_shorttrain\policies\diag_policy_002\dataset_builder\final_dataset\images\val\2025-05-27-23-28-53ps5_NGyuan_tile_0008.jpg: 1024x1024 (no detections), 24.6ms
image 128/677 E:\TJGY\MinPaper\MyAutoAugument\outputs\experiments\20260518_tiled1024_safe_no_ok_position_policy_top3_shorttrain\policies\diag_policy_002\dataset_builder\final_dataset\images\val\2025-05-27-23-28-53ps5_NGyuan_tile_0012.jpg: 1024x1024 (no detections), 23.6ms
image 129/677 E:\TJGY\MinPaper\MyAutoAugument\outputs\experiments\20260518_tiled1024_safe_no_ok_position_policy_top3_shorttrain\policies\diag_policy_002\dataset_builder\final_dataset\images\val\2025-05-27-23-28-53ps5_NGyuan_tile_0013.jpg: 1024x1024 (no detections), 23.5ms
image 130/677 E:\TJGY\MinPaper\MyAutoAugument\outputs\experiments\20260518_tiled1024_safe_no_ok_position_policy_top3_shorttrain\policies\diag_policy_002\dataset_builder\final_dataset\images\val\2025-06-05-09-12-02ps5_NGyuan_tile_0002.jpg: 1024x1024 1 , 24.6ms
image 131/677 E:\TJGY\MinPaper\MyAutoAugument\outputs\experiments\20260518_tiled1024_safe_no_ok_position_policy_top3_shorttrain\policies\diag_policy_002\dataset_builder\final_dataset\images\val\2025-06-05-09-12-02ps5_NGyuan_tile_0007.jpg: 1024x1024 1 OK3, 1 , 24.7ms
image 132/677 E:\TJGY\MinPaper\MyAutoAugument\outputs\experiments\20260518_tiled1024_safe_no_ok_position_policy_top3_shorttrain\policies\diag_policy_002\dataset_builder\final_dataset\images\val\2025-06-05-09-12-02ps5_NGyuan_tile_0012.jpg: 1024x1024 1 OK3, 1 , 23.8ms
image 133/677 E:\TJGY\MinPaper\MyAutoAugument\outputs\experiments\20260518_tiled1024_safe_no_ok_position_policy_top3_shorttrain\policies\diag_policy_002\dataset_builder\final_dataset\images\val\2025-06-05-09-17-27ps5_NGyuan_tile_0002.jpg: 1024x1024 2 s, 23.7ms
image 134/677 E:\TJGY\MinPaper\MyAutoAugument\outputs\experiments\20260518_tiled1024_safe_no_ok_position_policy_top3_shorttrain\policies\diag_policy_002\dataset_builder\final_dataset\images\val\2025-06-05-09-17-27ps5_NGyuan_tile_0004.jpg: 1024x1024 (no detections), 23.8ms
image 135/677 E:\TJGY\MinPaper\MyAutoAugument\outputs\experiments\20260518_tiled1024_safe_no_ok_position_policy_top3_shorttrain\policies\diag_policy_002\dataset_builder\final_dataset\images\val\2025-06-05-09-17-27ps5_NGyuan_tile_0007.jpg: 1024x1024 1 OK3, 1 , 24.5ms
image 136/677 E:\TJGY\MinPaper\MyAutoAugument\outputs\experiments\20260518_tiled1024_safe_no_ok_position_policy_top3_shorttrain\policies\diag_policy_002\dataset_builder\final_dataset\images\val\2025-06-05-09-17-27ps5_NGyuan_tile_0012.jpg: 1024x1024 1 OK3, 1 , 25.6ms
image 137/677 E:\TJGY\MinPaper\MyAutoAugument\outputs\experiments\20260518_tiled1024_safe_no_ok_position_policy_top3_shorttrain\policies\diag_policy_002\dataset_builder\final_dataset\images\val\2025-06-05-09-20-03ps5_NGyuan_tile_0002.jpg: 1024x1024 1 , 25.7ms
image 138/677 E:\TJGY\MinPaper\MyAutoAugument\outputs\experiments\20260518_tiled1024_safe_no_ok_position_policy_top3_shorttrain\policies\diag_policy_002\dataset_builder\final_dataset\images\val\2025-06-05-09-20-03ps5_NGyuan_tile_0007.jpg: 1024x1024 1 OK3, 1 , 27.5ms
image 139/677 E:\TJGY\MinPaper\MyAutoAugument\outputs\experiments\20260518_tiled1024_safe_no_ok_position_policy_top3_shorttrain\policies\diag_policy_002\dataset_builder\final_dataset\images\val\2025-06-05-09-20-03ps5_NGyuan_tile_0010.jpg: 1024x1024 (no detections), 25.7ms
image 140/677 E:\TJGY\MinPaper\MyAutoAugument\outputs\experiments\20260518_tiled1024_safe_no_ok_position_policy_top3_shorttrain\policies\diag_policy_002\dataset_builder\final_dataset\images\val\2025-06-05-09-20-03ps5_NGyuan_tile_0012.jpg: 1024x1024 1 OK3, 25.9ms
image 141/677 E:\TJGY\MinPaper\MyAutoAugument\outputs\experiments\20260518_tiled1024_safe_no_ok_position_policy_top3_shorttrain\policies\diag_policy_002\dataset_builder\final_dataset\images\val\2025-06-05-10-27-17ps5_NGyuan_tile_0007.jpg: 1024x1024 1 OK3, 1 , 26.0ms
image 142/677 E:\TJGY\MinPaper\MyAutoAugument\outputs\experiments\20260518_tiled1024_safe_no_ok_position_policy_top3_shorttrain\policies\diag_policy_002\dataset_builder\final_dataset\images\val\2025-06-05-10-27-17ps5_NGyuan_tile_0008.jpg: 1024x1024 1 OK3, 1 , 27.5ms
image 143/677 E:\TJGY\MinPaper\MyAutoAugument\outputs\experiments\20260518_tiled1024_safe_no_ok_position_policy_top3_shorttrain\policies\diag_policy_002\dataset_builder\final_dataset\images\val\2025-06-05-10-27-17ps5_NGyuan_tile_0009.jpg: 1024x1024 1 , 26.0ms
image 144/677 E:\TJGY\MinPaper\MyAutoAugument\outputs\experiments\20260518_tiled1024_safe_no_ok_position_policy_top3_shorttrain\policies\diag_policy_002\dataset_builder\final_dataset\images\val\2025-06-05-10-27-17ps5_NGyuan_tile_0012.jpg: 1024x1024 1 OK3, 1 , 26.8ms
image 145/677 E:\TJGY\MinPaper\MyAutoAugument\outputs\experiments\20260518_tiled1024_safe_no_ok_position_policy_top3_shorttrain\policies\diag_policy_002\dataset_builder\final_dataset\images\val\2025-06-05-10-27-17ps5_NGyuan_tile_0013.jpg: 1024x1024 1 OK3, 1 , 25.6ms
image 146/677 E:\TJGY\MinPaper\MyAutoAugument\outputs\experiments\20260518_tiled1024_safe_no_ok_position_policy_top3_shorttrain\policies\diag_policy_002\dataset_builder\final_dataset\images\val\2025-06-05-10-27-17ps5_NGyuan_tile_0014.jpg: 1024x1024 1 , 25.8ms
image 147/677 E:\TJGY\MinPaper\MyAutoAugument\outputs\experiments\20260518_tiled1024_safe_no_ok_position_policy_top3_shorttrain\policies\diag_policy_002\dataset_builder\final_dataset\images\val\2025-06-05-14-57-22ps5_NGyuan_tile_0000.jpg: 1024x1024 2 s, 27.0ms
image 148/677 E:\TJGY\MinPaper\MyAutoAugument\outputs\experiments\20260518_tiled1024_safe_no_ok_position_policy_top3_shorttrain\policies\diag_policy_002\dataset_builder\final_dataset\images\val\2025-06-05-14-57-22ps5_NGyuan_tile_0002.jpg: 1024x1024 1 , 27.8ms
image 149/677 E:\TJGY\MinPaper\MyAutoAugument\outputs\experiments\20260518_tiled1024_safe_no_ok_position_policy_top3_shorttrain\policies\diag_policy_002\dataset_builder\final_dataset\images\val\2025-06-05-14-57-22ps5_NGyuan_tile_0007.jpg: 1024x1024 1 OK3, 26.7ms
image 150/677 E:\TJGY\MinPaper\MyAutoAugument\outputs\experiments\20260518_tiled1024_safe_no_ok_position_policy_top3_shorttrain\policies\diag_policy_002\dataset_builder\final_dataset\images\val\2025-06-05-14-57-22ps5_NGyuan_tile_0012.jpg: 1024x1024 1 OK3, 26.7ms
image 151/677 E:\TJGY\MinPaper\MyAutoAugument\outputs\experiments\20260518_tiled1024_safe_no_ok_position_policy_top3_shorttrain\policies\diag_policy_002\dataset_builder\final_dataset\images\val\2025-06-05-16-10-10ps5_NGyuan_tile_0000.jpg: 1024x1024 1 , 1 , 25.6ms
image 152/677 E:\TJGY\MinPaper\MyAutoAugument\outputs\experiments\20260518_tiled1024_safe_no_ok_position_policy_top3_shorttrain\policies\diag_policy_002\dataset_builder\final_dataset\images\val\2025-06-05-16-10-10ps5_NGyuan_tile_0007.jpg: 1024x1024 1 OK3, 2 s, 26.7ms
image 153/677 E:\TJGY\MinPaper\MyAutoAugument\outputs\experiments\20260518_tiled1024_safe_no_ok_position_policy_top3_shorttrain\policies\diag_policy_002\dataset_builder\final_dataset\images\val\2025-06-05-16-10-10ps5_NGyuan_tile_0012.jpg: 1024x1024 1 OK3, 2 s, 26.7ms
image 154/677 E:\TJGY\MinPaper\MyAutoAugument\outputs\experiments\20260518_tiled1024_safe_no_ok_position_policy_top3_shorttrain\policies\diag_policy_002\dataset_builder\final_dataset\images\val\2025-06-05-21-26-16ps5_NGyuan_tile_0005.jpg: 1024x1024 1 , 26.7ms
image 155/677 E:\TJGY\MinPaper\MyAutoAugument\outputs\experiments\20260518_tiled1024_safe_no_ok_position_policy_top3_shorttrain\policies\diag_policy_002\dataset_builder\final_dataset\images\val\2025-06-05-21-26-16ps5_NGyuan_tile_0006.jpg: 1024x1024 1 , 25.5ms
image 156/677 E:\TJGY\MinPaper\MyAutoAugument\outputs\experiments\20260518_tiled1024_safe_no_ok_position_policy_top3_shorttrain\policies\diag_policy_002\dataset_builder\final_dataset\images\val\2025-06-05-21-26-16ps5_NGyuan_tile_0007.jpg: 1024x1024 1 OK3, 26.6ms
image 157/677 E:\TJGY\MinPaper\MyAutoAugument\outputs\experiments\20260518_tiled1024_safe_no_ok_position_policy_top3_shorttrain\policies\diag_policy_002\dataset_builder\final_dataset\images\val\2025-06-05-21-26-16ps5_NGyuan_tile_0010.jpg: 1024x1024 1 , 25.6ms
image 158/677 E:\TJGY\MinPaper\MyAutoAugument\outputs\experiments\20260518_tiled1024_safe_no_ok_position_policy_top3_shorttrain\policies\diag_policy_002\dataset_builder\final_dataset\images\val\2025-06-05-21-26-16ps5_NGyuan_tile_0011.jpg: 1024x1024 1 , 27.6ms
image 159/677 E:\TJGY\MinPaper\MyAutoAugument\outputs\experiments\20260518_tiled1024_safe_no_ok_position_policy_top3_shorttrain\policies\diag_policy_002\dataset_builder\final_dataset\images\val\2025-06-05-21-26-16ps5_NGyuan_tile_0012.jpg: 1024x1024 1 OK3, 1 , 26.7ms
image 160/677 E:\TJGY\MinPaper\MyAutoAugument\outputs\experiments\20260518_tiled1024_safe_no_ok_position_policy_top3_shorttrain\policies\diag_policy_002\dataset_builder\final_dataset\images\val\2025-06-06-01-07-06ps5_NGyuan_tile_0001.jpg: 1024x1024 2 s, 27.2ms
image 161/677 E:\TJGY\MinPaper\MyAutoAugument\outputs\experiments\20260518_tiled1024_safe_no_ok_position_policy_top3_shorttrain\policies\diag_policy_002\dataset_builder\final_dataset\images\val\2025-06-06-01-07-06ps5_NGyuan_tile_0002.jpg: 1024x1024 1 , 26.8ms
image 162/677 E:\TJGY\MinPaper\MyAutoAugument\outputs\experiments\20260518_tiled1024_safe_no_ok_position_policy_top3_shorttrain\policies\diag_policy_002\dataset_builder\final_dataset\images\val\2025-06-06-01-07-06ps5_NGyuan_tile_0003.jpg: 1024x1024 1 , 24.7ms
image 163/677 E:\TJGY\MinPaper\MyAutoAugument\outputs\experiments\20260518_tiled1024_safe_no_ok_position_policy_top3_shorttrain\policies\diag_policy_002\dataset_builder\final_dataset\images\val\2025-06-06-01-07-06ps5_NGyuan_tile_0007.jpg: 1024x1024 1 OK3, 24.7ms
image 164/677 E:\TJGY\MinPaper\MyAutoAugument\outputs\experiments\20260518_tiled1024_safe_no_ok_position_policy_top3_shorttrain\policies\diag_policy_002\dataset_builder\final_dataset\images\val\2025-06-06-01-07-06ps5_NGyuan_tile_0012.jpg: 1024x1024 1 OK3, 24.8ms
image 165/677 E:\TJGY\MinPaper\MyAutoAugument\outputs\experiments\20260518_tiled1024_safe_no_ok_position_policy_top3_shorttrain\policies\diag_policy_002\dataset_builder\final_dataset\images\val\2025-06-06-01-33-39ps5_NGyuan_tile_0002.jpg: 1024x1024 2 s, 24.7ms
image 166/677 E:\TJGY\MinPaper\MyAutoAugument\outputs\experiments\20260518_tiled1024_safe_no_ok_position_policy_top3_shorttrain\policies\diag_policy_002\dataset_builder\final_dataset\images\val\2025-06-06-01-33-39ps5_NGyuan_tile_0003.jpg: 1024x1024 1 , 24.8ms
image 167/677 E:\TJGY\MinPaper\MyAutoAugument\outputs\experiments\20260518_tiled1024_safe_no_ok_position_policy_top3_shorttrain\policies\diag_policy_002\dataset_builder\final_dataset\images\val\2025-06-06-01-33-39ps5_NGyuan_tile_0006.jpg: 1024x1024 (no detections), 24.7ms
image 168/677 E:\TJGY\MinPaper\MyAutoAugument\outputs\experiments\20260518_tiled1024_safe_no_ok_position_policy_top3_shorttrain\policies\diag_policy_002\dataset_builder\final_dataset\images\val\2025-06-06-01-33-39ps5_NGyuan_tile_0007.jpg: 1024x1024 1 OK3, 24.8ms
image 169/677 E:\TJGY\MinPaper\MyAutoAugument\outputs\experiments\20260518_tiled1024_safe_no_ok_position_policy_top3_shorttrain\policies\diag_policy_002\dataset_builder\final_dataset\images\val\2025-06-06-01-33-39ps5_NGyuan_tile_0012.jpg: 1024x1024 1 OK3, 26.0ms
image 170/677 E:\TJGY\MinPaper\MyAutoAugument\outputs\experiments\20260518_tiled1024_safe_no_ok_position_policy_top3_shorttrain\policies\diag_policy_002\dataset_builder\final_dataset\images\val\2025-06-06-02-05-24ps5_NGyuan_tile_0002.jpg: 1024x1024 1 , 25.9ms
image 171/677 E:\TJGY\MinPaper\MyAutoAugument\outputs\experiments\20260518_tiled1024_safe_no_ok_position_policy_top3_shorttrain\policies\diag_policy_002\dataset_builder\final_dataset\images\val\2025-06-06-02-05-24ps5_NGyuan_tile_0007.jpg: 1024x1024 1 OK3, 1 , 25.9ms
image 172/677 E:\TJGY\MinPaper\MyAutoAugument\outputs\experiments\20260518_tiled1024_safe_no_ok_position_policy_top3_shorttrain\policies\diag_policy_002\dataset_builder\final_dataset\images\val\2025-06-06-02-05-24ps5_NGyuan_tile_0012.jpg: 1024x1024 1 OK3, 1 , 29.4ms
image 173/677 E:\TJGY\MinPaper\MyAutoAugument\outputs\experiments\20260518_tiled1024_safe_no_ok_position_policy_top3_shorttrain\policies\diag_policy_002\dataset_builder\final_dataset\images\val\2025-06-06-14-52-09ps5_NGyuan_tile_0000.jpg: 1024x1024 1 , 24.8ms
image 174/677 E:\TJGY\MinPaper\MyAutoAugument\outputs\experiments\20260518_tiled1024_safe_no_ok_position_policy_top3_shorttrain\policies\diag_policy_002\dataset_builder\final_dataset\images\val\2025-06-06-14-52-09ps5_NGyuan_tile_0001.jpg: 1024x1024 (no detections), 24.8ms
image 175/677 E:\TJGY\MinPaper\MyAutoAugument\outputs\experiments\20260518_tiled1024_safe_no_ok_position_policy_top3_shorttrain\policies\diag_policy_002\dataset_builder\final_dataset\images\val\2025-06-06-14-52-09ps5_NGyuan_tile_0002.jpg: 1024x1024 1 , 1 , 26.0ms
image 176/677 E:\TJGY\MinPaper\MyAutoAugument\outputs\experiments\20260518_tiled1024_safe_no_ok_position_policy_top3_shorttrain\policies\diag_policy_002\dataset_builder\final_dataset\images\val\2025-06-06-14-52-09ps5_NGyuan_tile_0007.jpg: 1024x1024 1 OK3, 1 , 2 s, 24.7ms
image 177/677 E:\TJGY\MinPaper\MyAutoAugument\outputs\experiments\20260518_tiled1024_safe_no_ok_position_policy_top3_shorttrain\policies\diag_policy_002\dataset_builder\final_dataset\images\val\2025-06-06-14-52-09ps5_NGyuan_tile_0012.jpg: 1024x1024 1 OK3, 1 , 1 , 24.7ms
image 178/677 E:\TJGY\MinPaper\MyAutoAugument\outputs\experiments\20260518_tiled1024_safe_no_ok_position_policy_top3_shorttrain\policies\diag_policy_002\dataset_builder\final_dataset\images\val\2025-06-07-10-52-02ps5_NGyuan_tile_0002.jpg: 1024x1024 1 , 1 , 24.8ms
image 179/677 E:\TJGY\MinPaper\MyAutoAugument\outputs\experiments\20260518_tiled1024_safe_no_ok_position_policy_top3_shorttrain\policies\diag_policy_002\dataset_builder\final_dataset\images\val\2025-06-07-10-52-02ps5_NGyuan_tile_0007.jpg: 1024x1024 3 s, 24.8ms
image 180/677 E:\TJGY\MinPaper\MyAutoAugument\outputs\experiments\20260518_tiled1024_safe_no_ok_position_policy_top3_shorttrain\policies\diag_policy_002\dataset_builder\final_dataset\images\val\2025-06-07-10-52-02ps5_NGyuan_tile_0008.jpg: 1024x1024 1 OK3, 25.9ms
image 181/677 E:\TJGY\MinPaper\MyAutoAugument\outputs\experiments\20260518_tiled1024_safe_no_ok_position_policy_top3_shorttrain\policies\diag_policy_002\dataset_builder\final_dataset\images\val\2025-06-07-10-52-02ps5_NGyuan_tile_0012.jpg: 1024x1024 3 s, 26.6ms
image 182/677 E:\TJGY\MinPaper\MyAutoAugument\outputs\experiments\20260518_tiled1024_safe_no_ok_position_policy_top3_shorttrain\policies\diag_policy_002\dataset_builder\final_dataset\images\val\2025-06-07-10-52-02ps5_NGyuan_tile_0013.jpg: 1024x1024 1 OK3, 25.9ms
image 183/677 E:\TJGY\MinPaper\MyAutoAugument\outputs\experiments\20260518_tiled1024_safe_no_ok_position_policy_top3_shorttrain\policies\diag_policy_002\dataset_builder\final_dataset\images\val\2025-06-07-14-43-50ps5_NGyuan_tile_0007.jpg: 1024x1024 1 OK3, 26.0ms
image 184/677 E:\TJGY\MinPaper\MyAutoAugument\outputs\experiments\20260518_tiled1024_safe_no_ok_position_policy_top3_shorttrain\policies\diag_policy_002\dataset_builder\final_dataset\images\val\2025-06-07-14-43-50ps5_NGyuan_tile_0008.jpg: 1024x1024 1 OK3, 25.9ms
image 185/677 E:\TJGY\MinPaper\MyAutoAugument\outputs\experiments\20260518_tiled1024_safe_no_ok_position_policy_top3_shorttrain\policies\diag_policy_002\dataset_builder\final_dataset\images\val\2025-06-07-14-43-50ps5_NGyuan_tile_0011.jpg: 1024x1024 (no detections), 24.7ms
image 186/677 E:\TJGY\MinPaper\MyAutoAugument\outputs\experiments\20260518_tiled1024_safe_no_ok_position_policy_top3_shorttrain\policies\diag_policy_002\dataset_builder\final_dataset\images\val\2025-06-07-14-43-50ps5_NGyuan_tile_0012.jpg: 1024x1024 1 OK3, 25.7ms
image 187/677 E:\TJGY\MinPaper\MyAutoAugument\outputs\experiments\20260518_tiled1024_safe_no_ok_position_policy_top3_shorttrain\policies\diag_policy_002\dataset_builder\final_dataset\images\val\2025-06-07-14-43-50ps5_NGyuan_tile_0013.jpg: 1024x1024 1 OK3, 24.8ms
image 188/677 E:\TJGY\MinPaper\MyAutoAugument\outputs\experiments\20260518_tiled1024_safe_no_ok_position_policy_top3_shorttrain\policies\diag_policy_002\dataset_builder\final_dataset\images\val\2025-06-07-15-42-24ps5_NGyuan_tile_0000.jpg: 1024x1024 1 , 25.0ms
image 189/677 E:\TJGY\MinPaper\MyAutoAugument\outputs\experiments\20260518_tiled1024_safe_no_ok_position_policy_top3_shorttrain\policies\diag_policy_002\dataset_builder\final_dataset\images\val\2025-06-07-15-42-24ps5_NGyuan_tile_0002.jpg: 1024x1024 1 , 25.0ms
image 190/677 E:\TJGY\MinPaper\MyAutoAugument\outputs\experiments\20260518_tiled1024_safe_no_ok_position_policy_top3_shorttrain\policies\diag_policy_002\dataset_builder\final_dataset\images\val\2025-06-07-15-42-24ps5_NGyuan_tile_0007.jpg: 1024x1024 1 OK3, 24.7ms
image 191/677 E:\TJGY\MinPaper\MyAutoAugument\outputs\experiments\20260518_tiled1024_safe_no_ok_position_policy_top3_shorttrain\policies\diag_policy_002\dataset_builder\final_dataset\images\val\2025-06-07-15-42-24ps5_NGyuan_tile_0011.jpg: 1024x1024 (no detections), 24.9ms
image 192/677 E:\TJGY\MinPaper\MyAutoAugument\outputs\experiments\20260518_tiled1024_safe_no_ok_position_policy_top3_shorttrain\policies\diag_policy_002\dataset_builder\final_dataset\images\val\2025-06-07-15-42-24ps5_NGyuan_tile_0012.jpg: 1024x1024 1 OK3, 24.9ms
image 193/677 E:\TJGY\MinPaper\MyAutoAugument\outputs\experiments\20260518_tiled1024_safe_no_ok_position_policy_top3_shorttrain\policies\diag_policy_002\dataset_builder\final_dataset\images\val\2025-06-07-16-21-50ps5_NGyuan_tile_0002.jpg: 1024x1024 (no detections), 25.0ms
image 194/677 E:\TJGY\MinPaper\MyAutoAugument\outputs\experiments\20260518_tiled1024_safe_no_ok_position_policy_top3_shorttrain\policies\diag_policy_002\dataset_builder\final_dataset\images\val\2025-06-07-16-21-50ps5_NGyuan_tile_0004.jpg: 1024x1024 (no detections), 23.8ms
image 195/677 E:\TJGY\MinPaper\MyAutoAugument\outputs\experiments\20260518_tiled1024_safe_no_ok_position_policy_top3_shorttrain\policies\diag_policy_002\dataset_builder\final_dataset\images\val\2025-06-07-16-21-50ps5_NGyuan_tile_0007.jpg: 1024x1024 1 OK3, 25.0ms
image 196/677 E:\TJGY\MinPaper\MyAutoAugument\outputs\experiments\20260518_tiled1024_safe_no_ok_position_policy_top3_shorttrain\policies\diag_policy_002\dataset_builder\final_dataset\images\val\2025-06-07-16-21-50ps5_NGyuan_tile_0012.jpg: 1024x1024 1 OK3, 23.9ms
image 197/677 E:\TJGY\MinPaper\MyAutoAugument\outputs\experiments\20260518_tiled1024_safe_no_ok_position_policy_top3_shorttrain\policies\diag_policy_002\dataset_builder\final_dataset\images\val\2025-06-09-11-40-05ps5_NGyuan_tile_0000.jpg: 1024x1024 1 , 23.8ms
image 198/677 E:\TJGY\MinPaper\MyAutoAugument\outputs\experiments\20260518_tiled1024_safe_no_ok_position_policy_top3_shorttrain\policies\diag_policy_002\dataset_builder\final_dataset\images\val\2025-06-09-11-40-05ps5_NGyuan_tile_0004.jpg: 1024x1024 (no detections), 23.8ms
image 199/677 E:\TJGY\MinPaper\MyAutoAugument\outputs\experiments\20260518_tiled1024_safe_no_ok_position_policy_top3_shorttrain\policies\diag_policy_002\dataset_builder\final_dataset\images\val\2025-06-09-11-40-05ps5_NGyuan_tile_0007.jpg: 1024x1024 1 OK3, 23.8ms
image 200/677 E:\TJGY\MinPaper\MyAutoAugument\outputs\experiments\20260518_tiled1024_safe_no_ok_position_policy_top3_shorttrain\policies\diag_policy_002\dataset_builder\final_dataset\images\val\2025-06-09-11-40-05ps5_NGyuan_tile_0012.jpg: 1024x1024 1 OK3, 23.8ms
image 201/677 E:\TJGY\MinPaper\MyAutoAugument\outputs\experiments\20260518_tiled1024_safe_no_ok_position_policy_top3_shorttrain\policies\diag_policy_002\dataset_builder\final_dataset\images\val\2025-06-11-10-01-27ps5_NGyuan_tile_0007.jpg: 1024x1024 1 OK3, 1 , 23.8ms
image 202/677 E:\TJGY\MinPaper\MyAutoAugument\outputs\experiments\20260518_tiled1024_safe_no_ok_position_policy_top3_shorttrain\policies\diag_policy_002\dataset_builder\final_dataset\images\val\2025-06-11-10-01-27ps5_NGyuan_tile_0012.jpg: 1024x1024 1 OK3, 1 , 23.8ms
image 203/677 E:\TJGY\MinPaper\MyAutoAugument\outputs\experiments\20260518_tiled1024_safe_no_ok_position_policy_top3_shorttrain\policies\diag_policy_002\dataset_builder\final_dataset\images\val\2025-06-11-19-13-20ps5_NGyuan_tile_0006.jpg: 1024x1024 (no detections), 23.7ms
image 204/677 E:\TJGY\MinPaper\MyAutoAugument\outputs\experiments\20260518_tiled1024_safe_no_ok_position_policy_top3_shorttrain\policies\diag_policy_002\dataset_builder\final_dataset\images\val\2025-06-11-19-13-20ps5_NGyuan_tile_0007.jpg: 1024x1024 2 s, 23.8ms
image 205/677 E:\TJGY\MinPaper\MyAutoAugument\outputs\experiments\20260518_tiled1024_safe_no_ok_position_policy_top3_shorttrain\policies\diag_policy_002\dataset_builder\final_dataset\images\val\2025-06-11-19-13-20ps5_NGyuan_tile_0008.jpg: 1024x1024 1 OK3, 23.8ms
image 206/677 E:\TJGY\MinPaper\MyAutoAugument\outputs\experiments\20260518_tiled1024_safe_no_ok_position_policy_top3_shorttrain\policies\diag_policy_002\dataset_builder\final_dataset\images\val\2025-06-11-19-13-20ps5_NGyuan_tile_0012.jpg: 1024x1024 1 , 24.8ms
image 207/677 E:\TJGY\MinPaper\MyAutoAugument\outputs\experiments\20260518_tiled1024_safe_no_ok_position_policy_top3_shorttrain\policies\diag_policy_002\dataset_builder\final_dataset\images\val\2025-06-11-19-13-20ps5_NGyuan_tile_0013.jpg: 1024x1024 1 OK3, 26.5ms
image 208/677 E:\TJGY\MinPaper\MyAutoAugument\outputs\experiments\20260518_tiled1024_safe_no_ok_position_policy_top3_shorttrain\policies\diag_policy_002\dataset_builder\final_dataset\images\val\2025-06-14-16-53-39ps5_tile_0002.jpg: 1024x1024 1 , 24.8ms
image 209/677 E:\TJGY\MinPaper\MyAutoAugument\outputs\experiments\20260518_tiled1024_safe_no_ok_position_policy_top3_shorttrain\policies\diag_policy_002\dataset_builder\final_dataset\images\val\2025-06-14-16-53-39ps5_tile_0004.jpg: 1024x1024 (no detections), 24.7ms
image 210/677 E:\TJGY\MinPaper\MyAutoAugument\outputs\experiments\20260518_tiled1024_safe_no_ok_position_policy_top3_shorttrain\policies\diag_policy_002\dataset_builder\final_dataset\images\val\2025-06-14-16-53-39ps5_tile_0005.jpg: 1024x1024 (no detections), 25.2ms
image 211/677 E:\TJGY\MinPaper\MyAutoAugument\outputs\experiments\20260518_tiled1024_safe_no_ok_position_policy_top3_shorttrain\policies\diag_policy_002\dataset_builder\final_dataset\images\val\2025-06-14-16-53-39ps5_tile_0006.jpg: 1024x1024 1 , 1 , 25.5ms
image 212/677 E:\TJGY\MinPaper\MyAutoAugument\outputs\experiments\20260518_tiled1024_safe_no_ok_position_policy_top3_shorttrain\policies\diag_policy_002\dataset_builder\final_dataset\images\val\2025-06-14-16-53-39ps5_tile_0007.jpg: 1024x1024 1 , 25.6ms
image 213/677 E:\TJGY\MinPaper\MyAutoAugument\outputs\experiments\20260518_tiled1024_safe_no_ok_position_policy_top3_shorttrain\policies\diag_policy_002\dataset_builder\final_dataset\images\val\2025-06-14-16-53-39ps5_tile_0008.jpg: 1024x1024 1 OK3, 24.8ms
image 214/677 E:\TJGY\MinPaper\MyAutoAugument\outputs\experiments\20260518_tiled1024_safe_no_ok_position_policy_top3_shorttrain\policies\diag_policy_002\dataset_builder\final_dataset\images\val\2025-06-14-16-53-39ps5_tile_0009.jpg: 1024x1024 1 OK3, 26.0ms
image 215/677 E:\TJGY\MinPaper\MyAutoAugument\outputs\experiments\20260518_tiled1024_safe_no_ok_position_policy_top3_shorttrain\policies\diag_policy_002\dataset_builder\final_dataset\images\val\2025-06-14-16-53-39ps5_tile_0010.jpg: 1024x1024 (no detections), 25.8ms
image 216/677 E:\TJGY\MinPaper\MyAutoAugument\outputs\experiments\20260518_tiled1024_safe_no_ok_position_policy_top3_shorttrain\policies\diag_policy_002\dataset_builder\final_dataset\images\val\2025-06-14-16-53-39ps5_tile_0011.jpg: 1024x1024 (no detections), 24.8ms
image 217/677 E:\TJGY\MinPaper\MyAutoAugument\outputs\experiments\20260518_tiled1024_safe_no_ok_position_policy_top3_shorttrain\policies\diag_policy_002\dataset_builder\final_dataset\images\val\2025-06-14-16-53-39ps5_tile_0012.jpg: 1024x1024 1 , 1 , 25.9ms
image 218/677 E:\TJGY\MinPaper\MyAutoAugument\outputs\experiments\20260518_tiled1024_safe_no_ok_position_policy_top3_shorttrain\policies\diag_policy_002\dataset_builder\final_dataset\images\val\2025-06-14-16-53-39ps5_tile_0013.jpg: 1024x1024 1 OK3, 26.0ms
image 219/677 E:\TJGY\MinPaper\MyAutoAugument\outputs\experiments\20260518_tiled1024_safe_no_ok_position_policy_top3_shorttrain\policies\diag_policy_002\dataset_builder\final_dataset\images\val\2025-06-14-16-53-39ps5_tile_0014.jpg: 1024x1024 1 OK3, 25.7ms
image 220/677 E:\TJGY\MinPaper\MyAutoAugument\outputs\experiments\20260518_tiled1024_safe_no_ok_position_policy_top3_shorttrain\policies\diag_policy_002\dataset_builder\final_dataset\images\val\2025-06-18-06-39-05ps5_NGyuan_tile_0007.jpg: 1024x1024 1 , 2 s, 33.2ms
image 221/677 E:\TJGY\MinPaper\MyAutoAugument\outputs\experiments\20260518_tiled1024_safe_no_ok_position_policy_top3_shorttrain\policies\diag_policy_002\dataset_builder\final_dataset\images\val\2025-06-18-06-39-05ps5_NGyuan_tile_0008.jpg: 1024x1024 1 OK3, 27.7ms
image 222/677 E:\TJGY\MinPaper\MyAutoAugument\outputs\experiments\20260518_tiled1024_safe_no_ok_position_policy_top3_shorttrain\policies\diag_policy_002\dataset_builder\final_dataset\images\val\2025-06-18-06-39-05ps5_NGyuan_tile_0012.jpg: 1024x1024 1 , 1 , 26.6ms
image 223/677 E:\TJGY\MinPaper\MyAutoAugument\outputs\experiments\20260518_tiled1024_safe_no_ok_position_policy_top3_shorttrain\policies\diag_policy_002\dataset_builder\final_dataset\images\val\2025-06-18-06-39-05ps5_NGyuan_tile_0013.jpg: 1024x1024 1 OK3, 26.1ms
image 224/677 E:\TJGY\MinPaper\MyAutoAugument\outputs\experiments\20260518_tiled1024_safe_no_ok_position_policy_top3_shorttrain\policies\diag_policy_002\dataset_builder\final_dataset\images\val\2025-06-19-14-58-29ps5_tile_0001.jpg: 1024x1024 1 , 26.3ms
image 225/677 E:\TJGY\MinPaper\MyAutoAugument\outputs\experiments\20260518_tiled1024_safe_no_ok_position_policy_top3_shorttrain\policies\diag_policy_002\dataset_builder\final_dataset\images\val\2025-06-19-14-58-29ps5_tile_0007.jpg: 1024x1024 2 s, 1 , 27.4ms
image 226/677 E:\TJGY\MinPaper\MyAutoAugument\outputs\experiments\20260518_tiled1024_safe_no_ok_position_policy_top3_shorttrain\policies\diag_policy_002\dataset_builder\final_dataset\images\val\2025-06-19-14-58-29ps5_tile_0012.jpg: 1024x1024 2 s, 1 , 25.2ms
image 227/677 E:\TJGY\MinPaper\MyAutoAugument\outputs\experiments\20260518_tiled1024_safe_no_ok_position_policy_top3_shorttrain\policies\diag_policy_002\dataset_builder\final_dataset\images\val\2025-06-28-00-58-48ps5_NGyuan_tile_0001.jpg: 1024x1024 2 s, 25.5ms
image 228/677 E:\TJGY\MinPaper\MyAutoAugument\outputs\experiments\20260518_tiled1024_safe_no_ok_position_policy_top3_shorttrain\policies\diag_policy_002\dataset_builder\final_dataset\images\val\2025-06-28-00-58-48ps5_NGyuan_tile_0006.jpg: 1024x1024 1 , 25.9ms
image 229/677 E:\TJGY\MinPaper\MyAutoAugument\outputs\experiments\20260518_tiled1024_safe_no_ok_position_policy_top3_shorttrain\policies\diag_policy_002\dataset_builder\final_dataset\images\val\2025-06-28-00-58-48ps5_NGyuan_tile_0007.jpg: 1024x1024 1 OK3, 1 , 26.0ms
image 230/677 E:\TJGY\MinPaper\MyAutoAugument\outputs\experiments\20260518_tiled1024_safe_no_ok_position_policy_top3_shorttrain\policies\diag_policy_002\dataset_builder\final_dataset\images\val\2025-06-28-00-58-48ps5_NGyuan_tile_0008.jpg: 1024x1024 1 OK3, 24.8ms
image 231/677 E:\TJGY\MinPaper\MyAutoAugument\outputs\experiments\20260518_tiled1024_safe_no_ok_position_policy_top3_shorttrain\policies\diag_policy_002\dataset_builder\final_dataset\images\val\2025-06-28-00-58-48ps5_NGyuan_tile_0011.jpg: 1024x1024 1 , 24.7ms
image 232/677 E:\TJGY\MinPaper\MyAutoAugument\outputs\experiments\20260518_tiled1024_safe_no_ok_position_policy_top3_shorttrain\policies\diag_policy_002\dataset_builder\final_dataset\images\val\2025-06-28-00-58-48ps5_NGyuan_tile_0012.jpg: 1024x1024 1 OK3, 24.8ms
image 233/677 E:\TJGY\MinPaper\MyAutoAugument\outputs\experiments\20260518_tiled1024_safe_no_ok_position_policy_top3_shorttrain\policies\diag_policy_002\dataset_builder\final_dataset\images\val\2025-06-28-00-58-48ps5_NGyuan_tile_0013.jpg: 1024x1024 1 OK3, 23.8ms
image 234/677 E:\TJGY\MinPaper\MyAutoAugument\outputs\experiments\20260518_tiled1024_safe_no_ok_position_policy_top3_shorttrain\policies\diag_policy_002\dataset_builder\final_dataset\images\val\2025-06-28-01-35-08ps5_NGyuan_tile_0007.jpg: 1024x1024 1 OK3, 25.1ms
image 235/677 E:\TJGY\MinPaper\MyAutoAugument\outputs\experiments\20260518_tiled1024_safe_no_ok_position_policy_top3_shorttrain\policies\diag_policy_002\dataset_builder\final_dataset\images\val\2025-06-28-01-35-08ps5_NGyuan_tile_0008.jpg: 1024x1024 1 OK3, 23.7ms
image 236/677 E:\TJGY\MinPaper\MyAutoAugument\outputs\experiments\20260518_tiled1024_safe_no_ok_position_policy_top3_shorttrain\policies\diag_policy_002\dataset_builder\final_dataset\images\val\2025-06-28-01-35-08ps5_NGyuan_tile_0012.jpg: 1024x1024 1 OK3, 23.9ms
image 237/677 E:\TJGY\MinPaper\MyAutoAugument\outputs\experiments\20260518_tiled1024_safe_no_ok_position_policy_top3_shorttrain\policies\diag_policy_002\dataset_builder\final_dataset\images\val\2025-06-28-01-35-08ps5_NGyuan_tile_0013.jpg: 1024x1024 1 OK3, 22.9ms
image 238/677 E:\TJGY\MinPaper\MyAutoAugument\outputs\experiments\20260518_tiled1024_safe_no_ok_position_policy_top3_shorttrain\policies\diag_policy_002\dataset_builder\final_dataset\images\val\2025-06-28-07-30-46ps5_NGyuan_tile_0005.jpg: 1024x1024 (no detections), 23.6ms
image 239/677 E:\TJGY\MinPaper\MyAutoAugument\outputs\experiments\20260518_tiled1024_safe_no_ok_position_policy_top3_shorttrain\policies\diag_policy_002\dataset_builder\final_dataset\images\val\2025-06-28-07-30-46ps5_NGyuan_tile_0006.jpg: 1024x1024 1 , 23.8ms
image 240/677 E:\TJGY\MinPaper\MyAutoAugument\outputs\experiments\20260518_tiled1024_safe_no_ok_position_policy_top3_shorttrain\policies\diag_policy_002\dataset_builder\final_dataset\images\val\2025-06-28-07-30-46ps5_NGyuan_tile_0008.jpg: 1024x1024 1 OK3, 1 , 24.0ms
image 241/677 E:\TJGY\MinPaper\MyAutoAugument\outputs\experiments\20260518_tiled1024_safe_no_ok_position_policy_top3_shorttrain\policies\diag_policy_002\dataset_builder\final_dataset\images\val\2025-06-28-07-30-46ps5_NGyuan_tile_0009.jpg: 1024x1024 1 , 25.9ms
image 242/677 E:\TJGY\MinPaper\MyAutoAugument\outputs\experiments\20260518_tiled1024_safe_no_ok_position_policy_top3_shorttrain\policies\diag_policy_002\dataset_builder\final_dataset\images\val\2025-06-28-07-30-46ps5_NGyuan_tile_0011.jpg: 1024x1024 (no detections), 22.9ms
image 243/677 E:\TJGY\MinPaper\MyAutoAugument\outputs\experiments\20260518_tiled1024_safe_no_ok_position_policy_top3_shorttrain\policies\diag_policy_002\dataset_builder\final_dataset\images\val\2025-06-28-07-30-46ps5_NGyuan_tile_0013.jpg: 1024x1024 1 OK3, 1 , 24.1ms
image 244/677 E:\TJGY\MinPaper\MyAutoAugument\outputs\experiments\20260518_tiled1024_safe_no_ok_position_policy_top3_shorttrain\policies\diag_policy_002\dataset_builder\final_dataset\images\val\2025-06-28-07-30-46ps5_NGyuan_tile_0014.jpg: 1024x1024 1 , 23.9ms
image 245/677 E:\TJGY\MinPaper\MyAutoAugument\outputs\experiments\20260518_tiled1024_safe_no_ok_position_policy_top3_shorttrain\policies\diag_policy_002\dataset_builder\final_dataset\images\val\2025-06-28-11-19-54ps5_NGyuan_tile_0007.jpg: 1024x1024 1 OK3, 25.8ms
image 246/677 E:\TJGY\MinPaper\MyAutoAugument\outputs\experiments\20260518_tiled1024_safe_no_ok_position_policy_top3_shorttrain\policies\diag_policy_002\dataset_builder\final_dataset\images\val\2025-06-28-11-19-54ps5_NGyuan_tile_0008.jpg: 1024x1024 1 OK3, 1 , 22.9ms
image 247/677 E:\TJGY\MinPaper\MyAutoAugument\outputs\experiments\20260518_tiled1024_safe_no_ok_position_policy_top3_shorttrain\policies\diag_policy_002\dataset_builder\final_dataset\images\val\2025-06-28-11-19-54ps5_NGyuan_tile_0009.jpg: 1024x1024 1 , 23.0ms
image 248/677 E:\TJGY\MinPaper\MyAutoAugument\outputs\experiments\20260518_tiled1024_safe_no_ok_position_policy_top3_shorttrain\policies\diag_policy_002\dataset_builder\final_dataset\images\val\2025-06-28-11-19-54ps5_NGyuan_tile_0012.jpg: 1024x1024 1 OK3, 24.0ms
image 249/677 E:\TJGY\MinPaper\MyAutoAugument\outputs\experiments\20260518_tiled1024_safe_no_ok_position_policy_top3_shorttrain\policies\diag_policy_002\dataset_builder\final_dataset\images\val\2025-06-28-11-19-54ps5_NGyuan_tile_0013.jpg: 1024x1024 1 OK3, 1 , 1 , 24.1ms
image 250/677 E:\TJGY\MinPaper\MyAutoAugument\outputs\experiments\20260518_tiled1024_safe_no_ok_position_policy_top3_shorttrain\policies\diag_policy_002\dataset_builder\final_dataset\images\val\2025-06-28-11-19-54ps5_NGyuan_tile_0014.jpg: 1024x1024 1 , 24.0ms
image 251/677 E:\TJGY\MinPaper\MyAutoAugument\outputs\experiments\20260518_tiled1024_safe_no_ok_position_policy_top3_shorttrain\policies\diag_policy_002\dataset_builder\final_dataset\images\val\2025-06-29-08-27-16ps5_NGyuan_tile_0000.jpg: 1024x1024 1 , 24.6ms
image 252/677 E:\TJGY\MinPaper\MyAutoAugument\outputs\experiments\20260518_tiled1024_safe_no_ok_position_policy_top3_shorttrain\policies\diag_policy_002\dataset_builder\final_dataset\images\val\2025-06-29-08-27-16ps5_NGyuan_tile_0001.jpg: 1024x1024 1 , 23.0ms
image 253/677 E:\TJGY\MinPaper\MyAutoAugument\outputs\experiments\20260518_tiled1024_safe_no_ok_position_policy_top3_shorttrain\policies\diag_policy_002\dataset_builder\final_dataset\images\val\2025-06-29-08-27-16ps5_NGyuan_tile_0007.jpg: 1024x1024 1 , 1 , 22.9ms
image 254/677 E:\TJGY\MinPaper\MyAutoAugument\outputs\experiments\20260518_tiled1024_safe_no_ok_position_policy_top3_shorttrain\policies\diag_policy_002\dataset_builder\final_dataset\images\val\2025-06-29-08-27-16ps5_NGyuan_tile_0008.jpg: 1024x1024 1 OK3, 23.5ms
image 255/677 E:\TJGY\MinPaper\MyAutoAugument\outputs\experiments\20260518_tiled1024_safe_no_ok_position_policy_top3_shorttrain\policies\diag_policy_002\dataset_builder\final_dataset\images\val\2025-06-29-08-27-16ps5_NGyuan_tile_0009.jpg: 1024x1024 (no detections), 22.9ms
image 256/677 E:\TJGY\MinPaper\MyAutoAugument\outputs\experiments\20260518_tiled1024_safe_no_ok_position_policy_top3_shorttrain\policies\diag_policy_002\dataset_builder\final_dataset\images\val\2025-06-29-08-27-16ps5_NGyuan_tile_0012.jpg: 1024x1024 1 , 22.9ms
image 257/677 E:\TJGY\MinPaper\MyAutoAugument\outputs\experiments\20260518_tiled1024_safe_no_ok_position_policy_top3_shorttrain\policies\diag_policy_002\dataset_builder\final_dataset\images\val\2025-06-29-08-27-16ps5_NGyuan_tile_0013.jpg: 1024x1024 1 OK3, 23.6ms
image 258/677 E:\TJGY\MinPaper\MyAutoAugument\outputs\experiments\20260518_tiled1024_safe_no_ok_position_policy_top3_shorttrain\policies\diag_policy_002\dataset_builder\final_dataset\images\val\2025-06-29-08-27-16ps5_NGyuan_tile_0014.jpg: 1024x1024 1 OK3, 24.7ms
image 259/677 E:\TJGY\MinPaper\MyAutoAugument\outputs\experiments\20260518_tiled1024_safe_no_ok_position_policy_top3_shorttrain\policies\diag_policy_002\dataset_builder\final_dataset\images\val\2025-06-29-14-02-37ps5_NGyuan_tile_0005.jpg: 1024x1024 1 , 24.2ms
image 260/677 E:\TJGY\MinPaper\MyAutoAugument\outputs\experiments\20260518_tiled1024_safe_no_ok_position_policy_top3_shorttrain\policies\diag_policy_002\dataset_builder\final_dataset\images\val\2025-06-29-14-02-37ps5_NGyuan_tile_0006.jpg: 1024x1024 1 , 24.8ms
image 261/677 E:\TJGY\MinPaper\MyAutoAugument\outputs\experiments\20260518_tiled1024_safe_no_ok_position_policy_top3_shorttrain\policies\diag_policy_002\dataset_builder\final_dataset\images\val\2025-06-29-14-02-37ps5_NGyuan_tile_0008.jpg: 1024x1024 1 OK3, 25.0ms
image 262/677 E:\TJGY\MinPaper\MyAutoAugument\outputs\experiments\20260518_tiled1024_safe_no_ok_position_policy_top3_shorttrain\policies\diag_policy_002\dataset_builder\final_dataset\images\val\2025-06-29-14-02-37ps5_NGyuan_tile_0009.jpg: 1024x1024 1 OK3, 25.0ms
image 263/677 E:\TJGY\MinPaper\MyAutoAugument\outputs\experiments\20260518_tiled1024_safe_no_ok_position_policy_top3_shorttrain\policies\diag_policy_002\dataset_builder\final_dataset\images\val\2025-06-29-14-02-37ps5_NGyuan_tile_0010.jpg: 1024x1024 1 , 23.8ms
image 264/677 E:\TJGY\MinPaper\MyAutoAugument\outputs\experiments\20260518_tiled1024_safe_no_ok_position_policy_top3_shorttrain\policies\diag_policy_002\dataset_builder\final_dataset\images\val\2025-06-29-14-02-37ps5_NGyuan_tile_0011.jpg: 1024x1024 1 , 25.8ms
image 265/677 E:\TJGY\MinPaper\MyAutoAugument\outputs\experiments\20260518_tiled1024_safe_no_ok_position_policy_top3_shorttrain\policies\diag_policy_002\dataset_builder\final_dataset\images\val\2025-06-29-14-02-37ps5_NGyuan_tile_0013.jpg: 1024x1024 1 OK3, 25.2ms
image 266/677 E:\TJGY\MinPaper\MyAutoAugument\outputs\experiments\20260518_tiled1024_safe_no_ok_position_policy_top3_shorttrain\policies\diag_policy_002\dataset_builder\final_dataset\images\val\2025-06-29-14-02-37ps5_NGyuan_tile_0014.jpg: 1024x1024 1 OK3, 25.6ms
image 267/677 E:\TJGY\MinPaper\MyAutoAugument\outputs\experiments\20260518_tiled1024_safe_no_ok_position_policy_top3_shorttrain\policies\diag_policy_002\dataset_builder\final_dataset\images\val\2025-07-02-21-57-17ps5_tile_0007.jpg: 1024x1024 1 , 27.9ms
image 268/677 E:\TJGY\MinPaper\MyAutoAugument\outputs\experiments\20260518_tiled1024_safe_no_ok_position_policy_top3_shorttrain\policies\diag_policy_002\dataset_builder\final_dataset\images\val\2025-07-02-21-57-17ps5_tile_0008.jpg: 1024x1024 1 OK3, 24.5ms
image 269/677 E:\TJGY\MinPaper\MyAutoAugument\outputs\experiments\20260518_tiled1024_safe_no_ok_position_policy_top3_shorttrain\policies\diag_policy_002\dataset_builder\final_dataset\images\val\2025-07-02-21-57-17ps5_tile_0009.jpg: 1024x1024 1 OK3, 24.6ms
image 270/677 E:\TJGY\MinPaper\MyAutoAugument\outputs\experiments\20260518_tiled1024_safe_no_ok_position_policy_top3_shorttrain\policies\diag_policy_002\dataset_builder\final_dataset\images\val\2025-07-02-21-57-17ps5_tile_0012.jpg: 1024x1024 1 , 24.7ms
image 271/677 E:\TJGY\MinPaper\MyAutoAugument\outputs\experiments\20260518_tiled1024_safe_no_ok_position_policy_top3_shorttrain\policies\diag_policy_002\dataset_builder\final_dataset\images\val\2025-07-02-21-57-17ps5_tile_0013.jpg: 1024x1024 1 OK3, 25.8ms
image 272/677 E:\TJGY\MinPaper\MyAutoAugument\outputs\experiments\20260518_tiled1024_safe_no_ok_position_policy_top3_shorttrain\policies\diag_policy_002\dataset_builder\final_dataset\images\val\2025-07-02-21-57-17ps5_tile_0014.jpg: 1024x1024 1 OK3, 25.7ms
image 273/677 E:\TJGY\MinPaper\MyAutoAugument\outputs\experiments\20260518_tiled1024_safe_no_ok_position_policy_top3_shorttrain\policies\diag_policy_002\dataset_builder\final_dataset\images\val\2025-07-09-20-19-05ps5_NGyuan_tile_0000.jpg: 1024x1024 (no detections), 25.7ms
image 274/677 E:\TJGY\MinPaper\MyAutoAugument\outputs\experiments\20260518_tiled1024_safe_no_ok_position_policy_top3_shorttrain\policies\diag_policy_002\dataset_builder\final_dataset\images\val\2025-07-09-20-19-05ps5_NGyuan_tile_0006.jpg: 1024x1024 (no detections), 25.7ms
image 275/677 E:\TJGY\MinPaper\MyAutoAugument\outputs\experiments\20260518_tiled1024_safe_no_ok_position_policy_top3_shorttrain\policies\diag_policy_002\dataset_builder\final_dataset\images\val\2025-07-09-20-19-05ps5_NGyuan_tile_0007.jpg: 1024x1024 (no detections), 24.5ms
image 276/677 E:\TJGY\MinPaper\MyAutoAugument\outputs\experiments\20260518_tiled1024_safe_no_ok_position_policy_top3_shorttrain\policies\diag_policy_002\dataset_builder\final_dataset\images\val\2025-07-09-20-19-05ps5_NGyuan_tile_0008.jpg: 1024x1024 1 OK3, 24.6ms
image 277/677 E:\TJGY\MinPaper\MyAutoAugument\outputs\experiments\20260518_tiled1024_safe_no_ok_position_policy_top3_shorttrain\policies\diag_policy_002\dataset_builder\final_dataset\images\val\2025-07-09-20-19-05ps5_NGyuan_tile_0011.jpg: 1024x1024 (no detections), 26.3ms
image 278/677 E:\TJGY\MinPaper\MyAutoAugument\outputs\experiments\20260518_tiled1024_safe_no_ok_position_policy_top3_shorttrain\policies\diag_policy_002\dataset_builder\final_dataset\images\val\2025-07-09-20-19-05ps5_NGyuan_tile_0013.jpg: 1024x1024 1 OK3, 25.7ms
image 279/677 E:\TJGY\MinPaper\MyAutoAugument\outputs\experiments\20260518_tiled1024_safe_no_ok_position_policy_top3_shorttrain\policies\diag_policy_002\dataset_builder\final_dataset\images\val\2025-07-11-20-30-00ps5_NGyuan_tile_0000.jpg: 1024x1024 3 s, 24.7ms
image 280/677 E:\TJGY\MinPaper\MyAutoAugument\outputs\experiments\20260518_tiled1024_safe_no_ok_position_policy_top3_shorttrain\policies\diag_policy_002\dataset_builder\final_dataset\images\val\2025-07-11-20-30-00ps5_NGyuan_tile_0001.jpg: 1024x1024 1 , 23.5ms
image 281/677 E:\TJGY\MinPaper\MyAutoAugument\outputs\experiments\20260518_tiled1024_safe_no_ok_position_policy_top3_shorttrain\policies\diag_policy_002\dataset_builder\final_dataset\images\val\2025-07-11-20-30-00ps5_NGyuan_tile_0005.jpg: 1024x1024 3 s, 23.6ms
image 282/677 E:\TJGY\MinPaper\MyAutoAugument\outputs\experiments\20260518_tiled1024_safe_no_ok_position_policy_top3_shorttrain\policies\diag_policy_002\dataset_builder\final_dataset\images\val\2025-07-11-20-30-00ps5_NGyuan_tile_0006.jpg: 1024x1024 1 , 23.5ms
image 283/677 E:\TJGY\MinPaper\MyAutoAugument\outputs\experiments\20260518_tiled1024_safe_no_ok_position_policy_top3_shorttrain\policies\diag_policy_002\dataset_builder\final_dataset\images\val\2025-07-11-20-30-00ps5_NGyuan_tile_0007.jpg: 1024x1024 1 OK3, 24.3ms
image 284/677 E:\TJGY\MinPaper\MyAutoAugument\outputs\experiments\20260518_tiled1024_safe_no_ok_position_policy_top3_shorttrain\policies\diag_policy_002\dataset_builder\final_dataset\images\val\2025-07-11-20-30-00ps5_NGyuan_tile_0010.jpg: 1024x1024 3 s, 24.5ms
image 285/677 E:\TJGY\MinPaper\MyAutoAugument\outputs\experiments\20260518_tiled1024_safe_no_ok_position_policy_top3_shorttrain\policies\diag_policy_002\dataset_builder\final_dataset\images\val\2025-07-11-20-30-00ps5_NGyuan_tile_0011.jpg: 1024x1024 (no detections), 24.6ms
image 286/677 E:\TJGY\MinPaper\MyAutoAugument\outputs\experiments\20260518_tiled1024_safe_no_ok_position_policy_top3_shorttrain\policies\diag_policy_002\dataset_builder\final_dataset\images\val\2025-07-11-20-30-00ps5_NGyuan_tile_0012.jpg: 1024x1024 1 OK3, 28.2ms
image 287/677 E:\TJGY\MinPaper\MyAutoAugument\outputs\experiments\20260518_tiled1024_safe_no_ok_position_policy_top3_shorttrain\policies\diag_policy_002\dataset_builder\final_dataset\images\val\2025-07-13-19-53-18ps5_tile_0000.jpg: 1024x1024 1 , 23.5ms
image 288/677 E:\TJGY\MinPaper\MyAutoAugument\outputs\experiments\20260518_tiled1024_safe_no_ok_position_policy_top3_shorttrain\policies\diag_policy_002\dataset_builder\final_dataset\images\val\2025-07-13-19-53-18ps5_tile_0002.jpg: 1024x1024 1 , 24.7ms
image 289/677 E:\TJGY\MinPaper\MyAutoAugument\outputs\experiments\20260518_tiled1024_safe_no_ok_position_policy_top3_shorttrain\policies\diag_policy_002\dataset_builder\final_dataset\images\val\2025-07-13-19-53-18ps5_tile_0003.jpg: 1024x1024 1 , 24.5ms
image 290/677 E:\TJGY\MinPaper\MyAutoAugument\outputs\experiments\20260518_tiled1024_safe_no_ok_position_policy_top3_shorttrain\policies\diag_policy_002\dataset_builder\final_dataset\images\val\2025-07-13-19-53-18ps5_tile_0006.jpg: 1024x1024 1 , 25.6ms
image 291/677 E:\TJGY\MinPaper\MyAutoAugument\outputs\experiments\20260518_tiled1024_safe_no_ok_position_policy_top3_shorttrain\policies\diag_policy_002\dataset_builder\final_dataset\images\val\2025-07-13-19-53-18ps5_tile_0007.jpg: 1024x1024 1 OK3, 24.7ms
image 292/677 E:\TJGY\MinPaper\MyAutoAugument\outputs\experiments\20260518_tiled1024_safe_no_ok_position_policy_top3_shorttrain\policies\diag_policy_002\dataset_builder\final_dataset\images\val\2025-07-13-19-53-18ps5_tile_0009.jpg: 1024x1024 (no detections), 24.6ms
image 293/677 E:\TJGY\MinPaper\MyAutoAugument\outputs\experiments\20260518_tiled1024_safe_no_ok_position_policy_top3_shorttrain\policies\diag_policy_002\dataset_builder\final_dataset\images\val\2025-07-13-19-53-18ps5_tile_0011.jpg: 1024x1024 (no detections), 23.7ms
image 294/677 E:\TJGY\MinPaper\MyAutoAugument\outputs\experiments\20260518_tiled1024_safe_no_ok_position_policy_top3_shorttrain\policies\diag_policy_002\dataset_builder\final_dataset\images\val\2025-07-13-19-53-18ps5_tile_0012.jpg: 1024x1024 1 OK3, 23.9ms
image 295/677 E:\TJGY\MinPaper\MyAutoAugument\outputs\experiments\20260518_tiled1024_safe_no_ok_position_policy_top3_shorttrain\policies\diag_policy_002\dataset_builder\final_dataset\images\val\2025-07-13-19-53-20ps5_tile_0003.jpg: 1024x1024 1 , 22.9ms
image 296/677 E:\TJGY\MinPaper\MyAutoAugument\outputs\experiments\20260518_tiled1024_safe_no_ok_position_policy_top3_shorttrain\policies\diag_policy_002\dataset_builder\final_dataset\images\val\2025-07-13-19-53-20ps5_tile_0004.jpg: 1024x1024 1 , 24.0ms
image 297/677 E:\TJGY\MinPaper\MyAutoAugument\outputs\experiments\20260518_tiled1024_safe_no_ok_position_policy_top3_shorttrain\policies\diag_policy_002\dataset_builder\final_dataset\images\val\2025-07-13-19-53-20ps5_tile_0006.jpg: 1024x1024 (no detections), 24.0ms
image 298/677 E:\TJGY\MinPaper\MyAutoAugument\outputs\experiments\20260518_tiled1024_safe_no_ok_position_policy_top3_shorttrain\policies\diag_policy_002\dataset_builder\final_dataset\images\val\2025-07-13-19-53-20ps5_tile_0008.jpg: 1024x1024 1 OK3, 22.9ms
image 299/677 E:\TJGY\MinPaper\MyAutoAugument\outputs\experiments\20260518_tiled1024_safe_no_ok_position_policy_top3_shorttrain\policies\diag_policy_002\dataset_builder\final_dataset\images\val\2025-07-13-19-53-20ps5_tile_0009.jpg: 1024x1024 1 OK3, 24.0ms
image 300/677 E:\TJGY\MinPaper\MyAutoAugument\outputs\experiments\20260518_tiled1024_safe_no_ok_position_policy_top3_shorttrain\policies\diag_policy_002\dataset_builder\final_dataset\images\val\2025-07-13-19-53-20ps5_tile_0011.jpg: 1024x1024 (no detections), 24.0ms
image 301/677 E:\TJGY\MinPaper\MyAutoAugument\outputs\experiments\20260518_tiled1024_safe_no_ok_position_policy_top3_shorttrain\policies\diag_policy_002\dataset_builder\final_dataset\images\val\2025-07-13-19-53-20ps5_tile_0013.jpg: 1024x1024 1 OK3, 25.7ms
image 302/677 E:\TJGY\MinPaper\MyAutoAugument\outputs\experiments\20260518_tiled1024_safe_no_ok_position_policy_top3_shorttrain\policies\diag_policy_002\dataset_builder\final_dataset\images\val\2025-07-13-19-53-20ps5_tile_0014.jpg: 1024x1024 1 OK3, 23.9ms
image 303/677 E:\TJGY\MinPaper\MyAutoAugument\outputs\experiments\20260518_tiled1024_safe_no_ok_position_policy_top3_shorttrain\policies\diag_policy_002\dataset_builder\final_dataset\images\val\2025-07-13-20-08-46ps5_NGyuan_tile_0002.jpg: 1024x1024 1 , 22.9ms
image 304/677 E:\TJGY\MinPaper\MyAutoAugument\outputs\experiments\20260518_tiled1024_safe_no_ok_position_policy_top3_shorttrain\policies\diag_policy_002\dataset_builder\final_dataset\images\val\2025-07-13-20-08-46ps5_NGyuan_tile_0003.jpg: 1024x1024 1 , 22.9ms
image 305/677 E:\TJGY\MinPaper\MyAutoAugument\outputs\experiments\20260518_tiled1024_safe_no_ok_position_policy_top3_shorttrain\policies\diag_policy_002\dataset_builder\final_dataset\images\val\2025-07-13-20-08-46ps5_NGyuan_tile_0006.jpg: 1024x1024 (no detections), 23.8ms
image 306/677 E:\TJGY\MinPaper\MyAutoAugument\outputs\experiments\20260518_tiled1024_safe_no_ok_position_policy_top3_shorttrain\policies\diag_policy_002\dataset_builder\final_dataset\images\val\2025-07-13-20-08-46ps5_NGyuan_tile_0007.jpg: 1024x1024 1 OK3, 1 , 2 s, 24.1ms
image 307/677 E:\TJGY\MinPaper\MyAutoAugument\outputs\experiments\20260518_tiled1024_safe_no_ok_position_policy_top3_shorttrain\policies\diag_policy_002\dataset_builder\final_dataset\images\val\2025-07-13-20-08-46ps5_NGyuan_tile_0008.jpg: 1024x1024 1 OK3, 1 , 26.1ms
image 308/677 E:\TJGY\MinPaper\MyAutoAugument\outputs\experiments\20260518_tiled1024_safe_no_ok_position_policy_top3_shorttrain\policies\diag_policy_002\dataset_builder\final_dataset\images\val\2025-07-13-20-08-46ps5_NGyuan_tile_0011.jpg: 1024x1024 (no detections), 24.0ms
image 309/677 E:\TJGY\MinPaper\MyAutoAugument\outputs\experiments\20260518_tiled1024_safe_no_ok_position_policy_top3_shorttrain\policies\diag_policy_002\dataset_builder\final_dataset\images\val\2025-07-13-20-08-46ps5_NGyuan_tile_0012.jpg: 1024x1024 1 OK3, 2 s, 22.9ms
image 310/677 E:\TJGY\MinPaper\MyAutoAugument\outputs\experiments\20260518_tiled1024_safe_no_ok_position_policy_top3_shorttrain\policies\diag_policy_002\dataset_builder\final_dataset\images\val\2025-07-13-20-08-46ps5_NGyuan_tile_0013.jpg: 1024x1024 (no detections), 22.9ms
image 311/677 E:\TJGY\MinPaper\MyAutoAugument\outputs\experiments\20260518_tiled1024_safe_no_ok_position_policy_top3_shorttrain\policies\diag_policy_002\dataset_builder\final_dataset\images\val\2025-07-13-20-10-56ps5_NGyuan_tile_0002.jpg: 1024x1024 1 , 23.8ms
image 312/677 E:\TJGY\MinPaper\MyAutoAugument\outputs\experiments\20260518_tiled1024_safe_no_ok_position_policy_top3_shorttrain\policies\diag_policy_002\dataset_builder\final_dataset\images\val\2025-07-13-20-10-56ps5_NGyuan_tile_0006.jpg: 1024x1024 (no detections), 23.8ms
image 313/677 E:\TJGY\MinPaper\MyAutoAugument\outputs\experiments\20260518_tiled1024_safe_no_ok_position_policy_top3_shorttrain\policies\diag_policy_002\dataset_builder\final_dataset\images\val\2025-07-13-20-10-56ps5_NGyuan_tile_0007.jpg: 1024x1024 1 , 22.9ms
image 314/677 E:\TJGY\MinPaper\MyAutoAugument\outputs\experiments\20260518_tiled1024_safe_no_ok_position_policy_top3_shorttrain\policies\diag_policy_002\dataset_builder\final_dataset\images\val\2025-07-13-20-10-56ps5_NGyuan_tile_0008.jpg: 1024x1024 1 OK3, 24.1ms
image 315/677 E:\TJGY\MinPaper\MyAutoAugument\outputs\experiments\20260518_tiled1024_safe_no_ok_position_policy_top3_shorttrain\policies\diag_policy_002\dataset_builder\final_dataset\images\val\2025-07-13-20-10-56ps5_NGyuan_tile_0009.jpg: 1024x1024 1 OK3, 22.9ms
image 316/677 E:\TJGY\MinPaper\MyAutoAugument\outputs\experiments\20260518_tiled1024_safe_no_ok_position_policy_top3_shorttrain\policies\diag_policy_002\dataset_builder\final_dataset\images\val\2025-07-13-20-10-56ps5_NGyuan_tile_0011.jpg: 1024x1024 (no detections), 23.7ms
image 317/677 E:\TJGY\MinPaper\MyAutoAugument\outputs\experiments\20260518_tiled1024_safe_no_ok_position_policy_top3_shorttrain\policies\diag_policy_002\dataset_builder\final_dataset\images\val\2025-07-13-20-10-56ps5_NGyuan_tile_0012.jpg: 1024x1024 1 , 25.3ms
image 318/677 E:\TJGY\MinPaper\MyAutoAugument\outputs\experiments\20260518_tiled1024_safe_no_ok_position_policy_top3_shorttrain\policies\diag_policy_002\dataset_builder\final_dataset\images\val\2025-07-13-20-10-56ps5_NGyuan_tile_0013.jpg: 1024x1024 1 OK3, 25.6ms
image 319/677 E:\TJGY\MinPaper\MyAutoAugument\outputs\experiments\20260518_tiled1024_safe_no_ok_position_policy_top3_shorttrain\policies\diag_policy_002\dataset_builder\final_dataset\images\val\2025-07-13-20-10-56ps5_NGyuan_tile_0014.jpg: 1024x1024 1 OK3, 24.8ms
image 320/677 E:\TJGY\MinPaper\MyAutoAugument\outputs\experiments\20260518_tiled1024_safe_no_ok_position_policy_top3_shorttrain\policies\diag_policy_002\dataset_builder\final_dataset\images\val\2025-07-14-18-42-05ps5_NGyuan_tile_0002.jpg: 1024x1024 1 , 24.7ms
image 321/677 E:\TJGY\MinPaper\MyAutoAugument\outputs\experiments\20260518_tiled1024_safe_no_ok_position_policy_top3_shorttrain\policies\diag_policy_002\dataset_builder\final_dataset\images\val\2025-07-14-18-42-05ps5_NGyuan_tile_0006.jpg: 1024x1024 1 , 26.6ms
image 322/677 E:\TJGY\MinPaper\MyAutoAugument\outputs\experiments\20260518_tiled1024_safe_no_ok_position_policy_top3_shorttrain\policies\diag_policy_002\dataset_builder\final_dataset\images\val\2025-07-14-18-42-05ps5_NGyuan_tile_0007.jpg: 1024x1024 1 OK3, 1 , 1 , 24.5ms
image 323/677 E:\TJGY\MinPaper\MyAutoAugument\outputs\experiments\20260518_tiled1024_safe_no_ok_position_policy_top3_shorttrain\policies\diag_policy_002\dataset_builder\final_dataset\images\val\2025-07-14-18-42-05ps5_NGyuan_tile_0011.jpg: 1024x1024 1 , 23.5ms
image 324/677 E:\TJGY\MinPaper\MyAutoAugument\outputs\experiments\20260518_tiled1024_safe_no_ok_position_policy_top3_shorttrain\policies\diag_policy_002\dataset_builder\final_dataset\images\val\2025-07-14-18-42-05ps5_NGyuan_tile_0012.jpg: 1024x1024 1 OK3, 2 s, 23.5ms
image 325/677 E:\TJGY\MinPaper\MyAutoAugument\outputs\experiments\20260518_tiled1024_safe_no_ok_position_policy_top3_shorttrain\policies\diag_policy_002\dataset_builder\final_dataset\images\val\2025-07-14-19-29-20ps5_tile_0000.jpg: 1024x1024 (no detections), 24.7ms
image 326/677 E:\TJGY\MinPaper\MyAutoAugument\outputs\experiments\20260518_tiled1024_safe_no_ok_position_policy_top3_shorttrain\policies\diag_policy_002\dataset_builder\final_dataset\images\val\2025-07-14-19-29-20ps5_tile_0002.jpg: 1024x1024 1 , 24.8ms
image 327/677 E:\TJGY\MinPaper\MyAutoAugument\outputs\experiments\20260518_tiled1024_safe_no_ok_position_policy_top3_shorttrain\policies\diag_policy_002\dataset_builder\final_dataset\images\val\2025-07-14-19-29-20ps5_tile_0003.jpg: 1024x1024 1 , 24.5ms
image 328/677 E:\TJGY\MinPaper\MyAutoAugument\outputs\experiments\20260518_tiled1024_safe_no_ok_position_policy_top3_shorttrain\policies\diag_policy_002\dataset_builder\final_dataset\images\val\2025-07-14-19-29-20ps5_tile_0006.jpg: 1024x1024 (no detections), 23.6ms
image 329/677 E:\TJGY\MinPaper\MyAutoAugument\outputs\experiments\20260518_tiled1024_safe_no_ok_position_policy_top3_shorttrain\policies\diag_policy_002\dataset_builder\final_dataset\images\val\2025-07-14-19-29-20ps5_tile_0007.jpg: 1024x1024 1 OK3, 1 , 24.4ms
image 330/677 E:\TJGY\MinPaper\MyAutoAugument\outputs\experiments\20260518_tiled1024_safe_no_ok_position_policy_top3_shorttrain\policies\diag_policy_002\dataset_builder\final_dataset\images\val\2025-07-14-19-29-20ps5_tile_0008.jpg: 1024x1024 (no detections), 23.6ms
image 331/677 E:\TJGY\MinPaper\MyAutoAugument\outputs\experiments\20260518_tiled1024_safe_no_ok_position_policy_top3_shorttrain\policies\diag_policy_002\dataset_builder\final_dataset\images\val\2025-07-14-19-29-20ps5_tile_0012.jpg: 1024x1024 1 OK3, 1 , 24.6ms
image 332/677 E:\TJGY\MinPaper\MyAutoAugument\outputs\experiments\20260518_tiled1024_safe_no_ok_position_policy_top3_shorttrain\policies\diag_policy_002\dataset_builder\final_dataset\images\val\2025-07-14-19-29-24ps5_tile_0007.jpg: 1024x1024 1 OK3, 1 , 1 , 25.4ms
image 333/677 E:\TJGY\MinPaper\MyAutoAugument\outputs\experiments\20260518_tiled1024_safe_no_ok_position_policy_top3_shorttrain\policies\diag_policy_002\dataset_builder\final_dataset\images\val\2025-07-14-19-29-24ps5_tile_0012.jpg: 1024x1024 1 OK3, 1 , 22.9ms
image 334/677 E:\TJGY\MinPaper\MyAutoAugument\outputs\experiments\20260518_tiled1024_safe_no_ok_position_policy_top3_shorttrain\policies\diag_policy_002\dataset_builder\final_dataset\images\val\2025-07-21-20-56-48ps5_NGyuan_tile_0000.jpg: 1024x1024 1 , 22.9ms
image 335/677 E:\TJGY\MinPaper\MyAutoAugument\outputs\experiments\20260518_tiled1024_safe_no_ok_position_policy_top3_shorttrain\policies\diag_policy_002\dataset_builder\final_dataset\images\val\2025-07-21-20-56-48ps5_NGyuan_tile_0001.jpg: 1024x1024 1 , 25.0ms
image 336/677 E:\TJGY\MinPaper\MyAutoAugument\outputs\experiments\20260518_tiled1024_safe_no_ok_position_policy_top3_shorttrain\policies\diag_policy_002\dataset_builder\final_dataset\images\val\2025-07-21-20-56-48ps5_NGyuan_tile_0004.jpg: 1024x1024 (no detections), 24.0ms
image 337/677 E:\TJGY\MinPaper\MyAutoAugument\outputs\experiments\20260518_tiled1024_safe_no_ok_position_policy_top3_shorttrain\policies\diag_policy_002\dataset_builder\final_dataset\images\val\2025-07-21-20-56-48ps5_NGyuan_tile_0005.jpg: 1024x1024 (no detections), 24.1ms
image 338/677 E:\TJGY\MinPaper\MyAutoAugument\outputs\experiments\20260518_tiled1024_safe_no_ok_position_policy_top3_shorttrain\policies\diag_policy_002\dataset_builder\final_dataset\images\val\2025-07-21-20-56-48ps5_NGyuan_tile_0006.jpg: 1024x1024 (no detections), 24.0ms
image 339/677 E:\TJGY\MinPaper\MyAutoAugument\outputs\experiments\20260518_tiled1024_safe_no_ok_position_policy_top3_shorttrain\policies\diag_policy_002\dataset_builder\final_dataset\images\val\2025-07-21-20-56-48ps5_NGyuan_tile_0007.jpg: 1024x1024 1 OK3, 23.0ms
image 340/677 E:\TJGY\MinPaper\MyAutoAugument\outputs\experiments\20260518_tiled1024_safe_no_ok_position_policy_top3_shorttrain\policies\diag_policy_002\dataset_builder\final_dataset\images\val\2025-07-21-20-56-48ps5_NGyuan_tile_0010.jpg: 1024x1024 (no detections), 22.9ms
image 341/677 E:\TJGY\MinPaper\MyAutoAugument\outputs\experiments\20260518_tiled1024_safe_no_ok_position_policy_top3_shorttrain\policies\diag_policy_002\dataset_builder\final_dataset\images\val\2025-07-21-20-56-48ps5_NGyuan_tile_0011.jpg: 1024x1024 (no detections), 23.8ms
image 342/677 E:\TJGY\MinPaper\MyAutoAugument\outputs\experiments\20260518_tiled1024_safe_no_ok_position_policy_top3_shorttrain\policies\diag_policy_002\dataset_builder\final_dataset\images\val\2025-07-21-20-56-48ps5_NGyuan_tile_0012.jpg: 1024x1024 1 OK3, 22.9ms
image 343/677 E:\TJGY\MinPaper\MyAutoAugument\outputs\experiments\20260518_tiled1024_safe_no_ok_position_policy_top3_shorttrain\policies\diag_policy_002\dataset_builder\final_dataset\images\val\2025-08-01-18-25-43ps5_NGyuan_tile_0005.jpg: 1024x1024 (no detections), 24.0ms
image 344/677 E:\TJGY\MinPaper\MyAutoAugument\outputs\experiments\20260518_tiled1024_safe_no_ok_position_policy_top3_shorttrain\policies\diag_policy_002\dataset_builder\final_dataset\images\val\2025-08-01-18-25-43ps5_NGyuan_tile_0006.jpg: 1024x1024 1 , 25.1ms
image 345/677 E:\TJGY\MinPaper\MyAutoAugument\outputs\experiments\20260518_tiled1024_safe_no_ok_position_policy_top3_shorttrain\policies\diag_policy_002\dataset_builder\final_dataset\images\val\2025-08-01-18-25-43ps5_NGyuan_tile_0007.jpg: 1024x1024 1 OK3, 1 , 23.9ms
image 346/677 E:\TJGY\MinPaper\MyAutoAugument\outputs\experiments\20260518_tiled1024_safe_no_ok_position_policy_top3_shorttrain\policies\diag_policy_002\dataset_builder\final_dataset\images\val\2025-08-01-18-25-43ps5_NGyuan_tile_0010.jpg: 1024x1024 (no detections), 24.0ms
image 347/677 E:\TJGY\MinPaper\MyAutoAugument\outputs\experiments\20260518_tiled1024_safe_no_ok_position_policy_top3_shorttrain\policies\diag_policy_002\dataset_builder\final_dataset\images\val\2025-08-01-18-25-43ps5_NGyuan_tile_0011.jpg: 1024x1024 1 , 26.4ms
image 348/677 E:\TJGY\MinPaper\MyAutoAugument\outputs\experiments\20260518_tiled1024_safe_no_ok_position_policy_top3_shorttrain\policies\diag_policy_002\dataset_builder\final_dataset\images\val\2025-08-01-18-25-43ps5_NGyuan_tile_0012.jpg: 1024x1024 1 OK3, 1 , 23.8ms
image 349/677 E:\TJGY\MinPaper\MyAutoAugument\outputs\experiments\20260518_tiled1024_safe_no_ok_position_policy_top3_shorttrain\policies\diag_policy_002\dataset_builder\final_dataset\images\val\2025-08-01-19-07-33ps5_tile_0001.jpg: 1024x1024 1 , 23.6ms
image 350/677 E:\TJGY\MinPaper\MyAutoAugument\outputs\experiments\20260518_tiled1024_safe_no_ok_position_policy_top3_shorttrain\policies\diag_policy_002\dataset_builder\final_dataset\images\val\2025-08-01-19-07-33ps5_tile_0006.jpg: 1024x1024 1 , 23.9ms
image 351/677 E:\TJGY\MinPaper\MyAutoAugument\outputs\experiments\20260518_tiled1024_safe_no_ok_position_policy_top3_shorttrain\policies\diag_policy_002\dataset_builder\final_dataset\images\val\2025-08-01-19-07-33ps5_tile_0007.jpg: 1024x1024 (no detections), 23.8ms
image 352/677 E:\TJGY\MinPaper\MyAutoAugument\outputs\experiments\20260518_tiled1024_safe_no_ok_position_policy_top3_shorttrain\policies\diag_policy_002\dataset_builder\final_dataset\images\val\2025-08-01-19-07-33ps5_tile_0008.jpg: 1024x1024 1 OK3, 22.7ms
image 353/677 E:\TJGY\MinPaper\MyAutoAugument\outputs\experiments\20260518_tiled1024_safe_no_ok_position_policy_top3_shorttrain\policies\diag_policy_002\dataset_builder\final_dataset\images\val\2025-08-01-19-07-33ps5_tile_0009.jpg: 1024x1024 1 OK3, 23.9ms
image 354/677 E:\TJGY\MinPaper\MyAutoAugument\outputs\experiments\20260518_tiled1024_safe_no_ok_position_policy_top3_shorttrain\policies\diag_policy_002\dataset_builder\final_dataset\images\val\2025-08-01-19-07-33ps5_tile_0011.jpg: 1024x1024 1 , 23.7ms
image 355/677 E:\TJGY\MinPaper\MyAutoAugument\outputs\experiments\20260518_tiled1024_safe_no_ok_position_policy_top3_shorttrain\policies\diag_policy_002\dataset_builder\final_dataset\images\val\2025-08-01-19-07-33ps5_tile_0012.jpg: 1024x1024 (no detections), 23.8ms
image 356/677 E:\TJGY\MinPaper\MyAutoAugument\outputs\experiments\20260518_tiled1024_safe_no_ok_position_policy_top3_shorttrain\policies\diag_policy_002\dataset_builder\final_dataset\images\val\2025-08-01-19-07-33ps5_tile_0013.jpg: 1024x1024 1 OK3, 22.7ms
image 357/677 E:\TJGY\MinPaper\MyAutoAugument\outputs\experiments\20260518_tiled1024_safe_no_ok_position_policy_top3_shorttrain\policies\diag_policy_002\dataset_builder\final_dataset\images\val\2025-08-01-19-07-33ps5_tile_0014.jpg: 1024x1024 1 OK3, 22.7ms
image 358/677 E:\TJGY\MinPaper\MyAutoAugument\outputs\experiments\20260518_tiled1024_safe_no_ok_position_policy_top3_shorttrain\policies\diag_policy_002\dataset_builder\final_dataset\images\val\2025-08-01-19-15-54ps5_NGyuan_tile_0001.jpg: 1024x1024 2 s, 1 , 22.8ms
image 359/677 E:\TJGY\MinPaper\MyAutoAugument\outputs\experiments\20260518_tiled1024_safe_no_ok_position_policy_top3_shorttrain\policies\diag_policy_002\dataset_builder\final_dataset\images\val\2025-08-01-19-15-54ps5_NGyuan_tile_0002.jpg: 1024x1024 1 , 23.9ms
image 360/677 E:\TJGY\MinPaper\MyAutoAugument\outputs\experiments\20260518_tiled1024_safe_no_ok_position_policy_top3_shorttrain\policies\diag_policy_002\dataset_builder\final_dataset\images\val\2025-08-01-19-15-54ps5_NGyuan_tile_0003.jpg: 1024x1024 (no detections), 24.9ms
image 361/677 E:\TJGY\MinPaper\MyAutoAugument\outputs\experiments\20260518_tiled1024_safe_no_ok_position_policy_top3_shorttrain\policies\diag_policy_002\dataset_builder\final_dataset\images\val\2025-08-01-19-15-54ps5_NGyuan_tile_0005.jpg: 1024x1024 1 , 23.8ms
image 362/677 E:\TJGY\MinPaper\MyAutoAugument\outputs\experiments\20260518_tiled1024_safe_no_ok_position_policy_top3_shorttrain\policies\diag_policy_002\dataset_builder\final_dataset\images\val\2025-08-01-19-15-54ps5_NGyuan_tile_0007.jpg: 1024x1024 1 OK3, 23.8ms
image 363/677 E:\TJGY\MinPaper\MyAutoAugument\outputs\experiments\20260518_tiled1024_safe_no_ok_position_policy_top3_shorttrain\policies\diag_policy_002\dataset_builder\final_dataset\images\val\2025-08-01-19-15-54ps5_NGyuan_tile_0008.jpg: 1024x1024 (no detections), 23.8ms
image 364/677 E:\TJGY\MinPaper\MyAutoAugument\outputs\experiments\20260518_tiled1024_safe_no_ok_position_policy_top3_shorttrain\policies\diag_policy_002\dataset_builder\final_dataset\images\val\2025-08-01-19-15-54ps5_NGyuan_tile_0010.jpg: 1024x1024 1 , 22.7ms
image 365/677 E:\TJGY\MinPaper\MyAutoAugument\outputs\experiments\20260518_tiled1024_safe_no_ok_position_policy_top3_shorttrain\policies\diag_policy_002\dataset_builder\final_dataset\images\val\2025-08-01-19-15-54ps5_NGyuan_tile_0012.jpg: 1024x1024 1 OK3, 23.9ms
image 366/677 E:\TJGY\MinPaper\MyAutoAugument\outputs\experiments\20260518_tiled1024_safe_no_ok_position_policy_top3_shorttrain\policies\diag_policy_002\dataset_builder\final_dataset\images\val\2025-08-01-19-15-54ps5_NGyuan_tile_0013.jpg: 1024x1024 (no detections), 22.7ms
image 367/677 E:\TJGY\MinPaper\MyAutoAugument\outputs\experiments\20260518_tiled1024_safe_no_ok_position_policy_top3_shorttrain\policies\diag_policy_002\dataset_builder\final_dataset\images\val\2025-08-04-12-33-32ps5_NGyuan_tile_0006.jpg: 1024x1024 (no detections), 22.7ms
image 368/677 E:\TJGY\MinPaper\MyAutoAugument\outputs\experiments\20260518_tiled1024_safe_no_ok_position_policy_top3_shorttrain\policies\diag_policy_002\dataset_builder\final_dataset\images\val\2025-08-04-12-33-32ps5_NGyuan_tile_0007.jpg: 1024x1024 1 OK3, 2 s, 23.9ms
image 369/677 E:\TJGY\MinPaper\MyAutoAugument\outputs\experiments\20260518_tiled1024_safe_no_ok_position_policy_top3_shorttrain\policies\diag_policy_002\dataset_builder\final_dataset\images\val\2025-08-04-12-33-32ps5_NGyuan_tile_0011.jpg: 1024x1024 (no detections), 23.9ms
image 370/677 E:\TJGY\MinPaper\MyAutoAugument\outputs\experiments\20260518_tiled1024_safe_no_ok_position_policy_top3_shorttrain\policies\diag_policy_002\dataset_builder\final_dataset\images\val\2025-08-04-12-33-32ps5_NGyuan_tile_0012.jpg: 1024x1024 1 OK3, 2 s, 24.4ms
image 371/677 E:\TJGY\MinPaper\MyAutoAugument\outputs\experiments\20260518_tiled1024_safe_no_ok_position_policy_top3_shorttrain\policies\diag_policy_002\dataset_builder\final_dataset\images\val\2025-08-11-12-08-10ps5_NGyuan_tile_0000.jpg: 1024x1024 (no detections), 22.8ms
image 372/677 E:\TJGY\MinPaper\MyAutoAugument\outputs\experiments\20260518_tiled1024_safe_no_ok_position_policy_top3_shorttrain\policies\diag_policy_002\dataset_builder\final_dataset\images\val\2025-08-11-12-08-10ps5_NGyuan_tile_0002.jpg: 1024x1024 (no detections), 23.6ms
image 373/677 E:\TJGY\MinPaper\MyAutoAugument\outputs\experiments\20260518_tiled1024_safe_no_ok_position_policy_top3_shorttrain\policies\diag_policy_002\dataset_builder\final_dataset\images\val\2025-08-11-12-08-10ps5_NGyuan_tile_0007.jpg: 1024x1024 1 OK3, 24.6ms
image 374/677 E:\TJGY\MinPaper\MyAutoAugument\outputs\experiments\20260518_tiled1024_safe_no_ok_position_policy_top3_shorttrain\policies\diag_policy_002\dataset_builder\final_dataset\images\val\2025-08-11-12-08-10ps5_NGyuan_tile_0012.jpg: 1024x1024 1 OK3, 24.8ms
image 375/677 E:\TJGY\MinPaper\MyAutoAugument\outputs\experiments\20260518_tiled1024_safe_no_ok_position_policy_top3_shorttrain\policies\diag_policy_002\dataset_builder\final_dataset\images\val\2025-08-11-17-58-17ps5_NGyuan_tile_0004.jpg: 1024x1024 (no detections), 24.9ms
image 376/677 E:\TJGY\MinPaper\MyAutoAugument\outputs\experiments\20260518_tiled1024_safe_no_ok_position_policy_top3_shorttrain\policies\diag_policy_002\dataset_builder\final_dataset\images\val\2025-08-11-17-58-17ps5_NGyuan_tile_0007.jpg: 1024x1024 1 OK3, 23.8ms
image 377/677 E:\TJGY\MinPaper\MyAutoAugument\outputs\experiments\20260518_tiled1024_safe_no_ok_position_policy_top3_shorttrain\policies\diag_policy_002\dataset_builder\final_dataset\images\val\2025-08-11-17-58-17ps5_NGyuan_tile_0012.jpg: 1024x1024 1 OK3, 23.8ms
image 378/677 E:\TJGY\MinPaper\MyAutoAugument\outputs\experiments\20260518_tiled1024_safe_no_ok_position_policy_top3_shorttrain\policies\diag_policy_002\dataset_builder\final_dataset\images\val\2025-08-11-19-47-12ps5_tile_0000.jpg: 1024x1024 (no detections), 23.8ms
image 379/677 E:\TJGY\MinPaper\MyAutoAugument\outputs\experiments\20260518_tiled1024_safe_no_ok_position_policy_top3_shorttrain\policies\diag_policy_002\dataset_builder\final_dataset\images\val\2025-08-11-19-47-12ps5_tile_0001.jpg: 1024x1024 (no detections), 25.0ms
image 380/677 E:\TJGY\MinPaper\MyAutoAugument\outputs\experiments\20260518_tiled1024_safe_no_ok_position_policy_top3_shorttrain\policies\diag_policy_002\dataset_builder\final_dataset\images\val\2025-08-11-19-47-12ps5_tile_0002.jpg: 1024x1024 1 , 23.8ms
image 381/677 E:\TJGY\MinPaper\MyAutoAugument\outputs\experiments\20260518_tiled1024_safe_no_ok_position_policy_top3_shorttrain\policies\diag_policy_002\dataset_builder\final_dataset\images\val\2025-08-11-19-47-12ps5_tile_0005.jpg: 1024x1024 1 , 23.8ms
image 382/677 E:\TJGY\MinPaper\MyAutoAugument\outputs\experiments\20260518_tiled1024_safe_no_ok_position_policy_top3_shorttrain\policies\diag_policy_002\dataset_builder\final_dataset\images\val\2025-08-11-19-47-12ps5_tile_0007.jpg: 1024x1024 1 OK3, 1 , 24.5ms
image 383/677 E:\TJGY\MinPaper\MyAutoAugument\outputs\experiments\20260518_tiled1024_safe_no_ok_position_policy_top3_shorttrain\policies\diag_policy_002\dataset_builder\final_dataset\images\val\2025-08-11-19-47-12ps5_tile_0010.jpg: 1024x1024 1 , 25.6ms
image 384/677 E:\TJGY\MinPaper\MyAutoAugument\outputs\experiments\20260518_tiled1024_safe_no_ok_position_policy_top3_shorttrain\policies\diag_policy_002\dataset_builder\final_dataset\images\val\2025-08-11-19-47-12ps5_tile_0012.jpg: 1024x1024 1 OK3, 1 , 24.6ms
image 385/677 E:\TJGY\MinPaper\MyAutoAugument\outputs\experiments\20260518_tiled1024_safe_no_ok_position_policy_top3_shorttrain\policies\diag_policy_002\dataset_builder\final_dataset\images\val\2025-08-11-19-48-33ps5_tile_0002.jpg: 1024x1024 1 , 1 , 25.9ms
image 386/677 E:\TJGY\MinPaper\MyAutoAugument\outputs\experiments\20260518_tiled1024_safe_no_ok_position_policy_top3_shorttrain\policies\diag_policy_002\dataset_builder\final_dataset\images\val\2025-08-11-19-48-33ps5_tile_0003.jpg: 1024x1024 1 , 26.7ms
image 387/677 E:\TJGY\MinPaper\MyAutoAugument\outputs\experiments\20260518_tiled1024_safe_no_ok_position_policy_top3_shorttrain\policies\diag_policy_002\dataset_builder\final_dataset\images\val\2025-08-11-19-48-33ps5_tile_0004.jpg: 1024x1024 1 , 26.0ms
image 388/677 E:\TJGY\MinPaper\MyAutoAugument\outputs\experiments\20260518_tiled1024_safe_no_ok_position_policy_top3_shorttrain\policies\diag_policy_002\dataset_builder\final_dataset\images\val\2025-08-11-19-48-33ps5_tile_0007.jpg: 1024x1024 1 OK3, 2 s, 1 , 25.9ms
image 389/677 E:\TJGY\MinPaper\MyAutoAugument\outputs\experiments\20260518_tiled1024_safe_no_ok_position_policy_top3_shorttrain\policies\diag_policy_002\dataset_builder\final_dataset\images\val\2025-08-11-19-48-33ps5_tile_0012.jpg: 1024x1024 1 OK3, 2 s, 26.7ms
image 390/677 E:\TJGY\MinPaper\MyAutoAugument\outputs\experiments\20260518_tiled1024_safe_no_ok_position_policy_top3_shorttrain\policies\diag_policy_002\dataset_builder\final_dataset\images\val\2025-08-11-19-48-39ps5_tile_0000.jpg: 1024x1024 2 s, 26.8ms
image 391/677 E:\TJGY\MinPaper\MyAutoAugument\outputs\experiments\20260518_tiled1024_safe_no_ok_position_policy_top3_shorttrain\policies\diag_policy_002\dataset_builder\final_dataset\images\val\2025-08-11-19-48-39ps5_tile_0002.jpg: 1024x1024 1 , 26.8ms
image 392/677 E:\TJGY\MinPaper\MyAutoAugument\outputs\experiments\20260518_tiled1024_safe_no_ok_position_policy_top3_shorttrain\policies\diag_policy_002\dataset_builder\final_dataset\images\val\2025-08-11-19-48-39ps5_tile_0007.jpg: 1024x1024 1 OK3, 1 , 24.6ms
image 393/677 E:\TJGY\MinPaper\MyAutoAugument\outputs\experiments\20260518_tiled1024_safe_no_ok_position_policy_top3_shorttrain\policies\diag_policy_002\dataset_builder\final_dataset\images\val\2025-08-11-19-48-39ps5_tile_0012.jpg: 1024x1024 1 OK3, 1 , 24.6ms
image 394/677 E:\TJGY\MinPaper\MyAutoAugument\outputs\experiments\20260518_tiled1024_safe_no_ok_position_policy_top3_shorttrain\policies\diag_policy_002\dataset_builder\final_dataset\images\val\2025-08-12-01-35-13ps5_NGyuan_tile_0005.jpg: 1024x1024 (no detections), 24.8ms
image 395/677 E:\TJGY\MinPaper\MyAutoAugument\outputs\experiments\20260518_tiled1024_safe_no_ok_position_policy_top3_shorttrain\policies\diag_policy_002\dataset_builder\final_dataset\images\val\2025-08-12-01-35-13ps5_NGyuan_tile_0008.jpg: 1024x1024 1 OK3, 23.6ms
image 396/677 E:\TJGY\MinPaper\MyAutoAugument\outputs\experiments\20260518_tiled1024_safe_no_ok_position_policy_top3_shorttrain\policies\diag_policy_002\dataset_builder\final_dataset\images\val\2025-08-12-01-35-13ps5_NGyuan_tile_0009.jpg: 1024x1024 (no detections), 26.2ms
image 397/677 E:\TJGY\MinPaper\MyAutoAugument\outputs\experiments\20260518_tiled1024_safe_no_ok_position_policy_top3_shorttrain\policies\diag_policy_002\dataset_builder\final_dataset\images\val\2025-08-12-01-35-13ps5_NGyuan_tile_0010.jpg: 1024x1024 (no detections), 24.7ms
image 398/677 E:\TJGY\MinPaper\MyAutoAugument\outputs\experiments\20260518_tiled1024_safe_no_ok_position_policy_top3_shorttrain\policies\diag_policy_002\dataset_builder\final_dataset\images\val\2025-08-12-01-35-13ps5_NGyuan_tile_0013.jpg: 1024x1024 1 OK3, 24.7ms
image 399/677 E:\TJGY\MinPaper\MyAutoAugument\outputs\experiments\20260518_tiled1024_safe_no_ok_position_policy_top3_shorttrain\policies\diag_policy_002\dataset_builder\final_dataset\images\val\2025-08-12-01-35-13ps5_NGyuan_tile_0014.jpg: 1024x1024 (no detections), 24.7ms
image 400/677 E:\TJGY\MinPaper\MyAutoAugument\outputs\experiments\20260518_tiled1024_safe_no_ok_position_policy_top3_shorttrain\policies\diag_policy_002\dataset_builder\final_dataset\images\val\2025-08-12-02-18-52ps5_NGyuan_tile_0002.jpg: 1024x1024 1 , 23.5ms
image 401/677 E:\TJGY\MinPaper\MyAutoAugument\outputs\experiments\20260518_tiled1024_safe_no_ok_position_policy_top3_shorttrain\policies\diag_policy_002\dataset_builder\final_dataset\images\val\2025-08-12-02-18-52ps5_NGyuan_tile_0003.jpg: 1024x1024 1 , 23.5ms
image 402/677 E:\TJGY\MinPaper\MyAutoAugument\outputs\experiments\20260518_tiled1024_safe_no_ok_position_policy_top3_shorttrain\policies\diag_policy_002\dataset_builder\final_dataset\images\val\2025-08-12-02-18-52ps5_NGyuan_tile_0006.jpg: 1024x1024 (no detections), 23.6ms
image 403/677 E:\TJGY\MinPaper\MyAutoAugument\outputs\experiments\20260518_tiled1024_safe_no_ok_position_policy_top3_shorttrain\policies\diag_policy_002\dataset_builder\final_dataset\images\val\2025-08-12-02-18-52ps5_NGyuan_tile_0007.jpg: 1024x1024 1 , 24.8ms
image 404/677 E:\TJGY\MinPaper\MyAutoAugument\outputs\experiments\20260518_tiled1024_safe_no_ok_position_policy_top3_shorttrain\policies\diag_policy_002\dataset_builder\final_dataset\images\val\2025-08-12-02-18-52ps5_NGyuan_tile_0008.jpg: 1024x1024 1 OK3, 24.8ms
image 405/677 E:\TJGY\MinPaper\MyAutoAugument\outputs\experiments\20260518_tiled1024_safe_no_ok_position_policy_top3_shorttrain\policies\diag_policy_002\dataset_builder\final_dataset\images\val\2025-08-12-02-18-52ps5_NGyuan_tile_0013.jpg: 1024x1024 1 OK3, 24.7ms
image 406/677 E:\TJGY\MinPaper\MyAutoAugument\outputs\experiments\20260518_tiled1024_safe_no_ok_position_policy_top3_shorttrain\policies\diag_policy_002\dataset_builder\final_dataset\images\val\2025-08-17-15-04-49ps5_NGyuan_tile_0001.jpg: 1024x1024 (no detections), 23.5ms
image 407/677 E:\TJGY\MinPaper\MyAutoAugument\outputs\experiments\20260518_tiled1024_safe_no_ok_position_policy_top3_shorttrain\policies\diag_policy_002\dataset_builder\final_dataset\images\val\2025-08-17-15-04-49ps5_NGyuan_tile_0005.jpg: 1024x1024 1 , 25.3ms
image 408/677 E:\TJGY\MinPaper\MyAutoAugument\outputs\experiments\20260518_tiled1024_safe_no_ok_position_policy_top3_shorttrain\policies\diag_policy_002\dataset_builder\final_dataset\images\val\2025-08-17-15-04-49ps5_NGyuan_tile_0007.jpg: 1024x1024 1 OK3, 24.6ms
image 409/677 E:\TJGY\MinPaper\MyAutoAugument\outputs\experiments\20260518_tiled1024_safe_no_ok_position_policy_top3_shorttrain\policies\diag_policy_002\dataset_builder\final_dataset\images\val\2025-08-17-15-04-49ps5_NGyuan_tile_0010.jpg: 1024x1024 1 , 24.6ms
image 410/677 E:\TJGY\MinPaper\MyAutoAugument\outputs\experiments\20260518_tiled1024_safe_no_ok_position_policy_top3_shorttrain\policies\diag_policy_002\dataset_builder\final_dataset\images\val\2025-08-17-15-04-49ps5_NGyuan_tile_0012.jpg: 1024x1024 1 OK3, 24.7ms
image 411/677 E:\TJGY\MinPaper\MyAutoAugument\outputs\experiments\20260518_tiled1024_safe_no_ok_position_policy_top3_shorttrain\policies\diag_policy_002\dataset_builder\final_dataset\images\val\2025-08-20-22-16-52ps5_NGyuan_tile_0000.jpg: 1024x1024 1 , 23.5ms
image 412/677 E:\TJGY\MinPaper\MyAutoAugument\outputs\experiments\20260518_tiled1024_safe_no_ok_position_policy_top3_shorttrain\policies\diag_policy_002\dataset_builder\final_dataset\images\val\2025-08-20-22-16-52ps5_NGyuan_tile_0001.jpg: 1024x1024 1 , 23.5ms
image 413/677 E:\TJGY\MinPaper\MyAutoAugument\outputs\experiments\20260518_tiled1024_safe_no_ok_position_policy_top3_shorttrain\policies\diag_policy_002\dataset_builder\final_dataset\images\val\2025-08-20-22-16-52ps5_NGyuan_tile_0007.jpg: 1024x1024 1 OK3, 1 , 23.6ms
image 414/677 E:\TJGY\MinPaper\MyAutoAugument\outputs\experiments\20260518_tiled1024_safe_no_ok_position_policy_top3_shorttrain\policies\diag_policy_002\dataset_builder\final_dataset\images\val\2025-08-20-22-16-52ps5_NGyuan_tile_0012.jpg: 1024x1024 1 OK3, 1 , 24.8ms
image 415/677 E:\TJGY\MinPaper\MyAutoAugument\outputs\experiments\20260518_tiled1024_safe_no_ok_position_policy_top3_shorttrain\policies\diag_policy_002\dataset_builder\final_dataset\images\val\2025-08-21-03-46-51ps5_NGyuan_tile_0002.jpg: 1024x1024 (no detections), 24.8ms
image 416/677 E:\TJGY\MinPaper\MyAutoAugument\outputs\experiments\20260518_tiled1024_safe_no_ok_position_policy_top3_shorttrain\policies\diag_policy_002\dataset_builder\final_dataset\images\val\2025-08-21-03-46-51ps5_NGyuan_tile_0003.jpg: 1024x1024 (no detections), 24.8ms
image 417/677 E:\TJGY\MinPaper\MyAutoAugument\outputs\experiments\20260518_tiled1024_safe_no_ok_position_policy_top3_shorttrain\policies\diag_policy_002\dataset_builder\final_dataset\images\val\2025-08-21-03-46-51ps5_NGyuan_tile_0007.jpg: 1024x1024 1 OK3, 1 , 23.6ms
image 418/677 E:\TJGY\MinPaper\MyAutoAugument\outputs\experiments\20260518_tiled1024_safe_no_ok_position_policy_top3_shorttrain\policies\diag_policy_002\dataset_builder\final_dataset\images\val\2025-08-21-03-46-51ps5_NGyuan_tile_0012.jpg: 1024x1024 1 OK3, 1 , 24.8ms
image 419/677 E:\TJGY\MinPaper\MyAutoAugument\outputs\experiments\20260518_tiled1024_safe_no_ok_position_policy_top3_shorttrain\policies\diag_policy_002\dataset_builder\final_dataset\images\val\2025-08-21-05-20-58ps5_NGyuan_tile_0001.jpg: 1024x1024 1 , 25.5ms
image 420/677 E:\TJGY\MinPaper\MyAutoAugument\outputs\experiments\20260518_tiled1024_safe_no_ok_position_policy_top3_shorttrain\policies\diag_policy_002\dataset_builder\final_dataset\images\val\2025-08-21-05-20-58ps5_NGyuan_tile_0005.jpg: 1024x1024 1 , 27.9ms
image 421/677 E:\TJGY\MinPaper\MyAutoAugument\outputs\experiments\20260518_tiled1024_safe_no_ok_position_policy_top3_shorttrain\policies\diag_policy_002\dataset_builder\final_dataset\images\val\2025-08-21-05-20-58ps5_NGyuan_tile_0007.jpg: 1024x1024 1 OK3, 1 , 27.0ms
image 422/677 E:\TJGY\MinPaper\MyAutoAugument\outputs\experiments\20260518_tiled1024_safe_no_ok_position_policy_top3_shorttrain\policies\diag_policy_002\dataset_builder\final_dataset\images\val\2025-08-21-05-20-58ps5_NGyuan_tile_0010.jpg: 1024x1024 1 , 27.1ms
image 423/677 E:\TJGY\MinPaper\MyAutoAugument\outputs\experiments\20260518_tiled1024_safe_no_ok_position_policy_top3_shorttrain\policies\diag_policy_002\dataset_builder\final_dataset\images\val\2025-08-21-05-20-58ps5_NGyuan_tile_0012.jpg: 1024x1024 1 OK3, 1 , 29.3ms
image 424/677 E:\TJGY\MinPaper\MyAutoAugument\outputs\experiments\20260518_tiled1024_safe_no_ok_position_policy_top3_shorttrain\policies\diag_policy_002\dataset_builder\final_dataset\images\val\2025-09-01-23-27-55ps5_NGyuan_tile_0001.jpg: 1024x1024 (no detections), 26.8ms
image 425/677 E:\TJGY\MinPaper\MyAutoAugument\outputs\experiments\20260518_tiled1024_safe_no_ok_position_policy_top3_shorttrain\policies\diag_policy_002\dataset_builder\final_dataset\images\val\2025-09-01-23-27-55ps5_NGyuan_tile_0007.jpg: 1024x1024 1 OK3, 1 , 1 , 27.1ms
image 426/677 E:\TJGY\MinPaper\MyAutoAugument\outputs\experiments\20260518_tiled1024_safe_no_ok_position_policy_top3_shorttrain\policies\diag_policy_002\dataset_builder\final_dataset\images\val\2025-09-01-23-27-55ps5_NGyuan_tile_0008.jpg: 1024x1024 1 OK3, 26.8ms
image 427/677 E:\TJGY\MinPaper\MyAutoAugument\outputs\experiments\20260518_tiled1024_safe_no_ok_position_policy_top3_shorttrain\policies\diag_policy_002\dataset_builder\final_dataset\images\val\2025-09-01-23-27-55ps5_NGyuan_tile_0012.jpg: 1024x1024 1 , 2 s, 26.8ms
image 428/677 E:\TJGY\MinPaper\MyAutoAugument\outputs\experiments\20260518_tiled1024_safe_no_ok_position_policy_top3_shorttrain\policies\diag_policy_002\dataset_builder\final_dataset\images\val\2025-09-01-23-27-55ps5_NGyuan_tile_0013.jpg: 1024x1024 1 OK3, 28.0ms
image 429/677 E:\TJGY\MinPaper\MyAutoAugument\outputs\experiments\20260518_tiled1024_safe_no_ok_position_policy_top3_shorttrain\policies\diag_policy_002\dataset_builder\final_dataset\images\val\2025-09-02-07-01-17ps5_NGyuan_tile_0002.jpg: 1024x1024 1 , 27.7ms
image 430/677 E:\TJGY\MinPaper\MyAutoAugument\outputs\experiments\20260518_tiled1024_safe_no_ok_position_policy_top3_shorttrain\policies\diag_policy_002\dataset_builder\final_dataset\images\val\2025-09-02-07-01-17ps5_NGyuan_tile_0007.jpg: 1024x1024 1 , 30.6ms
image 431/677 E:\TJGY\MinPaper\MyAutoAugument\outputs\experiments\20260518_tiled1024_safe_no_ok_position_policy_top3_shorttrain\policies\diag_policy_002\dataset_builder\final_dataset\images\val\2025-09-02-07-01-17ps5_NGyuan_tile_0008.jpg: 1024x1024 1 OK3, 28.3ms
image 432/677 E:\TJGY\MinPaper\MyAutoAugument\outputs\experiments\20260518_tiled1024_safe_no_ok_position_policy_top3_shorttrain\policies\diag_policy_002\dataset_builder\final_dataset\images\val\2025-09-02-07-01-17ps5_NGyuan_tile_0012.jpg: 1024x1024 1 , 27.0ms
image 433/677 E:\TJGY\MinPaper\MyAutoAugument\outputs\experiments\20260518_tiled1024_safe_no_ok_position_policy_top3_shorttrain\policies\diag_policy_002\dataset_builder\final_dataset\images\val\2025-09-02-07-01-17ps5_NGyuan_tile_0013.jpg: 1024x1024 1 OK3, 25.8ms
image 434/677 E:\TJGY\MinPaper\MyAutoAugument\outputs\experiments\20260518_tiled1024_safe_no_ok_position_policy_top3_shorttrain\policies\diag_policy_002\dataset_builder\final_dataset\images\val\2025-09-02-08-10-01ps5_NGyuan_tile_0006.jpg: 1024x1024 1 , 25.9ms
image 435/677 E:\TJGY\MinPaper\MyAutoAugument\outputs\experiments\20260518_tiled1024_safe_no_ok_position_policy_top3_shorttrain\policies\diag_policy_002\dataset_builder\final_dataset\images\val\2025-09-02-08-10-01ps5_NGyuan_tile_0007.jpg: 1024x1024 1 OK3, 1 , 25.9ms
image 436/677 E:\TJGY\MinPaper\MyAutoAugument\outputs\experiments\20260518_tiled1024_safe_no_ok_position_policy_top3_shorttrain\policies\diag_policy_002\dataset_builder\final_dataset\images\val\2025-09-02-08-10-01ps5_NGyuan_tile_0011.jpg: 1024x1024 1 , 25.9ms
image 437/677 E:\TJGY\MinPaper\MyAutoAugument\outputs\experiments\20260518_tiled1024_safe_no_ok_position_policy_top3_shorttrain\policies\diag_policy_002\dataset_builder\final_dataset\images\val\2025-09-02-08-10-01ps5_NGyuan_tile_0012.jpg: 1024x1024 1 OK3, 25.8ms
image 438/677 E:\TJGY\MinPaper\MyAutoAugument\outputs\experiments\20260518_tiled1024_safe_no_ok_position_policy_top3_shorttrain\policies\diag_policy_002\dataset_builder\final_dataset\images\val\2025-09-02-08-24-16ps5_NGyuan_tile_0001.jpg: 1024x1024 1 , 24.7ms
image 439/677 E:\TJGY\MinPaper\MyAutoAugument\outputs\experiments\20260518_tiled1024_safe_no_ok_position_policy_top3_shorttrain\policies\diag_policy_002\dataset_builder\final_dataset\images\val\2025-09-02-08-24-16ps5_NGyuan_tile_0003.jpg: 1024x1024 (no detections), 23.6ms
image 440/677 E:\TJGY\MinPaper\MyAutoAugument\outputs\experiments\20260518_tiled1024_safe_no_ok_position_policy_top3_shorttrain\policies\diag_policy_002\dataset_builder\final_dataset\images\val\2025-09-02-08-24-16ps5_NGyuan_tile_0006.jpg: 1024x1024 (no detections), 24.7ms
image 441/677 E:\TJGY\MinPaper\MyAutoAugument\outputs\experiments\20260518_tiled1024_safe_no_ok_position_policy_top3_shorttrain\policies\diag_policy_002\dataset_builder\final_dataset\images\val\2025-09-02-08-24-16ps5_NGyuan_tile_0007.jpg: 1024x1024 1 OK3, 24.5ms
image 442/677 E:\TJGY\MinPaper\MyAutoAugument\outputs\experiments\20260518_tiled1024_safe_no_ok_position_policy_top3_shorttrain\policies\diag_policy_002\dataset_builder\final_dataset\images\val\2025-09-02-08-24-16ps5_NGyuan_tile_0008.jpg: 1024x1024 (no detections), 24.7ms
image 443/677 E:\TJGY\MinPaper\MyAutoAugument\outputs\experiments\20260518_tiled1024_safe_no_ok_position_policy_top3_shorttrain\policies\diag_policy_002\dataset_builder\final_dataset\images\val\2025-09-02-08-24-16ps5_NGyuan_tile_0012.jpg: 1024x1024 1 OK3, 24.6ms
image 444/677 E:\TJGY\MinPaper\MyAutoAugument\outputs\experiments\20260518_tiled1024_safe_no_ok_position_policy_top3_shorttrain\policies\diag_policy_002\dataset_builder\final_dataset\images\val\2025-09-02-11-48-04ps5_NGyuan_tile_0007.jpg: 1024x1024 1 , 24.1ms
image 445/677 E:\TJGY\MinPaper\MyAutoAugument\outputs\experiments\20260518_tiled1024_safe_no_ok_position_policy_top3_shorttrain\policies\diag_policy_002\dataset_builder\final_dataset\images\val\2025-09-02-11-48-04ps5_NGyuan_tile_0008.jpg: 1024x1024 1 OK3, 24.7ms
image 446/677 E:\TJGY\MinPaper\MyAutoAugument\outputs\experiments\20260518_tiled1024_safe_no_ok_position_policy_top3_shorttrain\policies\diag_policy_002\dataset_builder\final_dataset\images\val\2025-09-02-11-48-04ps5_NGyuan_tile_0012.jpg: 1024x1024 1 , 23.5ms
image 447/677 E:\TJGY\MinPaper\MyAutoAugument\outputs\experiments\20260518_tiled1024_safe_no_ok_position_policy_top3_shorttrain\policies\diag_policy_002\dataset_builder\final_dataset\images\val\2025-09-02-11-48-04ps5_NGyuan_tile_0013.jpg: 1024x1024 1 OK3, 24.6ms
image 448/677 E:\TJGY\MinPaper\MyAutoAugument\outputs\experiments\20260518_tiled1024_safe_no_ok_position_policy_top3_shorttrain\policies\diag_policy_002\dataset_builder\final_dataset\images\val\2025-09-02-15-04-54ps5_NGyuan_tile_0003.jpg: 1024x1024 1 , 24.7ms
image 449/677 E:\TJGY\MinPaper\MyAutoAugument\outputs\experiments\20260518_tiled1024_safe_no_ok_position_policy_top3_shorttrain\policies\diag_policy_002\dataset_builder\final_dataset\images\val\2025-09-02-15-04-54ps5_NGyuan_tile_0004.jpg: 1024x1024 (no detections), 24.6ms
image 450/677 E:\TJGY\MinPaper\MyAutoAugument\outputs\experiments\20260518_tiled1024_safe_no_ok_position_policy_top3_shorttrain\policies\diag_policy_002\dataset_builder\final_dataset\images\val\2025-09-02-15-04-54ps5_NGyuan_tile_0007.jpg: 1024x1024 1 , 23.5ms
image 451/677 E:\TJGY\MinPaper\MyAutoAugument\outputs\experiments\20260518_tiled1024_safe_no_ok_position_policy_top3_shorttrain\policies\diag_policy_002\dataset_builder\final_dataset\images\val\2025-09-02-15-04-54ps5_NGyuan_tile_0008.jpg: 1024x1024 1 OK3, 23.5ms
image 452/677 E:\TJGY\MinPaper\MyAutoAugument\outputs\experiments\20260518_tiled1024_safe_no_ok_position_policy_top3_shorttrain\policies\diag_policy_002\dataset_builder\final_dataset\images\val\2025-09-02-15-04-54ps5_NGyuan_tile_0009.jpg: 1024x1024 1 OK3, 23.6ms
image 453/677 E:\TJGY\MinPaper\MyAutoAugument\outputs\experiments\20260518_tiled1024_safe_no_ok_position_policy_top3_shorttrain\policies\diag_policy_002\dataset_builder\final_dataset\images\val\2025-09-02-15-04-54ps5_NGyuan_tile_0012.jpg: 1024x1024 (no detections), 23.6ms
image 454/677 E:\TJGY\MinPaper\MyAutoAugument\outputs\experiments\20260518_tiled1024_safe_no_ok_position_policy_top3_shorttrain\policies\diag_policy_002\dataset_builder\final_dataset\images\val\2025-09-02-15-04-54ps5_NGyuan_tile_0013.jpg: 1024x1024 1 OK3, 23.5ms
image 455/677 E:\TJGY\MinPaper\MyAutoAugument\outputs\experiments\20260518_tiled1024_safe_no_ok_position_policy_top3_shorttrain\policies\diag_policy_002\dataset_builder\final_dataset\images\val\2025-09-02-20-35-27ps5_NGyuan_tile_0007.jpg: 1024x1024 1 OK3, 1 , 24.7ms
image 456/677 E:\TJGY\MinPaper\MyAutoAugument\outputs\experiments\20260518_tiled1024_safe_no_ok_position_policy_top3_shorttrain\policies\diag_policy_002\dataset_builder\final_dataset\images\val\2025-09-02-20-35-27ps5_NGyuan_tile_0012.jpg: 1024x1024 1 OK3, 1 , 24.8ms
image 457/677 E:\TJGY\MinPaper\MyAutoAugument\outputs\experiments\20260518_tiled1024_safe_no_ok_position_policy_top3_shorttrain\policies\diag_policy_002\dataset_builder\final_dataset\images\val\2025-09-09-21-08-16ps5_tile_0002.jpg: 1024x1024 1 , 24.8ms
image 458/677 E:\TJGY\MinPaper\MyAutoAugument\outputs\experiments\20260518_tiled1024_safe_no_ok_position_policy_top3_shorttrain\policies\diag_policy_002\dataset_builder\final_dataset\images\val\2025-09-09-21-08-16ps5_tile_0005.jpg: 1024x1024 (no detections), 23.5ms
image 459/677 E:\TJGY\MinPaper\MyAutoAugument\outputs\experiments\20260518_tiled1024_safe_no_ok_position_policy_top3_shorttrain\policies\diag_policy_002\dataset_builder\final_dataset\images\val\2025-09-09-21-08-16ps5_tile_0006.jpg: 1024x1024 1 , 24.7ms
image 460/677 E:\TJGY\MinPaper\MyAutoAugument\outputs\experiments\20260518_tiled1024_safe_no_ok_position_policy_top3_shorttrain\policies\diag_policy_002\dataset_builder\final_dataset\images\val\2025-09-09-21-08-16ps5_tile_0007.jpg: 1024x1024 1 OK2, 1 OK3, 1 , 26.9ms
image 461/677 E:\TJGY\MinPaper\MyAutoAugument\outputs\experiments\20260518_tiled1024_safe_no_ok_position_policy_top3_shorttrain\policies\diag_policy_002\dataset_builder\final_dataset\images\val\2025-09-09-21-08-16ps5_tile_0008.jpg: 1024x1024 1 , 25.6ms
image 462/677 E:\TJGY\MinPaper\MyAutoAugument\outputs\experiments\20260518_tiled1024_safe_no_ok_position_policy_top3_shorttrain\policies\diag_policy_002\dataset_builder\final_dataset\images\val\2025-09-09-21-08-16ps5_tile_0009.jpg: 1024x1024 1 , 23.8ms
image 463/677 E:\TJGY\MinPaper\MyAutoAugument\outputs\experiments\20260518_tiled1024_safe_no_ok_position_policy_top3_shorttrain\policies\diag_policy_002\dataset_builder\final_dataset\images\val\2025-09-09-21-08-16ps5_tile_0010.jpg: 1024x1024 (no detections), 23.9ms
image 464/677 E:\TJGY\MinPaper\MyAutoAugument\outputs\experiments\20260518_tiled1024_safe_no_ok_position_policy_top3_shorttrain\policies\diag_policy_002\dataset_builder\final_dataset\images\val\2025-09-09-21-08-16ps5_tile_0011.jpg: 1024x1024 1 , 22.8ms
image 465/677 E:\TJGY\MinPaper\MyAutoAugument\outputs\experiments\20260518_tiled1024_safe_no_ok_position_policy_top3_shorttrain\policies\diag_policy_002\dataset_builder\final_dataset\images\val\2025-09-09-21-08-16ps5_tile_0012.jpg: 1024x1024 1 OK2, 1 OK3, 1 , 22.7ms
image 466/677 E:\TJGY\MinPaper\MyAutoAugument\outputs\experiments\20260518_tiled1024_safe_no_ok_position_policy_top3_shorttrain\policies\diag_policy_002\dataset_builder\final_dataset\images\val\2025-09-09-21-08-16ps5_tile_0013.jpg: 1024x1024 1 , 22.7ms
image 467/677 E:\TJGY\MinPaper\MyAutoAugument\outputs\experiments\20260518_tiled1024_safe_no_ok_position_policy_top3_shorttrain\policies\diag_policy_002\dataset_builder\final_dataset\images\val\2025-09-09-21-08-16ps5_tile_0014.jpg: 1024x1024 1 , 22.7ms
image 468/677 E:\TJGY\MinPaper\MyAutoAugument\outputs\experiments\20260518_tiled1024_safe_no_ok_position_policy_top3_shorttrain\policies\diag_policy_002\dataset_builder\final_dataset\images\val\2025-09-09-21-09-08ps5_tile_0002.jpg: 1024x1024 (no detections), 23.7ms
image 469/677 E:\TJGY\MinPaper\MyAutoAugument\outputs\experiments\20260518_tiled1024_safe_no_ok_position_policy_top3_shorttrain\policies\diag_policy_002\dataset_builder\final_dataset\images\val\2025-09-09-21-09-08ps5_tile_0003.jpg: 1024x1024 (no detections), 23.8ms
image 470/677 E:\TJGY\MinPaper\MyAutoAugument\outputs\experiments\20260518_tiled1024_safe_no_ok_position_policy_top3_shorttrain\policies\diag_policy_002\dataset_builder\final_dataset\images\val\2025-09-09-21-09-08ps5_tile_0006.jpg: 1024x1024 (no detections), 25.5ms
image 471/677 E:\TJGY\MinPaper\MyAutoAugument\outputs\experiments\20260518_tiled1024_safe_no_ok_position_policy_top3_shorttrain\policies\diag_policy_002\dataset_builder\final_dataset\images\val\2025-09-09-21-09-08ps5_tile_0007.jpg: 1024x1024 1 OK2, 1 OK3, 23.8ms
image 472/677 E:\TJGY\MinPaper\MyAutoAugument\outputs\experiments\20260518_tiled1024_safe_no_ok_position_policy_top3_shorttrain\policies\diag_policy_002\dataset_builder\final_dataset\images\val\2025-09-09-21-09-08ps5_tile_0011.jpg: 1024x1024 1 , 1 , 23.8ms
image 473/677 E:\TJGY\MinPaper\MyAutoAugument\outputs\experiments\20260518_tiled1024_safe_no_ok_position_policy_top3_shorttrain\policies\diag_policy_002\dataset_builder\final_dataset\images\val\2025-09-09-21-09-08ps5_tile_0012.jpg: 1024x1024 1 OK2, 1 OK3, 25.6ms
image 474/677 E:\TJGY\MinPaper\MyAutoAugument\outputs\experiments\20260518_tiled1024_safe_no_ok_position_policy_top3_shorttrain\policies\diag_policy_002\dataset_builder\final_dataset\images\val\2025-09-09-21-09-08ps5_tile_0014.jpg: 1024x1024 (no detections), 22.7ms
image 475/677 E:\TJGY\MinPaper\MyAutoAugument\outputs\experiments\20260518_tiled1024_safe_no_ok_position_policy_top3_shorttrain\policies\diag_policy_002\dataset_builder\final_dataset\images\val\2025-09-15-17-40-22ps5_tile_0000.jpg: 1024x1024 1 , 22.7ms
image 476/677 E:\TJGY\MinPaper\MyAutoAugument\outputs\experiments\20260518_tiled1024_safe_no_ok_position_policy_top3_shorttrain\policies\diag_policy_002\dataset_builder\final_dataset\images\val\2025-09-15-17-40-22ps5_tile_0002.jpg: 1024x1024 1 OK2, 2 s, 22.7ms
image 477/677 E:\TJGY\MinPaper\MyAutoAugument\outputs\experiments\20260518_tiled1024_safe_no_ok_position_policy_top3_shorttrain\policies\diag_policy_002\dataset_builder\final_dataset\images\val\2025-09-15-17-40-22ps5_tile_0003.jpg: 1024x1024 1 , 22.7ms
image 478/677 E:\TJGY\MinPaper\MyAutoAugument\outputs\experiments\20260518_tiled1024_safe_no_ok_position_policy_top3_shorttrain\policies\diag_policy_002\dataset_builder\final_dataset\images\val\2025-09-15-17-40-22ps5_tile_0004.jpg: 1024x1024 1 , 23.7ms
image 479/677 E:\TJGY\MinPaper\MyAutoAugument\outputs\experiments\20260518_tiled1024_safe_no_ok_position_policy_top3_shorttrain\policies\diag_policy_002\dataset_builder\final_dataset\images\val\2025-09-15-17-40-22ps5_tile_0007.jpg: 1024x1024 1 OK3, 23.9ms
image 480/677 E:\TJGY\MinPaper\MyAutoAugument\outputs\experiments\20260518_tiled1024_safe_no_ok_position_policy_top3_shorttrain\policies\diag_policy_002\dataset_builder\final_dataset\images\val\2025-09-15-17-40-22ps5_tile_0008.jpg: 1024x1024 1 , 22.7ms
image 481/677 E:\TJGY\MinPaper\MyAutoAugument\outputs\experiments\20260518_tiled1024_safe_no_ok_position_policy_top3_shorttrain\policies\diag_policy_002\dataset_builder\final_dataset\images\val\2025-09-15-17-40-22ps5_tile_0009.jpg: 1024x1024 1 , 23.9ms
image 482/677 E:\TJGY\MinPaper\MyAutoAugument\outputs\experiments\20260518_tiled1024_safe_no_ok_position_policy_top3_shorttrain\policies\diag_policy_002\dataset_builder\final_dataset\images\val\2025-09-15-17-40-22ps5_tile_0012.jpg: 1024x1024 1 OK3, 23.8ms
image 483/677 E:\TJGY\MinPaper\MyAutoAugument\outputs\experiments\20260518_tiled1024_safe_no_ok_position_policy_top3_shorttrain\policies\diag_policy_002\dataset_builder\final_dataset\images\val\2025-09-15-17-40-22ps5_tile_0013.jpg: 1024x1024 1 , 24.5ms
image 484/677 E:\TJGY\MinPaper\MyAutoAugument\outputs\experiments\20260518_tiled1024_safe_no_ok_position_policy_top3_shorttrain\policies\diag_policy_002\dataset_builder\final_dataset\images\val\2025-09-15-17-40-22ps5_tile_0014.jpg: 1024x1024 1 , 24.4ms
image 485/677 E:\TJGY\MinPaper\MyAutoAugument\outputs\experiments\20260518_tiled1024_safe_no_ok_position_policy_top3_shorttrain\policies\diag_policy_002\dataset_builder\final_dataset\images\val\2025-09-15-17-40-45ps5_tile_0002.jpg: 1024x1024 1 OK2, 24.8ms
image 486/677 E:\TJGY\MinPaper\MyAutoAugument\outputs\experiments\20260518_tiled1024_safe_no_ok_position_policy_top3_shorttrain\policies\diag_policy_002\dataset_builder\final_dataset\images\val\2025-09-15-17-40-45ps5_tile_0003.jpg: 1024x1024 1 , 2 s, 25.6ms
image 487/677 E:\TJGY\MinPaper\MyAutoAugument\outputs\experiments\20260518_tiled1024_safe_no_ok_position_policy_top3_shorttrain\policies\diag_policy_002\dataset_builder\final_dataset\images\val\2025-09-15-17-40-45ps5_tile_0004.jpg: 1024x1024 1 , 2 s, 24.6ms
image 488/677 E:\TJGY\MinPaper\MyAutoAugument\outputs\experiments\20260518_tiled1024_safe_no_ok_position_policy_top3_shorttrain\policies\diag_policy_002\dataset_builder\final_dataset\images\val\2025-09-15-17-40-45ps5_tile_0005.jpg: 1024x1024 1 , 24.7ms
image 489/677 E:\TJGY\MinPaper\MyAutoAugument\outputs\experiments\20260518_tiled1024_safe_no_ok_position_policy_top3_shorttrain\policies\diag_policy_002\dataset_builder\final_dataset\images\val\2025-09-15-17-40-45ps5_tile_0007.jpg: 1024x1024 1 OK3, 1 , 26.4ms
image 490/677 E:\TJGY\MinPaper\MyAutoAugument\outputs\experiments\20260518_tiled1024_safe_no_ok_position_policy_top3_shorttrain\policies\diag_policy_002\dataset_builder\final_dataset\images\val\2025-09-15-17-40-45ps5_tile_0008.jpg: 1024x1024 1 , 1 , 1 , 1 , 24.6ms
image 491/677 E:\TJGY\MinPaper\MyAutoAugument\outputs\experiments\20260518_tiled1024_safe_no_ok_position_policy_top3_shorttrain\policies\diag_policy_002\dataset_builder\final_dataset\images\val\2025-09-15-17-40-45ps5_tile_0009.jpg: 1024x1024 1 , 1 , 23.5ms
image 492/677 E:\TJGY\MinPaper\MyAutoAugument\outputs\experiments\20260518_tiled1024_safe_no_ok_position_policy_top3_shorttrain\policies\diag_policy_002\dataset_builder\final_dataset\images\val\2025-09-15-17-40-45ps5_tile_0010.jpg: 1024x1024 1 , 23.6ms
image 493/677 E:\TJGY\MinPaper\MyAutoAugument\outputs\experiments\20260518_tiled1024_safe_no_ok_position_policy_top3_shorttrain\policies\diag_policy_002\dataset_builder\final_dataset\images\val\2025-09-15-17-40-45ps5_tile_0012.jpg: 1024x1024 1 OK3, 23.6ms
image 494/677 E:\TJGY\MinPaper\MyAutoAugument\outputs\experiments\20260518_tiled1024_safe_no_ok_position_policy_top3_shorttrain\policies\diag_policy_002\dataset_builder\final_dataset\images\val\2025-09-15-17-40-45ps5_tile_0013.jpg: 1024x1024 1 , 2 s, 1 , 24.7ms
image 495/677 E:\TJGY\MinPaper\MyAutoAugument\outputs\experiments\20260518_tiled1024_safe_no_ok_position_policy_top3_shorttrain\policies\diag_policy_002\dataset_builder\final_dataset\images\val\2025-09-15-17-40-45ps5_tile_0014.jpg: 1024x1024 1 , 24.1ms
image 496/677 E:\TJGY\MinPaper\MyAutoAugument\outputs\experiments\20260518_tiled1024_safe_no_ok_position_policy_top3_shorttrain\policies\diag_policy_002\dataset_builder\final_dataset\images\val\2025-09-17-00-42-01ps5_NGyuan_tile_0002.jpg: 1024x1024 1 , 1 , 23.7ms
image 497/677 E:\TJGY\MinPaper\MyAutoAugument\outputs\experiments\20260518_tiled1024_safe_no_ok_position_policy_top3_shorttrain\policies\diag_policy_002\dataset_builder\final_dataset\images\val\2025-09-17-00-42-01ps5_NGyuan_tile_0003.jpg: 1024x1024 (no detections), 24.7ms
image 498/677 E:\TJGY\MinPaper\MyAutoAugument\outputs\experiments\20260518_tiled1024_safe_no_ok_position_policy_top3_shorttrain\policies\diag_policy_002\dataset_builder\final_dataset\images\val\2025-09-17-00-42-01ps5_NGyuan_tile_0007.jpg: 1024x1024 1 OK2, 1 OK3, 24.6ms
image 499/677 E:\TJGY\MinPaper\MyAutoAugument\outputs\experiments\20260518_tiled1024_safe_no_ok_position_policy_top3_shorttrain\policies\diag_policy_002\dataset_builder\final_dataset\images\val\2025-09-17-00-42-01ps5_NGyuan_tile_0008.jpg: 1024x1024 (no detections), 24.6ms
image 500/677 E:\TJGY\MinPaper\MyAutoAugument\outputs\experiments\20260518_tiled1024_safe_no_ok_position_policy_top3_shorttrain\policies\diag_policy_002\dataset_builder\final_dataset\images\val\2025-09-17-00-42-01ps5_NGyuan_tile_0012.jpg: 1024x1024 1 OK3, 23.5ms
image 501/677 E:\TJGY\MinPaper\MyAutoAugument\outputs\experiments\20260518_tiled1024_safe_no_ok_position_policy_top3_shorttrain\policies\diag_policy_002\dataset_builder\final_dataset\images\val\2025-09-17-00-42-01ps5_NGyuan_tile_0013.jpg: 1024x1024 (no detections), 23.5ms
image 502/677 E:\TJGY\MinPaper\MyAutoAugument\outputs\experiments\20260518_tiled1024_safe_no_ok_position_policy_top3_shorttrain\policies\diag_policy_002\dataset_builder\final_dataset\images\val\2025-09-17-00-42-07ps5_NGyuan_tile_0002.jpg: 1024x1024 1 OK2, 1 , 24.7ms
image 503/677 E:\TJGY\MinPaper\MyAutoAugument\outputs\experiments\20260518_tiled1024_safe_no_ok_position_policy_top3_shorttrain\policies\diag_policy_002\dataset_builder\final_dataset\images\val\2025-09-17-00-42-07ps5_NGyuan_tile_0006.jpg: 1024x1024 (no detections), 24.6ms
image 504/677 E:\TJGY\MinPaper\MyAutoAugument\outputs\experiments\20260518_tiled1024_safe_no_ok_position_policy_top3_shorttrain\policies\diag_policy_002\dataset_builder\final_dataset\images\val\2025-09-17-00-42-07ps5_NGyuan_tile_0007.jpg: 1024x1024 1 OK3, 1 , 23.6ms
image 505/677 E:\TJGY\MinPaper\MyAutoAugument\outputs\experiments\20260518_tiled1024_safe_no_ok_position_policy_top3_shorttrain\policies\diag_policy_002\dataset_builder\final_dataset\images\val\2025-09-17-00-42-07ps5_NGyuan_tile_0012.jpg: 1024x1024 1 OK3, 1 , 23.5ms
image 506/677 E:\TJGY\MinPaper\MyAutoAugument\outputs\experiments\20260518_tiled1024_safe_no_ok_position_policy_top3_shorttrain\policies\diag_policy_002\dataset_builder\final_dataset\images\val\2025-09-17-00-42-07ps5_NGyuan_tile_0013.jpg: 1024x1024 (no detections), 23.6ms
image 507/677 E:\TJGY\MinPaper\MyAutoAugument\outputs\experiments\20260518_tiled1024_safe_no_ok_position_policy_top3_shorttrain\policies\diag_policy_002\dataset_builder\final_dataset\images\val\2025-09-17-01-04-57ps5_NGyuan_tile_0003.jpg: 1024x1024 (no detections), 24.6ms
image 508/677 E:\TJGY\MinPaper\MyAutoAugument\outputs\experiments\20260518_tiled1024_safe_no_ok_position_policy_top3_shorttrain\policies\diag_policy_002\dataset_builder\final_dataset\images\val\2025-09-17-01-04-57ps5_NGyuan_tile_0007.jpg: 1024x1024 1 OK2, 1 OK3, 1 , 24.8ms
image 509/677 E:\TJGY\MinPaper\MyAutoAugument\outputs\experiments\20260518_tiled1024_safe_no_ok_position_policy_top3_shorttrain\policies\diag_policy_002\dataset_builder\final_dataset\images\val\2025-09-17-01-04-57ps5_NGyuan_tile_0008.jpg: 1024x1024 1 , 23.6ms
image 510/677 E:\TJGY\MinPaper\MyAutoAugument\outputs\experiments\20260518_tiled1024_safe_no_ok_position_policy_top3_shorttrain\policies\diag_policy_002\dataset_builder\final_dataset\images\val\2025-09-17-01-04-57ps5_NGyuan_tile_0009.jpg: 1024x1024 1 , 23.0ms
image 511/677 E:\TJGY\MinPaper\MyAutoAugument\outputs\experiments\20260518_tiled1024_safe_no_ok_position_policy_top3_shorttrain\policies\diag_policy_002\dataset_builder\final_dataset\images\val\2025-09-17-01-04-57ps5_NGyuan_tile_0012.jpg: 1024x1024 1 OK3, 1 , 22.9ms
image 512/677 E:\TJGY\MinPaper\MyAutoAugument\outputs\experiments\20260518_tiled1024_safe_no_ok_position_policy_top3_shorttrain\policies\diag_policy_002\dataset_builder\final_dataset\images\val\2025-09-17-01-04-57ps5_NGyuan_tile_0013.jpg: 1024x1024 1 , 22.9ms
image 513/677 E:\TJGY\MinPaper\MyAutoAugument\outputs\experiments\20260518_tiled1024_safe_no_ok_position_policy_top3_shorttrain\policies\diag_policy_002\dataset_builder\final_dataset\images\val\2025-09-17-01-04-57ps5_NGyuan_tile_0014.jpg: 1024x1024 1 , 23.0ms
image 514/677 E:\TJGY\MinPaper\MyAutoAugument\outputs\experiments\20260518_tiled1024_safe_no_ok_position_policy_top3_shorttrain\policies\diag_policy_002\dataset_builder\final_dataset\images\val\2025-09-17-06-11-12ps5_NGyuan_tile_0002.jpg: 1024x1024 1 , 24.1ms
image 515/677 E:\TJGY\MinPaper\MyAutoAugument\outputs\experiments\20260518_tiled1024_safe_no_ok_position_policy_top3_shorttrain\policies\diag_policy_002\dataset_builder\final_dataset\images\val\2025-09-17-06-11-12ps5_NGyuan_tile_0007.jpg: 1024x1024 1 OK2, 1 OK3, 1 , 24.0ms
image 516/677 E:\TJGY\MinPaper\MyAutoAugument\outputs\experiments\20260518_tiled1024_safe_no_ok_position_policy_top3_shorttrain\policies\diag_policy_002\dataset_builder\final_dataset\images\val\2025-09-17-06-11-12ps5_NGyuan_tile_0012.jpg: 1024x1024 1 OK2, 1 OK3, 24.1ms
image 517/677 E:\TJGY\MinPaper\MyAutoAugument\outputs\experiments\20260518_tiled1024_safe_no_ok_position_policy_top3_shorttrain\policies\diag_policy_002\dataset_builder\final_dataset\images\val\2025-09-23-01-12-21ps5_NGyuan_tile_0000.jpg: 1024x1024 1 , 24.0ms
image 518/677 E:\TJGY\MinPaper\MyAutoAugument\outputs\experiments\20260518_tiled1024_safe_no_ok_position_policy_top3_shorttrain\policies\diag_policy_002\dataset_builder\final_dataset\images\val\2025-09-23-01-12-21ps5_NGyuan_tile_0001.jpg: 1024x1024 1 , 23.9ms
image 519/677 E:\TJGY\MinPaper\MyAutoAugument\outputs\experiments\20260518_tiled1024_safe_no_ok_position_policy_top3_shorttrain\policies\diag_policy_002\dataset_builder\final_dataset\images\val\2025-09-23-01-12-21ps5_NGyuan_tile_0007.jpg: 1024x1024 1 OK2, 1 OK3, 22.9ms
image 520/677 E:\TJGY\MinPaper\MyAutoAugument\outputs\experiments\20260518_tiled1024_safe_no_ok_position_policy_top3_shorttrain\policies\diag_policy_002\dataset_builder\final_dataset\images\val\2025-09-23-01-12-21ps5_NGyuan_tile_0008.jpg: 1024x1024 (no detections), 22.9ms
image 521/677 E:\TJGY\MinPaper\MyAutoAugument\outputs\experiments\20260518_tiled1024_safe_no_ok_position_policy_top3_shorttrain\policies\diag_policy_002\dataset_builder\final_dataset\images\val\2025-09-23-01-12-21ps5_NGyuan_tile_0012.jpg: 1024x1024 1 OK2, 1 OK3, 23.5ms
image 522/677 E:\TJGY\MinPaper\MyAutoAugument\outputs\experiments\20260518_tiled1024_safe_no_ok_position_policy_top3_shorttrain\policies\diag_policy_002\dataset_builder\final_dataset\images\val\2025-09-23-12-23-50ps5_NGyuan_tile_0005.jpg: 1024x1024 (no detections), 24.1ms
image 523/677 E:\TJGY\MinPaper\MyAutoAugument\outputs\experiments\20260518_tiled1024_safe_no_ok_position_policy_top3_shorttrain\policies\diag_policy_002\dataset_builder\final_dataset\images\val\2025-09-23-12-23-50ps5_NGyuan_tile_0007.jpg: 1024x1024 1 OK2, 1 OK3, 22.9ms
image 524/677 E:\TJGY\MinPaper\MyAutoAugument\outputs\experiments\20260518_tiled1024_safe_no_ok_position_policy_top3_shorttrain\policies\diag_policy_002\dataset_builder\final_dataset\images\val\2025-09-23-12-23-50ps5_NGyuan_tile_0008.jpg: 1024x1024 1 , 22.9ms
image 525/677 E:\TJGY\MinPaper\MyAutoAugument\outputs\experiments\20260518_tiled1024_safe_no_ok_position_policy_top3_shorttrain\policies\diag_policy_002\dataset_builder\final_dataset\images\val\2025-09-23-12-23-50ps5_NGyuan_tile_0009.jpg: 1024x1024 1 , 22.9ms
image 526/677 E:\TJGY\MinPaper\MyAutoAugument\outputs\experiments\20260518_tiled1024_safe_no_ok_position_policy_top3_shorttrain\policies\diag_policy_002\dataset_builder\final_dataset\images\val\2025-09-23-12-23-50ps5_NGyuan_tile_0012.jpg: 1024x1024 1 OK2, 1 OK3, 22.9ms
image 527/677 E:\TJGY\MinPaper\MyAutoAugument\outputs\experiments\20260518_tiled1024_safe_no_ok_position_policy_top3_shorttrain\policies\diag_policy_002\dataset_builder\final_dataset\images\val\2025-09-23-12-23-50ps5_NGyuan_tile_0013.jpg: 1024x1024 1 , 22.9ms
image 528/677 E:\TJGY\MinPaper\MyAutoAugument\outputs\experiments\20260518_tiled1024_safe_no_ok_position_policy_top3_shorttrain\policies\diag_policy_002\dataset_builder\final_dataset\images\val\2025-09-23-12-23-50ps5_NGyuan_tile_0014.jpg: 1024x1024 1 , 22.9ms
image 529/677 E:\TJGY\MinPaper\MyAutoAugument\outputs\experiments\20260518_tiled1024_safe_no_ok_position_policy_top3_shorttrain\policies\diag_policy_002\dataset_builder\final_dataset\images\val\2025-10-11-06-43-38ps5_tile_0004.jpg: 1024x1024 (no detections), 22.9ms
image 530/677 E:\TJGY\MinPaper\MyAutoAugument\outputs\experiments\20260518_tiled1024_safe_no_ok_position_policy_top3_shorttrain\policies\diag_policy_002\dataset_builder\final_dataset\images\val\2025-10-11-06-43-38ps5_tile_0007.jpg: 1024x1024 1 OK2, 1 OK3, 24.0ms
image 531/677 E:\TJGY\MinPaper\MyAutoAugument\outputs\experiments\20260518_tiled1024_safe_no_ok_position_policy_top3_shorttrain\policies\diag_policy_002\dataset_builder\final_dataset\images\val\2025-10-11-06-43-38ps5_tile_0008.jpg: 1024x1024 1 OK2, 1 OK3, 24.0ms
image 532/677 E:\TJGY\MinPaper\MyAutoAugument\outputs\experiments\20260518_tiled1024_safe_no_ok_position_policy_top3_shorttrain\policies\diag_policy_002\dataset_builder\final_dataset\images\val\2025-10-11-06-43-38ps5_tile_0009.jpg: 1024x1024 (no detections), 24.0ms
image 533/677 E:\TJGY\MinPaper\MyAutoAugument\outputs\experiments\20260518_tiled1024_safe_no_ok_position_policy_top3_shorttrain\policies\diag_policy_002\dataset_builder\final_dataset\images\val\2025-10-11-06-43-38ps5_tile_0011.jpg: 1024x1024 (no detections), 23.8ms
image 534/677 E:\TJGY\MinPaper\MyAutoAugument\outputs\experiments\20260518_tiled1024_safe_no_ok_position_policy_top3_shorttrain\policies\diag_policy_002\dataset_builder\final_dataset\images\val\2025-10-11-06-43-38ps5_tile_0012.jpg: 1024x1024 1 OK2, 1 OK3, 23.6ms
image 535/677 E:\TJGY\MinPaper\MyAutoAugument\outputs\experiments\20260518_tiled1024_safe_no_ok_position_policy_top3_shorttrain\policies\diag_policy_002\dataset_builder\final_dataset\images\val\2025-10-11-06-43-38ps5_tile_0013.jpg: 1024x1024 1 OK2, 1 OK3, 24.3ms
image 536/677 E:\TJGY\MinPaper\MyAutoAugument\outputs\experiments\20260518_tiled1024_safe_no_ok_position_policy_top3_shorttrain\policies\diag_policy_002\dataset_builder\final_dataset\images\val\2025-10-11-06-43-38ps5_tile_0014.jpg: 1024x1024 (no detections), 23.6ms
image 537/677 E:\TJGY\MinPaper\MyAutoAugument\outputs\experiments\20260518_tiled1024_safe_no_ok_position_policy_top3_shorttrain\policies\diag_policy_002\dataset_builder\final_dataset\images\val\2025-10-11-09-09-17ps5_NGyuan_tile_0001.jpg: 1024x1024 1 , 24.6ms
image 538/677 E:\TJGY\MinPaper\MyAutoAugument\outputs\experiments\20260518_tiled1024_safe_no_ok_position_policy_top3_shorttrain\policies\diag_policy_002\dataset_builder\final_dataset\images\val\2025-10-11-09-09-17ps5_NGyuan_tile_0007.jpg: 1024x1024 1 OK2, 1 OK3, 23.6ms
image 539/677 E:\TJGY\MinPaper\MyAutoAugument\outputs\experiments\20260518_tiled1024_safe_no_ok_position_policy_top3_shorttrain\policies\diag_policy_002\dataset_builder\final_dataset\images\val\2025-10-11-09-09-17ps5_NGyuan_tile_0012.jpg: 1024x1024 1 OK2, 1 OK3, 25.3ms
image 540/677 E:\TJGY\MinPaper\MyAutoAugument\outputs\experiments\20260518_tiled1024_safe_no_ok_position_policy_top3_shorttrain\policies\diag_policy_002\dataset_builder\final_dataset\images\val\2025-10-16-04-10-48ps5_NGyuan_tile_0005.jpg: 1024x1024 (no detections), 23.7ms
image 541/677 E:\TJGY\MinPaper\MyAutoAugument\outputs\experiments\20260518_tiled1024_safe_no_ok_position_policy_top3_shorttrain\policies\diag_policy_002\dataset_builder\final_dataset\images\val\2025-10-16-04-10-48ps5_NGyuan_tile_0007.jpg: 1024x1024 1 OK2, 1 OK3, 24.9ms
image 542/677 E:\TJGY\MinPaper\MyAutoAugument\outputs\experiments\20260518_tiled1024_safe_no_ok_position_policy_top3_shorttrain\policies\diag_policy_002\dataset_builder\final_dataset\images\val\2025-10-16-04-10-48ps5_NGyuan_tile_0008.jpg: 1024x1024 (no detections), 24.9ms
image 543/677 E:\TJGY\MinPaper\MyAutoAugument\outputs\experiments\20260518_tiled1024_safe_no_ok_position_policy_top3_shorttrain\policies\diag_policy_002\dataset_builder\final_dataset\images\val\2025-10-16-04-10-48ps5_NGyuan_tile_0012.jpg: 1024x1024 1 OK2, 1 OK3, 24.7ms
image 544/677 E:\TJGY\MinPaper\MyAutoAugument\outputs\experiments\20260518_tiled1024_safe_no_ok_position_policy_top3_shorttrain\policies\diag_policy_002\dataset_builder\final_dataset\images\val\2025-10-16-08-08-26ps5_NGyuan_tile_0001.jpg: 1024x1024 (no detections), 25.7ms
image 545/677 E:\TJGY\MinPaper\MyAutoAugument\outputs\experiments\20260518_tiled1024_safe_no_ok_position_policy_top3_shorttrain\policies\diag_policy_002\dataset_builder\final_dataset\images\val\2025-10-16-08-08-26ps5_NGyuan_tile_0002.jpg: 1024x1024 1 , 23.7ms
image 546/677 E:\TJGY\MinPaper\MyAutoAugument\outputs\experiments\20260518_tiled1024_safe_no_ok_position_policy_top3_shorttrain\policies\diag_policy_002\dataset_builder\final_dataset\images\val\2025-10-16-08-08-26ps5_NGyuan_tile_0006.jpg: 1024x1024 (no detections), 26.5ms
image 547/677 E:\TJGY\MinPaper\MyAutoAugument\outputs\experiments\20260518_tiled1024_safe_no_ok_position_policy_top3_shorttrain\policies\diag_policy_002\dataset_builder\final_dataset\images\val\2025-10-16-08-08-26ps5_NGyuan_tile_0007.jpg: 1024x1024 1 OK2, 1 OK3, 24.4ms
image 548/677 E:\TJGY\MinPaper\MyAutoAugument\outputs\experiments\20260518_tiled1024_safe_no_ok_position_policy_top3_shorttrain\policies\diag_policy_002\dataset_builder\final_dataset\images\val\2025-10-16-08-08-26ps5_NGyuan_tile_0012.jpg: 1024x1024 1 OK2, 1 OK3, 23.7ms
image 549/677 E:\TJGY\MinPaper\MyAutoAugument\outputs\experiments\20260518_tiled1024_safe_no_ok_position_policy_top3_shorttrain\policies\diag_policy_002\dataset_builder\final_dataset\images\val\2025-10-17-13-38-05ps5_NGyuan_tile_0001.jpg: 1024x1024 1 , 23.8ms
image 550/677 E:\TJGY\MinPaper\MyAutoAugument\outputs\experiments\20260518_tiled1024_safe_no_ok_position_policy_top3_shorttrain\policies\diag_policy_002\dataset_builder\final_dataset\images\val\2025-10-17-13-38-05ps5_NGyuan_tile_0002.jpg: 1024x1024 (no detections), 26.8ms
image 551/677 E:\TJGY\MinPaper\MyAutoAugument\outputs\experiments\20260518_tiled1024_safe_no_ok_position_policy_top3_shorttrain\policies\diag_policy_002\dataset_builder\final_dataset\images\val\2025-10-17-13-38-05ps5_NGyuan_tile_0007.jpg: 1024x1024 1 OK2, 1 OK3, 25.5ms
image 552/677 E:\TJGY\MinPaper\MyAutoAugument\outputs\experiments\20260518_tiled1024_safe_no_ok_position_policy_top3_shorttrain\policies\diag_policy_002\dataset_builder\final_dataset\images\val\2025-10-17-13-38-05ps5_NGyuan_tile_0008.jpg: 1024x1024 1 OK2, 1 OK3, 25.5ms
image 553/677 E:\TJGY\MinPaper\MyAutoAugument\outputs\experiments\20260518_tiled1024_safe_no_ok_position_policy_top3_shorttrain\policies\diag_policy_002\dataset_builder\final_dataset\images\val\2025-10-17-13-38-05ps5_NGyuan_tile_0012.jpg: 1024x1024 1 OK2, 1 OK3, 25.9ms
image 554/677 E:\TJGY\MinPaper\MyAutoAugument\outputs\experiments\20260518_tiled1024_safe_no_ok_position_policy_top3_shorttrain\policies\diag_policy_002\dataset_builder\final_dataset\images\val\2025-10-17-13-38-05ps5_NGyuan_tile_0013.jpg: 1024x1024 1 OK2, 24.5ms
image 555/677 E:\TJGY\MinPaper\MyAutoAugument\outputs\experiments\20260518_tiled1024_safe_no_ok_position_policy_top3_shorttrain\policies\diag_policy_002\dataset_builder\final_dataset\images\val\2025-10-17-15-21-16ps5_NGyuan_tile_0001.jpg: 1024x1024 1 , 24.4ms
image 556/677 E:\TJGY\MinPaper\MyAutoAugument\outputs\experiments\20260518_tiled1024_safe_no_ok_position_policy_top3_shorttrain\policies\diag_policy_002\dataset_builder\final_dataset\images\val\2025-10-17-15-21-16ps5_NGyuan_tile_0002.jpg: 1024x1024 1 , 25.7ms
image 557/677 E:\TJGY\MinPaper\MyAutoAugument\outputs\experiments\20260518_tiled1024_safe_no_ok_position_policy_top3_shorttrain\policies\diag_policy_002\dataset_builder\final_dataset\images\val\2025-10-17-15-21-16ps5_NGyuan_tile_0004.jpg: 1024x1024 (no detections), 25.9ms
image 558/677 E:\TJGY\MinPaper\MyAutoAugument\outputs\experiments\20260518_tiled1024_safe_no_ok_position_policy_top3_shorttrain\policies\diag_policy_002\dataset_builder\final_dataset\images\val\2025-10-17-15-21-16ps5_NGyuan_tile_0005.jpg: 1024x1024 (no detections), 26.0ms
image 559/677 E:\TJGY\MinPaper\MyAutoAugument\outputs\experiments\20260518_tiled1024_safe_no_ok_position_policy_top3_shorttrain\policies\diag_policy_002\dataset_builder\final_dataset\images\val\2025-10-17-15-21-16ps5_NGyuan_tile_0006.jpg: 1024x1024 1 , 25.8ms
image 560/677 E:\TJGY\MinPaper\MyAutoAugument\outputs\experiments\20260518_tiled1024_safe_no_ok_position_policy_top3_shorttrain\policies\diag_policy_002\dataset_builder\final_dataset\images\val\2025-10-17-15-21-16ps5_NGyuan_tile_0007.jpg: 1024x1024 1 OK2, 1 OK3, 27.5ms
image 561/677 E:\TJGY\MinPaper\MyAutoAugument\outputs\experiments\20260518_tiled1024_safe_no_ok_position_policy_top3_shorttrain\policies\diag_policy_002\dataset_builder\final_dataset\images\val\2025-10-17-15-21-16ps5_NGyuan_tile_0008.jpg: 1024x1024 2 s, 25.9ms
image 562/677 E:\TJGY\MinPaper\MyAutoAugument\outputs\experiments\20260518_tiled1024_safe_no_ok_position_policy_top3_shorttrain\policies\diag_policy_002\dataset_builder\final_dataset\images\val\2025-10-17-15-21-16ps5_NGyuan_tile_0009.jpg: 1024x1024 3 s, 25.9ms
image 563/677 E:\TJGY\MinPaper\MyAutoAugument\outputs\experiments\20260518_tiled1024_safe_no_ok_position_policy_top3_shorttrain\policies\diag_policy_002\dataset_builder\final_dataset\images\val\2025-10-17-15-21-16ps5_NGyuan_tile_0010.jpg: 1024x1024 (no detections), 25.9ms
image 564/677 E:\TJGY\MinPaper\MyAutoAugument\outputs\experiments\20260518_tiled1024_safe_no_ok_position_policy_top3_shorttrain\policies\diag_policy_002\dataset_builder\final_dataset\images\val\2025-10-17-15-21-16ps5_NGyuan_tile_0011.jpg: 1024x1024 (no detections), 25.9ms
image 565/677 E:\TJGY\MinPaper\MyAutoAugument\outputs\experiments\20260518_tiled1024_safe_no_ok_position_policy_top3_shorttrain\policies\diag_policy_002\dataset_builder\final_dataset\images\val\2025-10-17-15-21-16ps5_NGyuan_tile_0012.jpg: 1024x1024 1 OK2, 1 OK3, 24.7ms
image 566/677 E:\TJGY\MinPaper\MyAutoAugument\outputs\experiments\20260518_tiled1024_safe_no_ok_position_policy_top3_shorttrain\policies\diag_policy_002\dataset_builder\final_dataset\images\val\2025-10-17-15-21-16ps5_NGyuan_tile_0013.jpg: 1024x1024 2 s, 26.7ms
image 567/677 E:\TJGY\MinPaper\MyAutoAugument\outputs\experiments\20260518_tiled1024_safe_no_ok_position_policy_top3_shorttrain\policies\diag_policy_002\dataset_builder\final_dataset\images\val\2025-10-17-15-21-16ps5_NGyuan_tile_0014.jpg: 1024x1024 2 s, 26.7ms
image 568/677 E:\TJGY\MinPaper\MyAutoAugument\outputs\experiments\20260518_tiled1024_safe_no_ok_position_policy_top3_shorttrain\policies\diag_policy_002\dataset_builder\final_dataset\images\val\2025-10-18-18-56-59ps5_tile_0006.jpg: 1024x1024 (no detections), 26.7ms
image 569/677 E:\TJGY\MinPaper\MyAutoAugument\outputs\experiments\20260518_tiled1024_safe_no_ok_position_policy_top3_shorttrain\policies\diag_policy_002\dataset_builder\final_dataset\images\val\2025-10-18-18-56-59ps5_tile_0007.jpg: 1024x1024 1 OK2, 1 OK3, 24.7ms
image 570/677 E:\TJGY\MinPaper\MyAutoAugument\outputs\experiments\20260518_tiled1024_safe_no_ok_position_policy_top3_shorttrain\policies\diag_policy_002\dataset_builder\final_dataset\images\val\2025-10-18-18-56-59ps5_tile_0012.jpg: 1024x1024 1 OK2, 1 OK3, 25.9ms
image 571/677 E:\TJGY\MinPaper\MyAutoAugument\outputs\experiments\20260518_tiled1024_safe_no_ok_position_policy_top3_shorttrain\policies\diag_policy_002\dataset_builder\final_dataset\images\val\2025-10-20-08-34-23ps5_NGyuan_tile_0007.jpg: 1024x1024 1 OK2, 1 OK3, 25.9ms
image 572/677 E:\TJGY\MinPaper\MyAutoAugument\outputs\experiments\20260518_tiled1024_safe_no_ok_position_policy_top3_shorttrain\policies\diag_policy_002\dataset_builder\final_dataset\images\val\2025-10-20-08-34-23ps5_NGyuan_tile_0009.jpg: 1024x1024 (no detections), 25.6ms
image 573/677 E:\TJGY\MinPaper\MyAutoAugument\outputs\experiments\20260518_tiled1024_safe_no_ok_position_policy_top3_shorttrain\policies\diag_policy_002\dataset_builder\final_dataset\images\val\2025-10-20-08-34-23ps5_NGyuan_tile_0012.jpg: 1024x1024 1 OK2, 1 OK3, 28.8ms
image 574/677 E:\TJGY\MinPaper\MyAutoAugument\outputs\experiments\20260518_tiled1024_safe_no_ok_position_policy_top3_shorttrain\policies\diag_policy_002\dataset_builder\final_dataset\images\val\2025-10-20-09-22-29ps5_NGyuan_tile_0007.jpg: 1024x1024 1 OK2, 1 OK3, 26.0ms
image 575/677 E:\TJGY\MinPaper\MyAutoAugument\outputs\experiments\20260518_tiled1024_safe_no_ok_position_policy_top3_shorttrain\policies\diag_policy_002\dataset_builder\final_dataset\images\val\2025-10-20-09-22-29ps5_NGyuan_tile_0012.jpg: 1024x1024 1 OK2, 1 OK3, 25.7ms
image 576/677 E:\TJGY\MinPaper\MyAutoAugument\outputs\experiments\20260518_tiled1024_safe_no_ok_position_policy_top3_shorttrain\policies\diag_policy_002\dataset_builder\final_dataset\images\val\2025-10-22-11-39-50ps5_NGyuan_tile_0002.jpg: 1024x1024 1 , 24.7ms
image 577/677 E:\TJGY\MinPaper\MyAutoAugument\outputs\experiments\20260518_tiled1024_safe_no_ok_position_policy_top3_shorttrain\policies\diag_policy_002\dataset_builder\final_dataset\images\val\2025-10-22-11-39-50ps5_NGyuan_tile_0007.jpg: 1024x1024 1 OK2, 25.6ms
image 578/677 E:\TJGY\MinPaper\MyAutoAugument\outputs\experiments\20260518_tiled1024_safe_no_ok_position_policy_top3_shorttrain\policies\diag_policy_002\dataset_builder\final_dataset\images\val\2025-10-22-11-39-50ps5_NGyuan_tile_0008.jpg: 1024x1024 (no detections), 26.0ms
image 579/677 E:\TJGY\MinPaper\MyAutoAugument\outputs\experiments\20260518_tiled1024_safe_no_ok_position_policy_top3_shorttrain\policies\diag_policy_002\dataset_builder\final_dataset\images\val\2025-10-22-11-39-50ps5_NGyuan_tile_0009.jpg: 1024x1024 1 , 24.8ms
image 580/677 E:\TJGY\MinPaper\MyAutoAugument\outputs\experiments\20260518_tiled1024_safe_no_ok_position_policy_top3_shorttrain\policies\diag_policy_002\dataset_builder\final_dataset\images\val\2025-10-22-11-39-50ps5_NGyuan_tile_0012.jpg: 1024x1024 1 OK2, 25.0ms
image 581/677 E:\TJGY\MinPaper\MyAutoAugument\outputs\experiments\20260518_tiled1024_safe_no_ok_position_policy_top3_shorttrain\policies\diag_policy_002\dataset_builder\final_dataset\images\val\2025-10-22-11-39-50ps5_NGyuan_tile_0013.jpg: 1024x1024 (no detections), 25.0ms
image 582/677 E:\TJGY\MinPaper\MyAutoAugument\outputs\experiments\20260518_tiled1024_safe_no_ok_position_policy_top3_shorttrain\policies\diag_policy_002\dataset_builder\final_dataset\images\val\2025-10-22-11-39-50ps5_NGyuan_tile_0014.jpg: 1024x1024 1 , 23.8ms
image 583/677 E:\TJGY\MinPaper\MyAutoAugument\outputs\experiments\20260518_tiled1024_safe_no_ok_position_policy_top3_shorttrain\policies\diag_policy_002\dataset_builder\final_dataset\images\val\2025-10-22-13-52-23ps5_NGyuan_tile_0000.jpg: 1024x1024 2 s, 23.8ms
image 584/677 E:\TJGY\MinPaper\MyAutoAugument\outputs\experiments\20260518_tiled1024_safe_no_ok_position_policy_top3_shorttrain\policies\diag_policy_002\dataset_builder\final_dataset\images\val\2025-10-22-13-52-23ps5_NGyuan_tile_0001.jpg: 1024x1024 1 , 24.5ms
image 585/677 E:\TJGY\MinPaper\MyAutoAugument\outputs\experiments\20260518_tiled1024_safe_no_ok_position_policy_top3_shorttrain\policies\diag_policy_002\dataset_builder\final_dataset\images\val\2025-10-22-13-52-23ps5_NGyuan_tile_0007.jpg: 1024x1024 1 OK2, 1 OK3, 24.9ms
image 586/677 E:\TJGY\MinPaper\MyAutoAugument\outputs\experiments\20260518_tiled1024_safe_no_ok_position_policy_top3_shorttrain\policies\diag_policy_002\dataset_builder\final_dataset\images\val\2025-10-22-13-52-23ps5_NGyuan_tile_0012.jpg: 1024x1024 1 OK2, 1 OK3, 24.7ms
image 587/677 E:\TJGY\MinPaper\MyAutoAugument\outputs\experiments\20260518_tiled1024_safe_no_ok_position_policy_top3_shorttrain\policies\diag_policy_002\dataset_builder\final_dataset\images\val\2025-10-22-13-52-23ps5_NGyuan_tile_0014.jpg: 1024x1024 (no detections), 24.6ms
image 588/677 E:\TJGY\MinPaper\MyAutoAugument\outputs\experiments\20260518_tiled1024_safe_no_ok_position_policy_top3_shorttrain\policies\diag_policy_002\dataset_builder\final_dataset\images\val\2025-10-28-09-16-11ps5_NGyuan_tile_0007.jpg: 1024x1024 1 OK2, 1 OK3, 23.6ms
image 589/677 E:\TJGY\MinPaper\MyAutoAugument\outputs\experiments\20260518_tiled1024_safe_no_ok_position_policy_top3_shorttrain\policies\diag_policy_002\dataset_builder\final_dataset\images\val\2025-10-28-09-16-11ps5_NGyuan_tile_0010.jpg: 1024x1024 1 , 23.6ms
image 590/677 E:\TJGY\MinPaper\MyAutoAugument\outputs\experiments\20260518_tiled1024_safe_no_ok_position_policy_top3_shorttrain\policies\diag_policy_002\dataset_builder\final_dataset\images\val\2025-10-28-09-16-11ps5_NGyuan_tile_0012.jpg: 1024x1024 1 OK2, 1 OK3, 24.6ms
image 591/677 E:\TJGY\MinPaper\MyAutoAugument\outputs\experiments\20260518_tiled1024_safe_no_ok_position_policy_top3_shorttrain\policies\diag_policy_002\dataset_builder\final_dataset\images\val\2025-10-31-03-46-08ps5_NGyuan_tile_0006.jpg: 1024x1024 1 , 24.8ms
image 592/677 E:\TJGY\MinPaper\MyAutoAugument\outputs\experiments\20260518_tiled1024_safe_no_ok_position_policy_top3_shorttrain\policies\diag_policy_002\dataset_builder\final_dataset\images\val\2025-10-31-03-46-08ps5_NGyuan_tile_0007.jpg: 1024x1024 1 OK2, 1 OK3, 24.7ms
image 593/677 E:\TJGY\MinPaper\MyAutoAugument\outputs\experiments\20260518_tiled1024_safe_no_ok_position_policy_top3_shorttrain\policies\diag_policy_002\dataset_builder\final_dataset\images\val\2025-10-31-03-46-08ps5_NGyuan_tile_0011.jpg: 1024x1024 1 , 24.6ms
image 594/677 E:\TJGY\MinPaper\MyAutoAugument\outputs\experiments\20260518_tiled1024_safe_no_ok_position_policy_top3_shorttrain\policies\diag_policy_002\dataset_builder\final_dataset\images\val\2025-10-31-03-46-08ps5_NGyuan_tile_0012.jpg: 1024x1024 1 OK2, 1 OK3, 24.7ms
image 595/677 E:\TJGY\MinPaper\MyAutoAugument\outputs\experiments\20260518_tiled1024_safe_no_ok_position_policy_top3_shorttrain\policies\diag_policy_002\dataset_builder\final_dataset\images\val\2025-11-01-14-42-20ps5_NGyuan_tile_0001.jpg: 1024x1024 (no detections), 24.7ms
image 596/677 E:\TJGY\MinPaper\MyAutoAugument\outputs\experiments\20260518_tiled1024_safe_no_ok_position_policy_top3_shorttrain\policies\diag_policy_002\dataset_builder\final_dataset\images\val\2025-11-01-14-42-20ps5_NGyuan_tile_0002.jpg: 1024x1024 2 s, 24.6ms
image 597/677 E:\TJGY\MinPaper\MyAutoAugument\outputs\experiments\20260518_tiled1024_safe_no_ok_position_policy_top3_shorttrain\policies\diag_policy_002\dataset_builder\final_dataset\images\val\2025-11-01-14-42-20ps5_NGyuan_tile_0003.jpg: 1024x1024 (no detections), 24.1ms
image 598/677 E:\TJGY\MinPaper\MyAutoAugument\outputs\experiments\20260518_tiled1024_safe_no_ok_position_policy_top3_shorttrain\policies\diag_policy_002\dataset_builder\final_dataset\images\val\2025-11-01-14-42-20ps5_NGyuan_tile_0004.jpg: 1024x1024 (no detections), 23.6ms
image 599/677 E:\TJGY\MinPaper\MyAutoAugument\outputs\experiments\20260518_tiled1024_safe_no_ok_position_policy_top3_shorttrain\policies\diag_policy_002\dataset_builder\final_dataset\images\val\2025-11-01-14-42-20ps5_NGyuan_tile_0005.jpg: 1024x1024 1 , 23.6ms
image 600/677 E:\TJGY\MinPaper\MyAutoAugument\outputs\experiments\20260518_tiled1024_safe_no_ok_position_policy_top3_shorttrain\policies\diag_policy_002\dataset_builder\final_dataset\images\val\2025-11-01-14-42-20ps5_NGyuan_tile_0006.jpg: 1024x1024 (no detections), 23.6ms
image 601/677 E:\TJGY\MinPaper\MyAutoAugument\outputs\experiments\20260518_tiled1024_safe_no_ok_position_policy_top3_shorttrain\policies\diag_policy_002\dataset_builder\final_dataset\images\val\2025-11-01-14-42-20ps5_NGyuan_tile_0007.jpg: 1024x1024 1 OK2, 1 OK3, 1 , 24.5ms
image 602/677 E:\TJGY\MinPaper\MyAutoAugument\outputs\experiments\20260518_tiled1024_safe_no_ok_position_policy_top3_shorttrain\policies\diag_policy_002\dataset_builder\final_dataset\images\val\2025-11-01-14-42-20ps5_NGyuan_tile_0008.jpg: 1024x1024 1 , 1 , 24.6ms
image 603/677 E:\TJGY\MinPaper\MyAutoAugument\outputs\experiments\20260518_tiled1024_safe_no_ok_position_policy_top3_shorttrain\policies\diag_policy_002\dataset_builder\final_dataset\images\val\2025-11-01-14-42-20ps5_NGyuan_tile_0009.jpg: 1024x1024 1 , 1 , 24.5ms
image 604/677 E:\TJGY\MinPaper\MyAutoAugument\outputs\experiments\20260518_tiled1024_safe_no_ok_position_policy_top3_shorttrain\policies\diag_policy_002\dataset_builder\final_dataset\images\val\2025-11-01-14-42-20ps5_NGyuan_tile_0010.jpg: 1024x1024 1 , 27.2ms
image 605/677 E:\TJGY\MinPaper\MyAutoAugument\outputs\experiments\20260518_tiled1024_safe_no_ok_position_policy_top3_shorttrain\policies\diag_policy_002\dataset_builder\final_dataset\images\val\2025-11-01-14-42-20ps5_NGyuan_tile_0011.jpg: 1024x1024 (no detections), 23.6ms
image 606/677 E:\TJGY\MinPaper\MyAutoAugument\outputs\experiments\20260518_tiled1024_safe_no_ok_position_policy_top3_shorttrain\policies\diag_policy_002\dataset_builder\final_dataset\images\val\2025-11-01-14-42-20ps5_NGyuan_tile_0012.jpg: 1024x1024 1 OK2, 1 OK3, 1 , 24.0ms
image 607/677 E:\TJGY\MinPaper\MyAutoAugument\outputs\experiments\20260518_tiled1024_safe_no_ok_position_policy_top3_shorttrain\policies\diag_policy_002\dataset_builder\final_dataset\images\val\2025-11-01-14-42-20ps5_NGyuan_tile_0013.jpg: 1024x1024 1 , 1 , 24.3ms
image 608/677 E:\TJGY\MinPaper\MyAutoAugument\outputs\experiments\20260518_tiled1024_safe_no_ok_position_policy_top3_shorttrain\policies\diag_policy_002\dataset_builder\final_dataset\images\val\2025-11-01-14-42-20ps5_NGyuan_tile_0014.jpg: 1024x1024 1 , 1 , 26.0ms
image 609/677 E:\TJGY\MinPaper\MyAutoAugument\outputs\experiments\20260518_tiled1024_safe_no_ok_position_policy_top3_shorttrain\policies\diag_policy_002\dataset_builder\final_dataset\images\val\2025-11-09-12-20-51ps5_NGyuan_tile_0007.jpg: 1024x1024 1 OK2, 1 OK3, 24.8ms
image 610/677 E:\TJGY\MinPaper\MyAutoAugument\outputs\experiments\20260518_tiled1024_safe_no_ok_position_policy_top3_shorttrain\policies\diag_policy_002\dataset_builder\final_dataset\images\val\2025-11-09-12-20-51ps5_NGyuan_tile_0012.jpg: 1024x1024 1 OK2, 1 OK3, 24.9ms
image 611/677 E:\TJGY\MinPaper\MyAutoAugument\outputs\experiments\20260518_tiled1024_safe_no_ok_position_policy_top3_shorttrain\policies\diag_policy_002\dataset_builder\final_dataset\images\val\2025-11-12-03-43-52ps5_NGyuan_tile_0007.jpg: 1024x1024 1 OK2, 1 OK3, 24.7ms
image 612/677 E:\TJGY\MinPaper\MyAutoAugument\outputs\experiments\20260518_tiled1024_safe_no_ok_position_policy_top3_shorttrain\policies\diag_policy_002\dataset_builder\final_dataset\images\val\2025-11-12-03-43-52ps5_NGyuan_tile_0012.jpg: 1024x1024 1 OK2, 1 OK3, 26.7ms
image 613/677 E:\TJGY\MinPaper\MyAutoAugument\outputs\experiments\20260518_tiled1024_safe_no_ok_position_policy_top3_shorttrain\policies\diag_policy_002\dataset_builder\final_dataset\images\val\2025-11-12-03-43-52ps5_NGyuan_tile_0014.jpg: 1024x1024 (no detections), 23.6ms
image 614/677 E:\TJGY\MinPaper\MyAutoAugument\outputs\experiments\20260518_tiled1024_safe_no_ok_position_policy_top3_shorttrain\policies\diag_policy_002\dataset_builder\final_dataset\images\val\2025-11-12-13-05-34ps5_NGyuan_tile_0002.jpg: 1024x1024 1 , 23.6ms
image 615/677 E:\TJGY\MinPaper\MyAutoAugument\outputs\experiments\20260518_tiled1024_safe_no_ok_position_policy_top3_shorttrain\policies\diag_policy_002\dataset_builder\final_dataset\images\val\2025-11-12-13-05-34ps5_NGyuan_tile_0006.jpg: 1024x1024 (no detections), 24.7ms
image 616/677 E:\TJGY\MinPaper\MyAutoAugument\outputs\experiments\20260518_tiled1024_safe_no_ok_position_policy_top3_shorttrain\policies\diag_policy_002\dataset_builder\final_dataset\images\val\2025-11-12-13-05-34ps5_NGyuan_tile_0007.jpg: 1024x1024 1 OK2, 1 OK3, 23.6ms
image 617/677 E:\TJGY\MinPaper\MyAutoAugument\outputs\experiments\20260518_tiled1024_safe_no_ok_position_policy_top3_shorttrain\policies\diag_policy_002\dataset_builder\final_dataset\images\val\2025-11-12-13-05-34ps5_NGyuan_tile_0011.jpg: 1024x1024 (no detections), 23.5ms
image 618/677 E:\TJGY\MinPaper\MyAutoAugument\outputs\experiments\20260518_tiled1024_safe_no_ok_position_policy_top3_shorttrain\policies\diag_policy_002\dataset_builder\final_dataset\images\val\2025-11-12-13-05-34ps5_NGyuan_tile_0012.jpg: 1024x1024 1 OK2, 1 OK3, 23.6ms
image 619/677 E:\TJGY\MinPaper\MyAutoAugument\outputs\experiments\20260518_tiled1024_safe_no_ok_position_policy_top3_shorttrain\policies\diag_policy_002\dataset_builder\final_dataset\images\val\2025-11-12-13-05-34ps5_NGyuan_tile_0014.jpg: 1024x1024 (no detections), 23.5ms
image 620/677 E:\TJGY\MinPaper\MyAutoAugument\outputs\experiments\20260518_tiled1024_safe_no_ok_position_policy_top3_shorttrain\policies\diag_policy_002\dataset_builder\final_dataset\images\val\2025-11-12-14-20-56ps5_NGyuan_tile_0001.jpg: 1024x1024 1 , 24.8ms
image 621/677 E:\TJGY\MinPaper\MyAutoAugument\outputs\experiments\20260518_tiled1024_safe_no_ok_position_policy_top3_shorttrain\policies\diag_policy_002\dataset_builder\final_dataset\images\val\2025-11-12-14-20-56ps5_NGyuan_tile_0002.jpg: 1024x1024 1 , 24.9ms
image 622/677 E:\TJGY\MinPaper\MyAutoAugument\outputs\experiments\20260518_tiled1024_safe_no_ok_position_policy_top3_shorttrain\policies\diag_policy_002\dataset_builder\final_dataset\images\val\2025-11-12-14-20-56ps5_NGyuan_tile_0007.jpg: 1024x1024 1 OK2, 1 OK3, 26.4ms
image 623/677 E:\TJGY\MinPaper\MyAutoAugument\outputs\experiments\20260518_tiled1024_safe_no_ok_position_policy_top3_shorttrain\policies\diag_policy_002\dataset_builder\final_dataset\images\val\2025-11-12-14-20-56ps5_NGyuan_tile_0010.jpg: 1024x1024 (no detections), 25.0ms
image 624/677 E:\TJGY\MinPaper\MyAutoAugument\outputs\experiments\20260518_tiled1024_safe_no_ok_position_policy_top3_shorttrain\policies\diag_policy_002\dataset_builder\final_dataset\images\val\2025-11-12-14-20-56ps5_NGyuan_tile_0012.jpg: 1024x1024 1 OK2, 1 OK3, 23.7ms
image 625/677 E:\TJGY\MinPaper\MyAutoAugument\outputs\experiments\20260518_tiled1024_safe_no_ok_position_policy_top3_shorttrain\policies\diag_policy_002\dataset_builder\final_dataset\images\val\2025-11-12-16-33-42ps5_NGyuan_tile_0001.jpg: 1024x1024 1 , 25.6ms
image 626/677 E:\TJGY\MinPaper\MyAutoAugument\outputs\experiments\20260518_tiled1024_safe_no_ok_position_policy_top3_shorttrain\policies\diag_policy_002\dataset_builder\final_dataset\images\val\2025-11-12-16-33-42ps5_NGyuan_tile_0006.jpg: 1024x1024 1 , 24.8ms
image 627/677 E:\TJGY\MinPaper\MyAutoAugument\outputs\experiments\20260518_tiled1024_safe_no_ok_position_policy_top3_shorttrain\policies\diag_policy_002\dataset_builder\final_dataset\images\val\2025-11-12-16-33-42ps5_NGyuan_tile_0007.jpg: 1024x1024 1 OK2, 1 OK3, 24.6ms
image 628/677 E:\TJGY\MinPaper\MyAutoAugument\outputs\experiments\20260518_tiled1024_safe_no_ok_position_policy_top3_shorttrain\policies\diag_policy_002\dataset_builder\final_dataset\images\val\2025-11-12-16-33-42ps5_NGyuan_tile_0012.jpg: 1024x1024 1 OK2, 1 OK3, 24.7ms
image 629/677 E:\TJGY\MinPaper\MyAutoAugument\outputs\experiments\20260518_tiled1024_safe_no_ok_position_policy_top3_shorttrain\policies\diag_policy_002\dataset_builder\final_dataset\images\val\2025-11-12-16-33-42ps5_NGyuan_tile_0013.jpg: 1024x1024 (no detections), 24.6ms
image 630/677 E:\TJGY\MinPaper\MyAutoAugument\outputs\experiments\20260518_tiled1024_safe_no_ok_position_policy_top3_shorttrain\policies\diag_policy_002\dataset_builder\final_dataset\images\val\2025-11-12-17-21-03ps5_NGyuan_tile_0007.jpg: 1024x1024 1 OK2, 1 OK3, 23.6ms
image 631/677 E:\TJGY\MinPaper\MyAutoAugument\outputs\experiments\20260518_tiled1024_safe_no_ok_position_policy_top3_shorttrain\policies\diag_policy_002\dataset_builder\final_dataset\images\val\2025-11-12-17-21-03ps5_NGyuan_tile_0012.jpg: 1024x1024 1 OK2, 1 OK3, 24.0ms
image 632/677 E:\TJGY\MinPaper\MyAutoAugument\outputs\experiments\20260518_tiled1024_safe_no_ok_position_policy_top3_shorttrain\policies\diag_policy_002\dataset_builder\final_dataset\images\val\2025-11-12-17-55-47ps5_NGyuan_tile_0001.jpg: 1024x1024 1 , 24.1ms
image 633/677 E:\TJGY\MinPaper\MyAutoAugument\outputs\experiments\20260518_tiled1024_safe_no_ok_position_policy_top3_shorttrain\policies\diag_policy_002\dataset_builder\final_dataset\images\val\2025-11-12-17-55-47ps5_NGyuan_tile_0006.jpg: 1024x1024 1 , 24.0ms
image 634/677 E:\TJGY\MinPaper\MyAutoAugument\outputs\experiments\20260518_tiled1024_safe_no_ok_position_policy_top3_shorttrain\policies\diag_policy_002\dataset_builder\final_dataset\images\val\2025-11-12-17-55-47ps5_NGyuan_tile_0007.jpg: 1024x1024 1 OK2, 1 OK3, 1 , 23.9ms
image 635/677 E:\TJGY\MinPaper\MyAutoAugument\outputs\experiments\20260518_tiled1024_safe_no_ok_position_policy_top3_shorttrain\policies\diag_policy_002\dataset_builder\final_dataset\images\val\2025-11-12-17-55-47ps5_NGyuan_tile_0011.jpg: 1024x1024 1 , 24.1ms
image 636/677 E:\TJGY\MinPaper\MyAutoAugument\outputs\experiments\20260518_tiled1024_safe_no_ok_position_policy_top3_shorttrain\policies\diag_policy_002\dataset_builder\final_dataset\images\val\2025-11-12-17-55-47ps5_NGyuan_tile_0012.jpg: 1024x1024 1 OK2, 1 OK3, 1 , 24.1ms
image 637/677 E:\TJGY\MinPaper\MyAutoAugument\outputs\experiments\20260518_tiled1024_safe_no_ok_position_policy_top3_shorttrain\policies\diag_policy_002\dataset_builder\final_dataset\images\val\2025-11-12-18-18-59ps5_NGyuan_tile_0007.jpg: 1024x1024 1 OK2, 1 OK3, 25.6ms
image 638/677 E:\TJGY\MinPaper\MyAutoAugument\outputs\experiments\20260518_tiled1024_safe_no_ok_position_policy_top3_shorttrain\policies\diag_policy_002\dataset_builder\final_dataset\images\val\2025-11-12-18-18-59ps5_NGyuan_tile_0008.jpg: 1024x1024 1 , 24.1ms
image 639/677 E:\TJGY\MinPaper\MyAutoAugument\outputs\experiments\20260518_tiled1024_safe_no_ok_position_policy_top3_shorttrain\policies\diag_policy_002\dataset_builder\final_dataset\images\val\2025-11-12-18-18-59ps5_NGyuan_tile_0009.jpg: 1024x1024 1 , 22.9ms
image 640/677 E:\TJGY\MinPaper\MyAutoAugument\outputs\experiments\20260518_tiled1024_safe_no_ok_position_policy_top3_shorttrain\policies\diag_policy_002\dataset_builder\final_dataset\images\val\2025-11-12-18-18-59ps5_NGyuan_tile_0010.jpg: 1024x1024 (no detections), 24.2ms
image 641/677 E:\TJGY\MinPaper\MyAutoAugument\outputs\experiments\20260518_tiled1024_safe_no_ok_position_policy_top3_shorttrain\policies\diag_policy_002\dataset_builder\final_dataset\images\val\2025-11-12-18-18-59ps5_NGyuan_tile_0012.jpg: 1024x1024 1 OK2, 1 OK3, 23.8ms
image 642/677 E:\TJGY\MinPaper\MyAutoAugument\outputs\experiments\20260518_tiled1024_safe_no_ok_position_policy_top3_shorttrain\policies\diag_policy_002\dataset_builder\final_dataset\images\val\2025-11-12-18-18-59ps5_NGyuan_tile_0013.jpg: 1024x1024 1 , 24.0ms
image 643/677 E:\TJGY\MinPaper\MyAutoAugument\outputs\experiments\20260518_tiled1024_safe_no_ok_position_policy_top3_shorttrain\policies\diag_policy_002\dataset_builder\final_dataset\images\val\2025-11-12-18-18-59ps5_NGyuan_tile_0014.jpg: 1024x1024 1 , 24.0ms
image 644/677 E:\TJGY\MinPaper\MyAutoAugument\outputs\experiments\20260518_tiled1024_safe_no_ok_position_policy_top3_shorttrain\policies\diag_policy_002\dataset_builder\final_dataset\images\val\2025-11-12-20-59-34ps5_NGyuan_tile_0006.jpg: 1024x1024 1 OK2, 1 OK3, 23.0ms
image 645/677 E:\TJGY\MinPaper\MyAutoAugument\outputs\experiments\20260518_tiled1024_safe_no_ok_position_policy_top3_shorttrain\policies\diag_policy_002\dataset_builder\final_dataset\images\val\2025-11-12-20-59-34ps5_NGyuan_tile_0011.jpg: 1024x1024 1 OK2, 1 OK3, 24.1ms
image 646/677 E:\TJGY\MinPaper\MyAutoAugument\outputs\experiments\20260518_tiled1024_safe_no_ok_position_policy_top3_shorttrain\policies\diag_policy_002\dataset_builder\final_dataset\images\val\2229344f-2025-05-09-18-28-13ps5_tile_0002.jpg: 1024x1024 (no detections), 24.0ms
image 647/677 E:\TJGY\MinPaper\MyAutoAugument\outputs\experiments\20260518_tiled1024_safe_no_ok_position_policy_top3_shorttrain\policies\diag_policy_002\dataset_builder\final_dataset\images\val\2229344f-2025-05-09-18-28-13ps5_tile_0006.jpg: 1024x1024 1 , 23.7ms
image 648/677 E:\TJGY\MinPaper\MyAutoAugument\outputs\experiments\20260518_tiled1024_safe_no_ok_position_policy_top3_shorttrain\policies\diag_policy_002\dataset_builder\final_dataset\images\val\2229344f-2025-05-09-18-28-13ps5_tile_0007.jpg: 1024x1024 1 , 1 , 22.9ms
image 649/677 E:\TJGY\MinPaper\MyAutoAugument\outputs\experiments\20260518_tiled1024_safe_no_ok_position_policy_top3_shorttrain\policies\diag_policy_002\dataset_builder\final_dataset\images\val\2229344f-2025-05-09-18-28-13ps5_tile_0008.jpg: 1024x1024 1 OK3, 22.9ms
image 650/677 E:\TJGY\MinPaper\MyAutoAugument\outputs\experiments\20260518_tiled1024_safe_no_ok_position_policy_top3_shorttrain\policies\diag_policy_002\dataset_builder\final_dataset\images\val\2229344f-2025-05-09-18-28-13ps5_tile_0011.jpg: 1024x1024 (no detections), 23.0ms
image 651/677 E:\TJGY\MinPaper\MyAutoAugument\outputs\experiments\20260518_tiled1024_safe_no_ok_position_policy_top3_shorttrain\policies\diag_policy_002\dataset_builder\final_dataset\images\val\2229344f-2025-05-09-18-28-13ps5_tile_0012.jpg: 1024x1024 1 , 22.9ms
image 652/677 E:\TJGY\MinPaper\MyAutoAugument\outputs\experiments\20260518_tiled1024_safe_no_ok_position_policy_top3_shorttrain\policies\diag_policy_002\dataset_builder\final_dataset\images\val\2229344f-2025-05-09-18-28-13ps5_tile_0013.jpg: 1024x1024 1 OK3, 23.0ms
image 653/677 E:\TJGY\MinPaper\MyAutoAugument\outputs\experiments\20260518_tiled1024_safe_no_ok_position_policy_top3_shorttrain\policies\diag_policy_002\dataset_builder\final_dataset\images\val\415ff74b-2025-04-13-11-31-12ps5_tile_0000.jpg: 1024x1024 (no detections), 24.5ms
image 654/677 E:\TJGY\MinPaper\MyAutoAugument\outputs\experiments\20260518_tiled1024_safe_no_ok_position_policy_top3_shorttrain\policies\diag_policy_002\dataset_builder\final_dataset\images\val\415ff74b-2025-04-13-11-31-12ps5_tile_0001.jpg: 1024x1024 1 , 24.6ms
image 655/677 E:\TJGY\MinPaper\MyAutoAugument\outputs\experiments\20260518_tiled1024_safe_no_ok_position_policy_top3_shorttrain\policies\diag_policy_002\dataset_builder\final_dataset\images\val\415ff74b-2025-04-13-11-31-12ps5_tile_0007.jpg: 1024x1024 2 s, 1 , 2 s, 24.5ms
image 656/677 E:\TJGY\MinPaper\MyAutoAugument\outputs\experiments\20260518_tiled1024_safe_no_ok_position_policy_top3_shorttrain\policies\diag_policy_002\dataset_builder\final_dataset\images\val\415ff74b-2025-04-13-11-31-12ps5_tile_0008.jpg: 1024x1024 1 OK3, 25.6ms
image 657/677 E:\TJGY\MinPaper\MyAutoAugument\outputs\experiments\20260518_tiled1024_safe_no_ok_position_policy_top3_shorttrain\policies\diag_policy_002\dataset_builder\final_dataset\images\val\415ff74b-2025-04-13-11-31-12ps5_tile_0012.jpg: 1024x1024 3 s, 1 , 2 s, 26.7ms
image 658/677 E:\TJGY\MinPaper\MyAutoAugument\outputs\experiments\20260518_tiled1024_safe_no_ok_position_policy_top3_shorttrain\policies\diag_policy_002\dataset_builder\final_dataset\images\val\415ff74b-2025-04-13-11-31-12ps5_tile_0013.jpg: 1024x1024 1 OK3, 25.9ms
image 659/677 E:\TJGY\MinPaper\MyAutoAugument\outputs\experiments\20260518_tiled1024_safe_no_ok_position_policy_top3_shorttrain\policies\diag_policy_002\dataset_builder\final_dataset\images\val\a91db891-2025-04-13-11-39-07ps5_tile_0002.jpg: 1024x1024 2 s, 26.4ms
image 660/677 E:\TJGY\MinPaper\MyAutoAugument\outputs\experiments\20260518_tiled1024_safe_no_ok_position_policy_top3_shorttrain\policies\diag_policy_002\dataset_builder\final_dataset\images\val\a91db891-2025-04-13-11-39-07ps5_tile_0003.jpg: 1024x1024 (no detections), 26.7ms
image 661/677 E:\TJGY\MinPaper\MyAutoAugument\outputs\experiments\20260518_tiled1024_safe_no_ok_position_policy_top3_shorttrain\policies\diag_policy_002\dataset_builder\final_dataset\images\val\a91db891-2025-04-13-11-39-07ps5_tile_0004.jpg: 1024x1024 (no detections), 26.7ms
image 662/677 E:\TJGY\MinPaper\MyAutoAugument\outputs\experiments\20260518_tiled1024_safe_no_ok_position_policy_top3_shorttrain\policies\diag_policy_002\dataset_builder\final_dataset\images\val\a91db891-2025-04-13-11-39-07ps5_tile_0005.jpg: 1024x1024 1 , 27.1ms
image 663/677 E:\TJGY\MinPaper\MyAutoAugument\outputs\experiments\20260518_tiled1024_safe_no_ok_position_policy_top3_shorttrain\policies\diag_policy_002\dataset_builder\final_dataset\images\val\a91db891-2025-04-13-11-39-07ps5_tile_0006.jpg: 1024x1024 (no detections), 27.0ms
image 664/677 E:\TJGY\MinPaper\MyAutoAugument\outputs\experiments\20260518_tiled1024_safe_no_ok_position_policy_top3_shorttrain\policies\diag_policy_002\dataset_builder\final_dataset\images\val\a91db891-2025-04-13-11-39-07ps5_tile_0007.jpg: 1024x1024 2 s, 1 , 27.2ms
image 665/677 E:\TJGY\MinPaper\MyAutoAugument\outputs\experiments\20260518_tiled1024_safe_no_ok_position_policy_top3_shorttrain\policies\diag_policy_002\dataset_builder\final_dataset\images\val\a91db891-2025-04-13-11-39-07ps5_tile_0008.jpg: 1024x1024 1 OK3, 27.8ms
image 666/677 E:\TJGY\MinPaper\MyAutoAugument\outputs\experiments\20260518_tiled1024_safe_no_ok_position_policy_top3_shorttrain\policies\diag_policy_002\dataset_builder\final_dataset\images\val\a91db891-2025-04-13-11-39-07ps5_tile_0009.jpg: 1024x1024 (no detections), 25.9ms
image 667/677 E:\TJGY\MinPaper\MyAutoAugument\outputs\experiments\20260518_tiled1024_safe_no_ok_position_policy_top3_shorttrain\policies\diag_policy_002\dataset_builder\final_dataset\images\val\a91db891-2025-04-13-11-39-07ps5_tile_0010.jpg: 1024x1024 1 , 25.9ms
image 668/677 E:\TJGY\MinPaper\MyAutoAugument\outputs\experiments\20260518_tiled1024_safe_no_ok_position_policy_top3_shorttrain\policies\diag_policy_002\dataset_builder\final_dataset\images\val\a91db891-2025-04-13-11-39-07ps5_tile_0011.jpg: 1024x1024 (no detections), 25.9ms
image 669/677 E:\TJGY\MinPaper\MyAutoAugument\outputs\experiments\20260518_tiled1024_safe_no_ok_position_policy_top3_shorttrain\policies\diag_policy_002\dataset_builder\final_dataset\images\val\a91db891-2025-04-13-11-39-07ps5_tile_0012.jpg: 1024x1024 2 s, 1 , 29.0ms
image 670/677 E:\TJGY\MinPaper\MyAutoAugument\outputs\experiments\20260518_tiled1024_safe_no_ok_position_policy_top3_shorttrain\policies\diag_policy_002\dataset_builder\final_dataset\images\val\a91db891-2025-04-13-11-39-07ps5_tile_0013.jpg: 1024x1024 1 OK3, 26.0ms
image 671/677 E:\TJGY\MinPaper\MyAutoAugument\outputs\experiments\20260518_tiled1024_safe_no_ok_position_policy_top3_shorttrain\policies\diag_policy_002\dataset_builder\final_dataset\images\val\a91db891-2025-04-13-11-39-07ps5_tile_0014.jpg: 1024x1024 (no detections), 24.7ms
image 672/677 E:\TJGY\MinPaper\MyAutoAugument\outputs\experiments\20260518_tiled1024_safe_no_ok_position_policy_top3_shorttrain\policies\diag_policy_002\dataset_builder\final_dataset\images\val\ce0d1787-2025-04-25-11-20-04ps5_NGyuan_tile_0002.jpg: 1024x1024 (no detections), 24.8ms
image 673/677 E:\TJGY\MinPaper\MyAutoAugument\outputs\experiments\20260518_tiled1024_safe_no_ok_position_policy_top3_shorttrain\policies\diag_policy_002\dataset_builder\final_dataset\images\val\ce0d1787-2025-04-25-11-20-04ps5_NGyuan_tile_0007.jpg: 1024x1024 1 , 25.9ms
image 674/677 E:\TJGY\MinPaper\MyAutoAugument\outputs\experiments\20260518_tiled1024_safe_no_ok_position_policy_top3_shorttrain\policies\diag_policy_002\dataset_builder\final_dataset\images\val\ce0d1787-2025-04-25-11-20-04ps5_NGyuan_tile_0008.jpg: 1024x1024 1 OK3, 25.9ms
image 675/677 E:\TJGY\MinPaper\MyAutoAugument\outputs\experiments\20260518_tiled1024_safe_no_ok_position_policy_top3_shorttrain\policies\diag_policy_002\dataset_builder\final_dataset\images\val\ce0d1787-2025-04-25-11-20-04ps5_NGyuan_tile_0011.jpg: 1024x1024 (no detections), 25.9ms
image 676/677 E:\TJGY\MinPaper\MyAutoAugument\outputs\experiments\20260518_tiled1024_safe_no_ok_position_policy_top3_shorttrain\policies\diag_policy_002\dataset_builder\final_dataset\images\val\ce0d1787-2025-04-25-11-20-04ps5_NGyuan_tile_0012.jpg: 1024x1024 (no detections), 25.9ms
image 677/677 E:\TJGY\MinPaper\MyAutoAugument\outputs\experiments\20260518_tiled1024_safe_no_ok_position_policy_top3_shorttrain\policies\diag_policy_002\dataset_builder\final_dataset\images\val\ce0d1787-2025-04-25-11-20-04ps5_NGyuan_tile_0013.jpg: 1024x1024 1 OK3, 25.9ms
Speed: 5.4ms preprocess, 23.3ms inference, 3.1ms postprocess per image at shape (1, 3, 1024, 1024)
Results saved to [1mE:\TJGY\MinPaper\MyAutoAugument\outputs\experiments\20260518_tiled1024_safe_no_ok_position_policy_top3_shorttrain\policies\diag_policy_002\diagnosis_prediction\predict_runs\pred[0m
526 labels saved to E:\TJGY\MinPaper\MyAutoAugument\outputs\experiments\20260518_tiled1024_safe_no_ok_position_policy_top3_shorttrain\policies\diag_policy_002\diagnosis_prediction\predict_runs\pred\labels
 Learn more at https://docs.ultralytics.com/modes/predict
